INFO: This file was generated by AlgTest utility. See http://www.fi.muni.cz/~xsvenda/jcsupport.html for more results, source codes and other details. 
Tested and provided by; Sophie;
Execution date/time; 2026/07/16 18:29:12;
AlgTestJClient version; 1.8.2;
AlgTest applet version; 1.8.2_jc304;
Used reader; HID Global OMNIKEY 3x21 Smart Card Reader [OMNIKEY 3x21 Smart Card Reader] 00 00;
Card ATR; 3b 9f 95 81 31 fe 9f 00 66 46 53 05 10 00 ff 71 df 00 00 00 00 00 ec;
Card name; A22CR (FIPS 140-2 Level 3 version);
Card provider;https://www.microcosm.co.uk/order/product.php?ProductID=350;
Used protocol; T=1;
High-power mode supported (relevant only to SIM cards according to ETSI 102 221); no;
 
JCSystem.getVersion()[Major.Minor];3;
JCSystem.isObjectDeletionSupported;yes;
JCSystem.MEMORY_TYPE_PERSISTENT;92572B;
JCSystem.MEMORY_TYPE_TRANSIENT_RESET;1885B;
JCSystem.MEMORY_TYPE_TRANSIENT_DESELECT;1885B;
 
JCSystem.getMaxCommitCapacity();512B;
APDU.getInBlockSize();254B;
APDU.getOutBlockSize();254B;
APDU.getProtocol();1B;
APDU.getNAD();0B;
 
CPLC; 9f 7f 2a 40 90 78 92 86 aa 01 97 00 01 03 68 0d 06 90 32 01 08 40 90 22 80 86 aa 22 80 86 aa 22 80 00 00 00 00 00 00 00 00 00 00 00 00;
CPLC.ICFabricator;4090;Infineon ;
CPLC.ICType;7892;
CPLC.OperatingSystemID;86aa;
CPLC.OperatingSystemReleaseDate;197;
CPLC.OperatingSystemReleaseLevel;1;
CPLC.ICFabricationDate;368;(Y DDD) date in that year ;
CPLC.ICSerialNumber;0d069032;
CPLC.ICBatchIdentifier;108;
CPLC.ICModuleFabricator;4090;
CPLC.ICModulePackagingDate;2280;
CPLC.ICCManufacturer;86aa;
CPLC.ICEmbeddingDate;2280;
CPLC.ICPrePersonalizer;86aa;
CPLC.ICPrePersonalizationEquipmentDate;2280;
CPLC.ICPrePersonalizationEquipmentID;0;
CPLC.ICPersonalizer;0;
CPLC.ICPersonalizationDate;0;
CPLC.ICPersonalizationEquipmentID;0;
CPLC.ICPersonalizationEquipmentID;0;
 
GPDATA (Card data); 66 4c 73 4a 06 07 2a 86 48 86 fc 6b 01 60 0c 06 0a 2a 86 48 86 fc 6b 02 02 01 01 63 09 06 07 2a 86 48 86 fc 6b 03 64 0b 06 09 2a 86 48 86 fc 6b 04 02 55 65 0b 06 09 2b 85 10 86 48 64 02 01 03 66 0c 06 0a 2b 06 01 04 01 2a 02 6e 01 02;
 
algorithm_name; is_supported; time_elapsed; persistent_mem_allocated; ram_deselect_allocated; ram_reset_allocated
 
javacardx.crypto.Cipher 
ALG_DES_CBC_NOPAD;yes;		0.049000;24;18;18
ALG_DES_CBC_ISO9797_M1;yes;		0.049000;24;18;18
ALG_DES_CBC_ISO9797_M2;yes;		0.048000;24;18;18
ALG_DES_CBC_PKCS5;yes;		0.049000;24;18;18
ALG_DES_ECB_NOPAD;yes;		0.048000;24;10;10
ALG_DES_ECB_ISO9797_M1;yes;		0.048000;24;10;10
ALG_DES_ECB_ISO9797_M2;yes;		0.049000;24;10;10
ALG_DES_ECB_PKCS5;yes;		0.048000;24;10;10
ALG_RSA_ISO14888;no;		0.014000;0;0;0
ALG_RSA_PKCS1;yes;		0.048000;24;259;259
ALG_RSA_ISO9796;no;		0.015000;0;0;0
ALG_RSA_NOPAD;yes;		0.048000;24;259;259
ALG_AES_BLOCK_128_CBC_NOPAD;yes;		0.049000;24;34;34
ALG_AES_BLOCK_128_ECB_NOPAD;yes;		0.049000;24;18;18
ALG_RSA_PKCS1_OAEP;yes;		0.049000;24;259;259
ALG_KOREAN_SEED_ECB_NOPAD;no;		0.014000;0;0;0
ALG_KOREAN_SEED_CBC_NOPAD;no;		0.014000;0;0;0
ALG_AES_BLOCK_192_CBC_NOPAD;no;		0.014000;0;0;0
ALG_AES_BLOCK_192_ECB_NOPAD;no;		0.014000;0;0;0
ALG_AES_BLOCK_256_CBC_NOPAD;no;		0.015000;0;0;0
ALG_AES_BLOCK_256_ECB_NOPAD;no;		0.014000;0;0;0
ALG_AES_CBC_ISO9797_M1;yes;		0.048000;24;34;34
ALG_AES_CBC_ISO9797_M2;yes;		0.048000;24;34;34
ALG_AES_CBC_PKCS5;yes;		0.048000;24;34;34
ALG_AES_ECB_ISO9797_M1;yes;		0.047000;24;18;18
ALG_AES_ECB_ISO9797_M2;yes;		0.048000;24;18;18
ALG_AES_ECB_PKCS5;yes;		0.049000;24;18;18
ALG_AES_CFB;no;		0.015000;0;0;0
ALG_AES_XTS;no;		0.014000;0;0;0
ALG_AES_CTR;no;		0.014000;0;0;0
CIPHER_AES_CCM;no;		0.015000;0;0;0
CIPHER_AES_GCM;no;		0.014000;0;0;0
 
javacard.crypto.Signature 
ALG_DES_MAC4_NOPAD;yes;		0.048000;28;19;19
ALG_DES_MAC8_NOPAD;yes;		0.048000;28;19;19
ALG_DES_MAC4_ISO9797_M1;yes;		0.048000;28;19;19
ALG_DES_MAC8_ISO9797_M1;yes;		0.049000;28;19;19
ALG_DES_MAC4_ISO9797_M2;yes;		0.049000;28;19;19
ALG_DES_MAC8_ISO9797_M2;yes;		0.049000;28;19;19
ALG_DES_MAC4_PKCS5;yes;		0.048000;28;19;19
ALG_DES_MAC8_PKCS5;yes;		0.049000;28;19;19
ALG_RSA_SHA_ISO9796;yes;		0.049000;28;357;357
ALG_RSA_SHA_PKCS1;yes;		0.049000;28;98;98
ALG_RSA_MD5_PKCS1;no;		0.015000;0;0;0
ALG_RSA_RIPEMD160_ISO9796;no;		0.014000;0;0;0
ALG_RSA_RIPEMD160_PKCS1;no;		0.015000;0;0;0
ALG_DSA_SHA;no;		0.015000;0;0;0
ALG_RSA_SHA_RFC2409;no;		0.015000;0;0;0
ALG_RSA_MD5_RFC2409;no;		0.014000;0;0;0
ALG_ECDSA_SHA;yes;		0.098000;64;116;116
ALG_AES_MAC_128_NOPAD;yes;		0.049000;28;35;35
ALG_DES_MAC4_ISO9797_1_M2_ALG3;yes;		0.049000;28;19;19
ALG_DES_MAC8_ISO9797_1_M2_ALG3;yes;		0.049000;28;19;19
ALG_RSA_SHA_PKCS1_PSS;yes;		0.049000;28;98;98
ALG_RSA_MD5_PKCS1_PSS;no;		0.014000;0;0;0
ALG_RSA_RIPEMD160_PKCS1_PSS;no;		0.014000;0;0;0
ALG_HMAC_SHA1;no;		0.014000;0;0;0
ALG_HMAC_SHA_256;no;		0.014000;0;0;0
ALG_HMAC_SHA_384;no;		0.014000;0;0;0
ALG_HMAC_SHA_512;no;		0.014000;0;0;0
ALG_HMAC_MD5;no;		0.014000;0;0;0
ALG_HMAC_RIPEMD160;no;		0.014000;0;0;0
ALG_RSA_SHA_ISO9796_MR;yes;		0.048000;28;357;357
ALG_RSA_RIPEMD160_ISO9796_MR;no;		0.015000;0;0;0
ALG_SEED_MAC_NOPAD;no;		0.014000;0;0;0
ALG_ECDSA_SHA_256;yes;		0.098000;64;140;140
ALG_ECDSA_SHA_384;yes;		0.098000;64;260;260
ALG_AES_MAC_192_NOPAD;no;		0.015000;0;0;0
ALG_AES_MAC_256_NOPAD;no;		0.014000;0;0;0
ALG_ECDSA_SHA_224;yes;		0.098000;64;136;136
ALG_ECDSA_SHA_512;yes;		0.098000;64;276;276
ALG_RSA_SHA_224_PKCS1;yes;		0.048000;28;110;110
ALG_RSA_SHA_256_PKCS1;yes;		0.048000;28;110;110
ALG_RSA_SHA_384_PKCS1;yes;		0.049000;28;214;214
ALG_RSA_SHA_512_PKCS1;yes;		0.049000;28;214;214
ALG_RSA_SHA_224_PKCS1_PSS;yes;		0.048000;28;110;110
ALG_RSA_SHA_256_PKCS1_PSS;yes;		0.049000;28;110;110
ALG_RSA_SHA_384_PKCS1_PSS;yes;		0.051000;28;214;214
ALG_RSA_SHA_512_PKCS1_PSS;yes;		0.048000;28;214;214
ALG_DES_MAC4_ISO9797_1_M1_ALG3;yes;		0.048000;28;19;19
ALG_DES_MAC8_ISO9797_1_M1_ALG3;yes;		0.049000;28;19;19
ALG_AES_CMAC_128;no;		0.014000;0;0;0
 
javacard.security.MessageDigest 
ALG_SHA;yes;		0.048000;20;95;95
ALG_MD5;no;		0.014000;0;0;0
ALG_RIPEMD160;no;		0.014000;0;0;0
ALG_SHA_256;yes;		0.048000;20;107;107
ALG_SHA_384;yes;		0.048000;20;211;211
ALG_SHA_512;yes;		0.048000;20;211;211
ALG_SHA_224;yes;		0.048000;20;107;107
ALG_SHA3_224;no;		0.014000;0;0;0
ALG_SHA3_256;no;		0.014000;0;0;0
ALG_SHA3_384;no;		0.014000;0;0;0
ALG_SHA3_512;no;		0.014000;0;0;0
ALG_SM3;no;		0.014000;0;0;0
ALG_NULL;no;		0.014000;0;0;0
 
javacard.security.RandomData 
ALG_PSEUDO_RANDOM;yes;		0.027000;12;0;0
ALG_SECURE_RANDOM;yes;		0.017000;0;0;0
ALG_TRNG;no;		0.014000;0;0;0
ALG_ALG_PRESEEDED_DRBG;no;		0.014000;0;0;0
ALG_FAST;no;		0.014000;0;0;0
ALG_KEYGENERATION;no;		0.014000;0;0;0
 
javacard.security.KeyBuilder 
TYPE_DES_TRANSIENT_RESET;yes;		0.066000;32;9;9
TYPE_DES_TRANSIENT_DESELECT;yes;		0.066000;32;9;9
TYPE_DES LENGTH_DES;yes;		0.058000;36;0;0
TYPE_DES LENGTH_DES3_2KEY;yes;		0.058000;44;0;0
TYPE_DES LENGTH_DES3_3KEY;yes;		0.058000;52;0;0
TYPE_AES_TRANSIENT_RESET;yes;		0.068000;32;17;17
TYPE_AES_TRANSIENT_DESELECT;yes;		0.065000;32;17;17
TYPE_AES LENGTH_AES_128;yes;		0.059000;44;0;0
TYPE_AES LENGTH_AES_192;yes;		0.056000;52;0;0
TYPE_AES LENGTH_AES_256;yes;		0.062000;60;0;0
TYPE_RSA_PUBLIC LENGTH_RSA_512;yes;		0.059000;92;0;0
TYPE_RSA_PUBLIC LENGTH_RSA_736;no;		0.015000;0;0;0
TYPE_RSA_PUBLIC LENGTH_RSA_768;yes;		0.056000;124;0;0
TYPE_RSA_PUBLIC LENGTH_RSA_896;yes;		0.055000;140;0;0
TYPE_RSA_PUBLIC LENGTH_RSA_1024;yes;		0.055000;156;0;0
TYPE_RSA_PUBLIC LENGTH_RSA_1280;yes;		0.055000;188;0;0
TYPE_RSA_PUBLIC LENGTH_RSA_1536;yes;		0.055000;220;0;0
TYPE_RSA_PUBLIC LENGTH_RSA_1984;yes;		0.059000;276;0;0
TYPE_RSA_PUBLIC LENGTH_RSA_2048;yes;		0.059000;284;0;0
TYPE_RSA_PUBLIC LENGTH_RSA_3072;no;		0.014000;0;0;0
TYPE_RSA_PUBLIC LENGTH_RSA_4096;no;		0.015000;0;0;0
TYPE_RSA_PRIVATE LENGTH_RSA_512;yes;		0.056000;152;0;0
TYPE_RSA_PRIVATE LENGTH_RSA_736;no;		0.015000;0;0;0
TYPE_RSA_PRIVATE LENGTH_RSA_768;yes;		0.055000;216;0;0
TYPE_RSA_PRIVATE LENGTH_RSA_896;yes;		0.055000;248;0;0
TYPE_RSA_PRIVATE LENGTH_RSA_1024;yes;		0.058000;280;0;0
TYPE_RSA_PRIVATE LENGTH_RSA_1280;yes;		0.058000;344;0;0
TYPE_RSA_PRIVATE LENGTH_RSA_1536;yes;		0.055000;408;0;0
TYPE_RSA_PRIVATE LENGTH_RSA_1984;yes;		0.056000;520;0;0
TYPE_RSA_PRIVATE LENGTH_RSA_2048;yes;		0.059000;536;0;0
TYPE_RSA_PRIVATE LENGTH_RSA_3072;no;		0.015000;0;0;0
TYPE_RSA_PRIVATE LENGTH_RSA_4096;no;		0.015000;0;0;0
TYPE_RSA_PRIVATE_TRANSIENT_RESET;yes;		0.062000;32;256;256
TYPE_RSA_PRIVATE_TRANSIENT_DESELECT;yes;		0.062000;32;256;256
TYPE_RSA_CRT_PRIVATE LENGTH_RSA_512;yes;		0.110000;276;0;0
TYPE_RSA_CRT_PRIVATE LENGTH_RSA_736;no;		0.015000;0;0;0
TYPE_RSA_CRT_PRIVATE LENGTH_RSA_768;yes;		0.111000;388;0;0
TYPE_RSA_CRT_PRIVATE LENGTH_RSA_896;yes;		0.110000;444;0;0
TYPE_RSA_CRT_PRIVATE LENGTH_RSA_1024;yes;		0.114000;500;0;0
TYPE_RSA_CRT_PRIVATE LENGTH_RSA_1280;yes;		0.114000;612;0;0
TYPE_RSA_CRT_PRIVATE LENGTH_RSA_1536;yes;		0.114000;724;0;0
TYPE_RSA_CRT_PRIVATE LENGTH_RSA_1984;yes;		0.117000;920;0;0
TYPE_RSA_CRT_PRIVATE LENGTH_RSA_2048;yes;		0.121000;948;0;0
TYPE_RSA_CRT_PRIVATE LENGTH_RSA_3072;no;		0.015000;0;0;0
TYPE_RSA_CRT_PRIVATE LENGTH_RSA_4096;no;		0.015000;0;0;0
TYPE_RSA_CRT_PRIVATE_TRANSIENT_RESET;yes;		0.131000;76;448;448
TYPE_RSA_CRT_PRIVATE_TRANSIENT_DESELECT;SystemException_NO_TRANSIENT_SPACE;
TYPE_DSA_PRIVATE LENGTH_DSA_512;no;		0.014000;0;0;0
TYPE_DSA_PRIVATE LENGTH_DSA_768;no;		0.014000;0;0;0
TYPE_DSA_PRIVATE LENGTH_DSA_1024;no;		0.014000;0;0;0
TYPE_DSA_PRIVATE_TRANSIENT_RESET;no;		0.014000;0;0;0
TYPE_DSA_PRIVATE_TRANSIENT_DESELECT;no;		0.014000;0;0;0
TYPE_DSA_PUBLIC LENGTH_DSA_512;no;		0.014000;0;0;0
TYPE_DSA_PUBLIC LENGTH_DSA_768;no;		0.014000;0;0;0
TYPE_DSA_PUBLIC LENGTH_DSA_1024;no;		0.014000;0;0;0
TYPE_EC_F2M_PRIVATE LENGTH_EC_F2M_113;no;		0.032000;64;0;0
TYPE_EC_F2M_PRIVATE LENGTH_EC_F2M_131;no;		0.028000;64;0;0
TYPE_EC_F2M_PRIVATE LENGTH_EC_F2M_163;no;		0.029000;64;0;0
TYPE_EC_F2M_PRIVATE LENGTH_EC_F2M_193;no;		0.029000;64;0;0
TYPE_EC_F2M_PRIVATE_TRANSIENT_RESET;no;		0.029000;64;0;0
TYPE_EC_F2M_PRIVATE_TRANSIENT_DESELECT;no;		0.029000;64;0;0
TYPE_EC_FP_PRIVATE LENGTH_EC_FP_112;yes;		0.127000;208;0;0
TYPE_EC_FP_PRIVATE LENGTH_EC_FP_128;yes;		0.128000;212;0;0
TYPE_EC_FP_PRIVATE LENGTH_EC_FP_160;yes;		0.127000;244;0;0
TYPE_EC_FP_PRIVATE LENGTH_EC_FP_192;yes;		0.132000;268;0;0
TYPE_EC_FP_PRIVATE LENGTH_EC_FP_224;yes;		0.128000;296;0;0
TYPE_EC_FP_PRIVATE LENGTH_EC_FP_256;yes;		0.131000;324;0;0
TYPE_EC_FP_PRIVATE LENGTH_EC_FP_320;no;		0.032000;64;0;0
TYPE_EC_FP_PRIVATE LENGTH_EC_FP_384;yes;		0.128000;436;0;0
TYPE_EC_FP_PRIVATE LENGTH_EC_FP_512;no;		0.028000;64;0;0
TYPE_EC_FP_PRIVATE LENGTH_EC_FP_521;yes;		0.131000;572;0;0
TYPE_EC_FP_PRIVATE LENGTH_EC_FP_640;no;		0.036000;64;0;0
TYPE_EC_FP_PRIVATE_TRANSIENT_RESET;yes;		0.148000;296;33;33
TYPE_EC_FP_PRIVATE_TRANSIENT_DESELECT;yes;		0.142000;296;33;33
TYPE_KOREAN_SEED_TRANSIENT_RESET;no;		0.014000;0;0;0
TYPE_KOREAN_SEED_TRANSIENT_DESELECT;no;		0.014000;0;0;0
TYPE_KOREAN_SEED LENGTH_KOREAN_SEED_128;no;		0.015000;0;0;0
TYPE_HMAC_TRANSIENT_RESET;no;		0.014000;0;0;0
TYPE_HMAC_TRANSIENT_DESELECT;no;		0.014000;0;0;0
TYPE_HMAC LENGTH_HMAC_SHA_1_BLOCK_64;no;		0.015000;0;0;0
TYPE_HMAC LENGTH_HMAC_SHA_256_BLOCK_64;no;		0.015000;0;0;0
TYPE_HMAC LENGTH_HMAC_SHA_384_BLOCK_64;no;		0.014000;0;0;0
TYPE_HMAC LENGTH_HMAC_SHA_512_BLOCK_64;no;		0.014000;0;0;0
 
javacard.security.KeyAgreement 
ALG_EC_SVDP_DH/ALG_EC_SVDP_DH_KDF;yes;		0.079000;44;167;167
ALG_EC_SVDP_DHC/ALG_EC_SVDP_DHC_KDF;no;		0.014000;0;0;0
ALG_EC_SVDP_DH_PLAIN;yes;		0.079000;44;167;167
ALG_EC_SVDP_DHC_PLAIN;no;		0.014000;0;0;0
ALG_EC_PACE_GM;no;		0.014000;0;0;0
ALG_EC_SVDP_DH_PLAIN_XY;no;		0.014000;0;0;0
ALG_DH_PLAIN;no;		0.014000;0;0;0
ALG_XDH;no;		0.014000;0;0;0
ALG_SM2;no;		0.014000;0;0;0
 
javacard.security.Checksum 
ALG_ISO3309_CRC16;yes;		0.044000;16;2;2
ALG_ISO3309_CRC32;yes;		0.044000;16;4;4
 
javacard.security.KeyPair ALG_RSA on-card generation 
ALG_RSA LENGTH_RSA_512;yes;		0.306000;264;0;0
ALG_RSA LENGTH_RSA_736;no;		0.038000;20;0;0
ALG_RSA LENGTH_RSA_768;yes;		0.450000;360;0;0
ALG_RSA LENGTH_RSA_896;yes;		1.276000;408;0;0
ALG_RSA LENGTH_RSA_1024;yes;		0.661000;456;0;0
ALG_RSA LENGTH_RSA_1280;yes;		3.826000;552;0;0
ALG_RSA LENGTH_RSA_1536;yes;		6.133000;648;0;0
ALG_RSA LENGTH_RSA_1984;yes;		6.812000;816;0;0
ALG_RSA LENGTH_RSA_2048;yes;		12.049000;840;0;0
ALG_RSA LENGTH_RSA_3072;no;		0.039000;20;0;0
ALG_RSA LENGTH_RSA_4096;no;		0.036000;20;0;0
 
javacard.security.KeyPair ALG_RSA_CRT on-card generation 
ALG_RSA_CRT LENGTH_RSA_512;yes;		0.568000;388;0;0
ALG_RSA_CRT LENGTH_RSA_736;no;		0.039000;20;0;0
ALG_RSA_CRT LENGTH_RSA_768;yes;		0.729000;532;0;0
ALG_RSA_CRT LENGTH_RSA_896;yes;		1.034000;604;0;0
ALG_RSA_CRT LENGTH_RSA_1024;yes;		2.155000;676;0;0
ALG_RSA_CRT LENGTH_RSA_1280;yes;		2.737000;820;0;0
ALG_RSA_CRT LENGTH_RSA_1536;yes;		3.924000;964;0;0
ALG_RSA_CRT LENGTH_RSA_1984;yes;		5.354000;1216;0;0
ALG_RSA_CRT LENGTH_RSA_2048;yes;		17.285000;1252;0;0
ALG_RSA_CRT LENGTH_RSA_3072;no;		0.039000;20;0;0
ALG_RSA_CRT LENGTH_RSA_4096;no;		0.036000;20;0;0
 
javacard.security.KeyPair ALG_DSA on-card generation 
ALG_DSA LENGTH_DSA_512;no;		0.021000;8;0;0
ALG_DSA LENGTH_DSA_768;no;		0.021000;8;0;0
ALG_DSA LENGTH_DSA_1024;no;		0.021000;8;0;0
 
javacard.security.KeyPair ALG_EC_F2M on-card generation 
ALG_EC_F2M LENGTH_EC_F2M_113;no;		0.051000;84;0;0
ALG_EC_F2M LENGTH_EC_F2M_131;no;		0.044000;84;0;0
ALG_EC_F2M LENGTH_EC_F2M_163;no;		0.043000;84;0;0
ALG_EC_F2M LENGTH_EC_F2M_193;no;		0.043000;84;0;0
 
javacard.security.KeyPair ALG_EC_FP on-card generation 
ALG_EC_FP LENGTH_EC_FP_112;yes;		0.627000;460;217;217
ALG_EC_FP LENGTH_EC_FP_128;yes;		0.894000;472;217;217
ALG_EC_FP LENGTH_EC_FP_160;yes;		0.943000;540;217;217
ALG_EC_FP LENGTH_EC_FP_192;yes;		0.965000;592;217;217
ALG_EC_FP LENGTH_EC_FP_224;yes;		1.024000;652;217;217
ALG_EC_FP LENGTH_EC_FP_256;yes;		1.096000;712;217;217
ALG_EC_FP LENGTH_EC_FP_384;yes;		1.401000;952;217;217
ALG_EC_FP LENGTH_EC_FP_521;yes;		1.953000;1240;217;217
 
javacardx.crypto.AEADCipher 
CIPHER_AES_CCM;no;		0.013000;0;0;0
CIPHER_AES_GCM;no;		0.013000;0;0;0
 
javacard.framework.OwnerPINBuilder 
OWNER_PIN;no;		0.014000;0;0;0
OWNER_PIN_X;no;		0.014000;0;0;0
OWNER_PIN_X_WITH_PREDECREMENT;no;		0.013000;0;0;0
 
javacard.security.InitializedMessageDigest 
ALG_SHA;yes;		0.048000;20;95;95
ALG_MD5;no;		0.014000;0;0;0
ALG_RIPEMD160;no;		0.014000;0;0;0
ALG_SHA_256;yes;		0.048000;20;107;107
ALG_SHA_384;yes;		0.048000;20;211;211
ALG_SHA_512;yes;		0.049000;20;211;211
ALG_SHA_224;yes;		0.048000;20;107;107
ALG_SHA3_224;no;		0.015000;0;0;0
ALG_SHA3_256;no;		0.015000;0;0;0
ALG_SHA3_384;no;		0.015000;0;0;0
ALG_SHA3_512;no;		0.015000;0;0;0
ALG_SM3;no;		0.015000;0;0;0
ALG_NULL;no;		0.015000;0;0;0
 
javacardx.crypto.Cipher.OneShot 
ALG_DES_CBC_NOPAD;no;		0.013000;0;0;0
ALG_DES_CBC_ISO9797_M1;no;		0.013000;0;0;0
ALG_DES_CBC_ISO9797_M2;no;		0.013000;0;0;0
ALG_DES_CBC_PKCS5;no;		0.013000;0;0;0
ALG_DES_ECB_NOPAD;no;		0.014000;0;0;0
ALG_DES_ECB_ISO9797_M1;no;		0.013000;0;0;0
ALG_DES_ECB_ISO9797_M2;no;		0.013000;0;0;0
ALG_DES_ECB_PKCS5;no;		0.014000;0;0;0
ALG_RSA_ISO14888;no;		0.013000;0;0;0
ALG_RSA_PKCS1;no;		0.014000;0;0;0
ALG_RSA_ISO9796;no;		0.014000;0;0;0
ALG_RSA_NOPAD;no;		0.013000;0;0;0
ALG_AES_BLOCK_128_CBC_NOPAD;no;		0.013000;0;0;0
ALG_AES_BLOCK_128_ECB_NOPAD;no;		0.013000;0;0;0
ALG_RSA_PKCS1_OAEP;no;		0.013000;0;0;0
ALG_KOREAN_SEED_ECB_NOPAD;no;		0.013000;0;0;0
ALG_KOREAN_SEED_CBC_NOPAD;no;		0.013000;0;0;0
ALG_AES_BLOCK_192_CBC_NOPAD;no;		0.013000;0;0;0
ALG_AES_BLOCK_192_ECB_NOPAD;no;		0.013000;0;0;0
ALG_AES_BLOCK_256_CBC_NOPAD;no;		0.013000;0;0;0
ALG_AES_BLOCK_256_ECB_NOPAD;no;		0.014000;0;0;0
ALG_AES_CBC_ISO9797_M1;no;		0.014000;0;0;0
ALG_AES_CBC_ISO9797_M2;no;		0.013000;0;0;0
ALG_AES_CBC_PKCS5;no;		0.014000;0;0;0
ALG_AES_ECB_ISO9797_M1;no;		0.014000;0;0;0
ALG_AES_ECB_ISO9797_M2;no;		0.014000;0;0;0
ALG_AES_ECB_PKCS5;no;		0.014000;0;0;0
ALG_AES_CFB;no;		0.014000;0;0;0
ALG_AES_XTS;no;		0.013000;0;0;0
ALG_AES_CTR;no;		0.013000;0;0;0
CIPHER_AES_CCM;no;		0.013000;0;0;0
CIPHER_AES_GCM;no;		0.013000;0;0;0
 
javacard.crypto.Signature.OneShot 
ALG_DES_MAC4_NOPAD;no;		0.014000;0;0;0
ALG_DES_MAC8_NOPAD;no;		0.014000;0;0;0
ALG_DES_MAC4_ISO9797_M1;no;		0.013000;0;0;0
ALG_DES_MAC8_ISO9797_M1;no;		0.013000;0;0;0
ALG_DES_MAC4_ISO9797_M2;no;		0.013000;0;0;0
ALG_DES_MAC8_ISO9797_M2;no;		0.013000;0;0;0
ALG_DES_MAC4_PKCS5;no;		0.013000;0;0;0
ALG_DES_MAC8_PKCS5;no;		0.013000;0;0;0
ALG_RSA_SHA_ISO9796;no;		0.013000;0;0;0
ALG_RSA_SHA_PKCS1;no;		0.014000;0;0;0
ALG_RSA_MD5_PKCS1;no;		0.013000;0;0;0
ALG_RSA_RIPEMD160_ISO9796;no;		0.014000;0;0;0
ALG_RSA_RIPEMD160_PKCS1;no;		0.014000;0;0;0
ALG_DSA_SHA;no;		0.013000;0;0;0
ALG_RSA_SHA_RFC2409;no;		0.013000;0;0;0
ALG_RSA_MD5_RFC2409;no;		0.014000;0;0;0
ALG_ECDSA_SHA;no;		0.014000;0;0;0
ALG_AES_MAC_128_NOPAD;no;		0.014000;0;0;0
ALG_DES_MAC4_ISO9797_1_M2_ALG3;no;		0.013000;0;0;0
ALG_DES_MAC8_ISO9797_1_M2_ALG3;no;		0.013000;0;0;0
ALG_RSA_SHA_PKCS1_PSS;no;		0.014000;0;0;0
ALG_RSA_MD5_PKCS1_PSS;no;		0.013000;0;0;0
ALG_RSA_RIPEMD160_PKCS1_PSS;no;		0.013000;0;0;0
ALG_HMAC_SHA1;no;		0.013000;0;0;0
ALG_HMAC_SHA_256;no;		0.013000;0;0;0
ALG_HMAC_SHA_384;no;		0.014000;0;0;0
ALG_HMAC_SHA_512;no;		0.013000;0;0;0
ALG_HMAC_MD5;no;		0.013000;0;0;0
ALG_HMAC_RIPEMD160;no;		0.013000;0;0;0
ALG_RSA_SHA_ISO9796_MR;no;		0.014000;0;0;0
ALG_RSA_RIPEMD160_ISO9796_MR;no;		0.013000;0;0;0
ALG_SEED_MAC_NOPAD;no;		0.013000;0;0;0
ALG_ECDSA_SHA_256;no;		0.013000;0;0;0
ALG_ECDSA_SHA_384;no;		0.013000;0;0;0
ALG_AES_MAC_192_NOPAD;no;		0.013000;0;0;0
ALG_AES_MAC_256_NOPAD;no;		0.013000;0;0;0
ALG_ECDSA_SHA_224;no;		0.013000;0;0;0
ALG_ECDSA_SHA_512;no;		0.013000;0;0;0
ALG_RSA_SHA_224_PKCS1;no;		0.013000;0;0;0
ALG_RSA_SHA_256_PKCS1;no;		0.014000;0;0;0
ALG_RSA_SHA_384_PKCS1;no;		0.014000;0;0;0
ALG_RSA_SHA_512_PKCS1;no;		0.014000;0;0;0
ALG_RSA_SHA_224_PKCS1_PSS;no;		0.013000;0;0;0
ALG_RSA_SHA_256_PKCS1_PSS;no;		0.013000;0;0;0
ALG_RSA_SHA_384_PKCS1_PSS;no;		0.013000;0;0;0
ALG_RSA_SHA_512_PKCS1_PSS;no;		0.013000;0;0;0
ALG_DES_MAC4_ISO9797_1_M1_ALG3;no;		0.013000;0;0;0
ALG_DES_MAC8_ISO9797_1_M1_ALG3;no;		0.013000;0;0;0
ALG_AES_CMAC_128;no;		0.013000;0;0;0
 
javacard.security.RandomData.OneShot 
ALG_PSEUDO_RANDOM;no;		0.013000;0;0;0
ALG_SECURE_RANDOM;no;		0.013000;0;0;0
ALG_TRNG;no;		0.013000;0;0;0
ALG_ALG_PRESEEDED_DRBG;no;		0.013000;0;0;0
ALG_FAST;no;		0.013000;0;0;0
ALG_KEYGENERATION;no;		0.014000;0;0;0
 
javacard.security.MessageDigest.OneShot 
ALG_SHA;no;		0.014000;0;0;0
ALG_MD5;no;		0.014000;0;0;0
ALG_RIPEMD160;no;		0.013000;0;0;0
ALG_SHA_256;no;		0.013000;0;0;0
ALG_SHA_384;no;		0.013000;0;0;0
ALG_SHA_512;no;		0.012000;0;0;0
ALG_SHA_224;no;		0.013000;0;0;0
ALG_SHA3_224;no;		0.013000;0;0;0
ALG_SHA3_256;no;		0.013000;0;0;0
ALG_SHA3_384;no;		0.013000;0;0;0
ALG_SHA3_512;no;		0.014000;0;0;0
ALG_SM3;no;		0.013000;0;0;0
ALG_NULL;no;		0.013000;0;0;0
 
javacard.security.InitializedMessageDigest.OneShot 
ALG_SHA;no;		0.013000;0;0;0
ALG_MD5;no;		0.013000;0;0;0
ALG_RIPEMD160;no;		0.014000;0;0;0
ALG_SHA_256;no;		0.014000;0;0;0
ALG_SHA_384;no;		0.013000;0;0;0
ALG_SHA_512;no;		0.013000;0;0;0
ALG_SHA_224;no;		0.013000;0;0;0
ALG_SHA3_224;no;		0.013000;0;0;0
ALG_SHA3_256;no;		0.012000;0;0;0
ALG_SHA3_384;no;		0.013000;0;0;0
ALG_SHA3_512;no;		0.013000;0;0;0
ALG_SM3;no;		0.013000;0;0;0
ALG_NULL;no;		0.013000;0;0;0
 
javacardx.crypto.Cipher.getInstance(byte cipherAlgorithm, byte paddingAlgorithm, boolean externalAccess) 
CIPHER_AES_CBC PAD_NULL;no;		0.014000;0;0;0
CIPHER_AES_CBC PAD_NOPAD;yes;		0.048000;24;34;34
CIPHER_AES_CBC PAD_ISO9797_M1;yes;		0.049000;24;34;34
CIPHER_AES_CBC PAD_ISO9797_M2;yes;		0.048000;24;34;34
CIPHER_AES_CBC PAD_ISO9797_1_M1_ALG3;no;		0.014000;0;0;0
CIPHER_AES_CBC PAD_ISO9797_1_M2_ALG3;no;		0.013000;0;0;0
CIPHER_AES_CBC PAD_PKCS5;yes;		0.048000;24;34;34
CIPHER_AES_CBC PAD_PKCS1;no;		0.014000;0;0;0
CIPHER_AES_CBC PAD_PKCS1_PSS;no;		0.013000;0;0;0
CIPHER_AES_CBC PAD_PKCS1_OAEP;no;		0.013000;0;0;0
CIPHER_AES_CBC PAD_ISO9796;no;		0.014000;0;0;0
CIPHER_AES_CBC PAD_ISO9796_MR;no;		0.014000;0;0;0
CIPHER_AES_CBC PAD_RFC2409;no;		0.014000;0;0;0
CIPHER_AES_CBC PAD_PKCS1_OAEP_SHA224;no;		0.014000;0;0;0
CIPHER_AES_CBC PAD_PKCS1_OAEP_SHA256;no;		0.014000;0;0;0
CIPHER_AES_CBC PAD_PKCS1_OAEP_SHA384;no;		0.014000;0;0;0
CIPHER_AES_CBC PAD_PKCS1_OAEP_SHA512;no;		0.014000;0;0;0
CIPHER_AES_CBC PAD_PKCS1_OAEP_SHA3_224;no;		0.014000;0;0;0
CIPHER_AES_CBC PAD_PKCS1_OAEP_SHA3_256;no;		0.014000;0;0;0
CIPHER_AES_CBC PAD_PKCS1_OAEP_SHA3_384;no;		0.014000;0;0;0
CIPHER_AES_CBC PAD_PKCS1_OAEP_SHA3_512;no;		0.014000;0;0;0
CIPHER_AES_CBC PAD_ISO9796_MR_SCHEME_2;no;		0.013000;0;0;0
CIPHER_AES_CBC PAD_ISO9796_MR_SCHEME_3;no;		0.014000;0;0;0
CIPHER_AES_ECB PAD_NULL;no;		0.014000;0;0;0
CIPHER_AES_ECB PAD_NOPAD;yes;		0.048000;24;18;18
CIPHER_AES_ECB PAD_ISO9797_M1;yes;		0.048000;24;18;18
CIPHER_AES_ECB PAD_ISO9797_M2;yes;		0.047000;24;18;18
CIPHER_AES_ECB PAD_ISO9797_1_M1_ALG3;no;		0.014000;0;0;0
CIPHER_AES_ECB PAD_ISO9797_1_M2_ALG3;no;		0.014000;0;0;0
CIPHER_AES_ECB PAD_PKCS5;yes;		0.048000;24;18;18
CIPHER_AES_ECB PAD_PKCS1;no;		0.014000;0;0;0
CIPHER_AES_ECB PAD_PKCS1_PSS;no;		0.013000;0;0;0
CIPHER_AES_ECB PAD_PKCS1_OAEP;no;		0.014000;0;0;0
CIPHER_AES_ECB PAD_ISO9796;no;		0.014000;0;0;0
CIPHER_AES_ECB PAD_ISO9796_MR;no;		0.014000;0;0;0
CIPHER_AES_ECB PAD_RFC2409;no;		0.014000;0;0;0
CIPHER_AES_ECB PAD_PKCS1_OAEP_SHA224;no;		0.014000;0;0;0
CIPHER_AES_ECB PAD_PKCS1_OAEP_SHA256;no;		0.014000;0;0;0
CIPHER_AES_ECB PAD_PKCS1_OAEP_SHA384;no;		0.014000;0;0;0
CIPHER_AES_ECB PAD_PKCS1_OAEP_SHA512;no;		0.014000;0;0;0
CIPHER_AES_ECB PAD_PKCS1_OAEP_SHA3_224;no;		0.013000;0;0;0
CIPHER_AES_ECB PAD_PKCS1_OAEP_SHA3_256;no;		0.014000;0;0;0
CIPHER_AES_ECB PAD_PKCS1_OAEP_SHA3_384;no;		0.014000;0;0;0
CIPHER_AES_ECB PAD_PKCS1_OAEP_SHA3_512;no;		0.013000;0;0;0
CIPHER_AES_ECB PAD_ISO9796_MR_SCHEME_2;no;		0.015000;0;0;0
CIPHER_AES_ECB PAD_ISO9796_MR_SCHEME_3;no;		0.014000;0;0;0
CIPHER_DES_CBC PAD_NULL;no;		0.014000;0;0;0
CIPHER_DES_CBC PAD_NOPAD;yes;		0.048000;24;18;18
CIPHER_DES_CBC PAD_ISO9797_M1;yes;		0.048000;24;18;18
CIPHER_DES_CBC PAD_ISO9797_M2;yes;		0.048000;24;18;18
CIPHER_DES_CBC PAD_ISO9797_1_M1_ALG3;no;		0.014000;0;0;0
CIPHER_DES_CBC PAD_ISO9797_1_M2_ALG3;no;		0.014000;0;0;0
CIPHER_DES_CBC PAD_PKCS5;yes;		0.051000;24;18;18
CIPHER_DES_CBC PAD_PKCS1;no;		0.014000;0;0;0
CIPHER_DES_CBC PAD_PKCS1_PSS;no;		0.014000;0;0;0
CIPHER_DES_CBC PAD_PKCS1_OAEP;no;		0.014000;0;0;0
CIPHER_DES_CBC PAD_ISO9796;no;		0.014000;0;0;0
CIPHER_DES_CBC PAD_ISO9796_MR;no;		0.015000;0;0;0
CIPHER_DES_CBC PAD_RFC2409;no;		0.013000;0;0;0
CIPHER_DES_CBC PAD_PKCS1_OAEP_SHA224;no;		0.014000;0;0;0
CIPHER_DES_CBC PAD_PKCS1_OAEP_SHA256;no;		0.014000;0;0;0
CIPHER_DES_CBC PAD_PKCS1_OAEP_SHA384;no;		0.014000;0;0;0
CIPHER_DES_CBC PAD_PKCS1_OAEP_SHA512;no;		0.014000;0;0;0
CIPHER_DES_CBC PAD_PKCS1_OAEP_SHA3_224;no;		0.014000;0;0;0
CIPHER_DES_CBC PAD_PKCS1_OAEP_SHA3_256;no;		0.014000;0;0;0
CIPHER_DES_CBC PAD_PKCS1_OAEP_SHA3_384;no;		0.014000;0;0;0
CIPHER_DES_CBC PAD_PKCS1_OAEP_SHA3_512;no;		0.014000;0;0;0
CIPHER_DES_CBC PAD_ISO9796_MR_SCHEME_2;no;		0.014000;0;0;0
CIPHER_DES_CBC PAD_ISO9796_MR_SCHEME_3;no;		0.014000;0;0;0
CIPHER_DES_ECB PAD_NULL;no;		0.014000;0;0;0
CIPHER_DES_ECB PAD_NOPAD;yes;		0.048000;24;10;10
CIPHER_DES_ECB PAD_ISO9797_M1;yes;		0.048000;24;10;10
CIPHER_DES_ECB PAD_ISO9797_M2;yes;		0.048000;24;10;10
CIPHER_DES_ECB PAD_ISO9797_1_M1_ALG3;no;		0.015000;0;0;0
CIPHER_DES_ECB PAD_ISO9797_1_M2_ALG3;no;		0.014000;0;0;0
CIPHER_DES_ECB PAD_PKCS5;yes;		0.049000;24;10;10
CIPHER_DES_ECB PAD_PKCS1;no;		0.014000;0;0;0
CIPHER_DES_ECB PAD_PKCS1_PSS;no;		0.014000;0;0;0
CIPHER_DES_ECB PAD_PKCS1_OAEP;no;		0.014000;0;0;0
CIPHER_DES_ECB PAD_ISO9796;no;		0.014000;0;0;0
CIPHER_DES_ECB PAD_ISO9796_MR;no;		0.014000;0;0;0
CIPHER_DES_ECB PAD_RFC2409;no;		0.015000;0;0;0
CIPHER_DES_ECB PAD_PKCS1_OAEP_SHA224;no;		0.014000;0;0;0
CIPHER_DES_ECB PAD_PKCS1_OAEP_SHA256;no;		0.014000;0;0;0
CIPHER_DES_ECB PAD_PKCS1_OAEP_SHA384;no;		0.014000;0;0;0
CIPHER_DES_ECB PAD_PKCS1_OAEP_SHA512;no;		0.014000;0;0;0
CIPHER_DES_ECB PAD_PKCS1_OAEP_SHA3_224;no;		0.014000;0;0;0
CIPHER_DES_ECB PAD_PKCS1_OAEP_SHA3_256;no;		0.014000;0;0;0
CIPHER_DES_ECB PAD_PKCS1_OAEP_SHA3_384;no;		0.014000;0;0;0
CIPHER_DES_ECB PAD_PKCS1_OAEP_SHA3_512;no;		0.014000;0;0;0
CIPHER_DES_ECB PAD_ISO9796_MR_SCHEME_2;no;		0.014000;0;0;0
CIPHER_DES_ECB PAD_ISO9796_MR_SCHEME_3;no;		0.014000;0;0;0
CIPHER_KOREAN_SEED_CBC PAD_NULL;no;		0.014000;0;0;0
CIPHER_KOREAN_SEED_CBC PAD_NOPAD;no;		0.014000;0;0;0
CIPHER_KOREAN_SEED_CBC PAD_ISO9797_M1;no;		0.014000;0;0;0
CIPHER_KOREAN_SEED_CBC PAD_ISO9797_M2;no;		0.015000;0;0;0
CIPHER_KOREAN_SEED_CBC PAD_ISO9797_1_M1_ALG3;no;		0.014000;0;0;0
CIPHER_KOREAN_SEED_CBC PAD_ISO9797_1_M2_ALG3;no;		0.014000;0;0;0
CIPHER_KOREAN_SEED_CBC PAD_PKCS5;no;		0.014000;0;0;0
CIPHER_KOREAN_SEED_CBC PAD_PKCS1;no;		0.015000;0;0;0
CIPHER_KOREAN_SEED_CBC PAD_PKCS1_PSS;no;		0.014000;0;0;0
CIPHER_KOREAN_SEED_CBC PAD_PKCS1_OAEP;no;		0.014000;0;0;0
CIPHER_KOREAN_SEED_CBC PAD_ISO9796;no;		0.014000;0;0;0
CIPHER_KOREAN_SEED_CBC PAD_ISO9796_MR;no;		0.013000;0;0;0
CIPHER_KOREAN_SEED_CBC PAD_RFC2409;no;		0.014000;0;0;0
CIPHER_KOREAN_SEED_CBC PAD_PKCS1_OAEP_SHA224;no;		0.014000;0;0;0
CIPHER_KOREAN_SEED_CBC PAD_PKCS1_OAEP_SHA256;no;		0.014000;0;0;0
CIPHER_KOREAN_SEED_CBC PAD_PKCS1_OAEP_SHA384;no;		0.015000;0;0;0
CIPHER_KOREAN_SEED_CBC PAD_PKCS1_OAEP_SHA512;no;		0.014000;0;0;0
CIPHER_KOREAN_SEED_CBC PAD_PKCS1_OAEP_SHA3_224;no;		0.014000;0;0;0
CIPHER_KOREAN_SEED_CBC PAD_PKCS1_OAEP_SHA3_256;no;		0.014000;0;0;0
CIPHER_KOREAN_SEED_CBC PAD_PKCS1_OAEP_SHA3_384;no;		0.014000;0;0;0
CIPHER_KOREAN_SEED_CBC PAD_PKCS1_OAEP_SHA3_512;no;		0.015000;0;0;0
CIPHER_KOREAN_SEED_CBC PAD_ISO9796_MR_SCHEME_2;no;		0.014000;0;0;0
CIPHER_KOREAN_SEED_CBC PAD_ISO9796_MR_SCHEME_3;no;		0.014000;0;0;0
CIPHER_KOREAN_SEED_ECB PAD_NULL;no;		0.014000;0;0;0
CIPHER_KOREAN_SEED_ECB PAD_NOPAD;no;		0.014000;0;0;0
CIPHER_KOREAN_SEED_ECB PAD_ISO9797_M1;no;		0.014000;0;0;0
CIPHER_KOREAN_SEED_ECB PAD_ISO9797_M2;no;		0.014000;0;0;0
CIPHER_KOREAN_SEED_ECB PAD_ISO9797_1_M1_ALG3;no;		0.014000;0;0;0
CIPHER_KOREAN_SEED_ECB PAD_ISO9797_1_M2_ALG3;no;		0.014000;0;0;0
CIPHER_KOREAN_SEED_ECB PAD_PKCS5;no;		0.014000;0;0;0
CIPHER_KOREAN_SEED_ECB PAD_PKCS1;no;		0.014000;0;0;0
CIPHER_KOREAN_SEED_ECB PAD_PKCS1_PSS;no;		0.014000;0;0;0
CIPHER_KOREAN_SEED_ECB PAD_PKCS1_OAEP;no;		0.014000;0;0;0
CIPHER_KOREAN_SEED_ECB PAD_ISO9796;no;		0.014000;0;0;0
CIPHER_KOREAN_SEED_ECB PAD_ISO9796_MR;no;		0.014000;0;0;0
CIPHER_KOREAN_SEED_ECB PAD_RFC2409;no;		0.014000;0;0;0
CIPHER_KOREAN_SEED_ECB PAD_PKCS1_OAEP_SHA224;no;		0.014000;0;0;0
CIPHER_KOREAN_SEED_ECB PAD_PKCS1_OAEP_SHA256;no;		0.013000;0;0;0
CIPHER_KOREAN_SEED_ECB PAD_PKCS1_OAEP_SHA384;no;		0.014000;0;0;0
CIPHER_KOREAN_SEED_ECB PAD_PKCS1_OAEP_SHA512;no;		0.014000;0;0;0
CIPHER_KOREAN_SEED_ECB PAD_PKCS1_OAEP_SHA3_224;no;		0.014000;0;0;0
CIPHER_KOREAN_SEED_ECB PAD_PKCS1_OAEP_SHA3_256;no;		0.014000;0;0;0
CIPHER_KOREAN_SEED_ECB PAD_PKCS1_OAEP_SHA3_384;no;		0.014000;0;0;0
CIPHER_KOREAN_SEED_ECB PAD_PKCS1_OAEP_SHA3_512;no;		0.014000;0;0;0
CIPHER_KOREAN_SEED_ECB PAD_ISO9796_MR_SCHEME_2;no;		0.014000;0;0;0
CIPHER_KOREAN_SEED_ECB PAD_ISO9796_MR_SCHEME_3;no;		0.014000;0;0;0
CIPHER_RSA PAD_NULL;no;		0.014000;0;0;0
CIPHER_RSA PAD_NOPAD;yes;		0.048000;24;259;259
CIPHER_RSA PAD_ISO9797_M1;no;		0.014000;0;0;0
CIPHER_RSA PAD_ISO9797_M2;no;		0.014000;0;0;0
CIPHER_RSA PAD_ISO9797_1_M1_ALG3;no;		0.014000;0;0;0
CIPHER_RSA PAD_ISO9797_1_M2_ALG3;no;		0.014000;0;0;0
CIPHER_RSA PAD_PKCS5;no;		0.014000;0;0;0
CIPHER_RSA PAD_PKCS1;SystemException_NO_TRANSIENT_SPACE;
CIPHER_RSA PAD_PKCS1_PSS;no;		0.014000;0;0;0
CIPHER_RSA PAD_PKCS1_OAEP;SystemException_NO_TRANSIENT_SPACE;
CIPHER_RSA PAD_ISO9796;no;		0.015000;0;0;0
CIPHER_RSA PAD_ISO9796_MR;no;		0.014000;0;0;0
CIPHER_RSA PAD_RFC2409;no;		0.014000;0;0;0
CIPHER_RSA PAD_PKCS1_OAEP_SHA224;no;		0.014000;0;0;0
CIPHER_RSA PAD_PKCS1_OAEP_SHA256;no;		0.014000;0;0;0
CIPHER_RSA PAD_PKCS1_OAEP_SHA384;no;		0.014000;0;0;0
CIPHER_RSA PAD_PKCS1_OAEP_SHA512;no;		0.014000;0;0;0
CIPHER_RSA PAD_PKCS1_OAEP_SHA3_224;no;		0.014000;0;0;0
CIPHER_RSA PAD_PKCS1_OAEP_SHA3_256;no;		0.014000;0;0;0
CIPHER_RSA PAD_PKCS1_OAEP_SHA3_384;no;		0.014000;0;0;0
CIPHER_RSA PAD_PKCS1_OAEP_SHA3_512;no;		0.014000;0;0;0
CIPHER_RSA PAD_ISO9796_MR_SCHEME_2;no;		0.014000;0;0;0
CIPHER_RSA PAD_ISO9796_MR_SCHEME_3;no;		0.014000;0;0;0
CIPHER_AES_CTR PAD_NULL;no;		0.014000;0;0;0
CIPHER_AES_CTR PAD_NOPAD;no;		0.014000;0;0;0
CIPHER_AES_CTR PAD_ISO9797_M1;no;		0.015000;0;0;0
CIPHER_AES_CTR PAD_ISO9797_M2;no;		0.014000;0;0;0
CIPHER_AES_CTR PAD_ISO9797_1_M1_ALG3;no;		0.014000;0;0;0
CIPHER_AES_CTR PAD_ISO9797_1_M2_ALG3;no;		0.014000;0;0;0
CIPHER_AES_CTR PAD_PKCS5;no;		0.014000;0;0;0
CIPHER_AES_CTR PAD_PKCS1;no;		0.014000;0;0;0
CIPHER_AES_CTR PAD_PKCS1_PSS;no;		0.014000;0;0;0
CIPHER_AES_CTR PAD_PKCS1_OAEP;no;		0.015000;0;0;0
CIPHER_AES_CTR PAD_ISO9796;no;		0.014000;0;0;0
CIPHER_AES_CTR PAD_ISO9796_MR;no;		0.014000;0;0;0
CIPHER_AES_CTR PAD_RFC2409;no;		0.014000;0;0;0
CIPHER_AES_CTR PAD_PKCS1_OAEP_SHA224;no;		0.014000;0;0;0
CIPHER_AES_CTR PAD_PKCS1_OAEP_SHA256;no;		0.014000;0;0;0
CIPHER_AES_CTR PAD_PKCS1_OAEP_SHA384;no;		0.014000;0;0;0
CIPHER_AES_CTR PAD_PKCS1_OAEP_SHA512;no;		0.014000;0;0;0
CIPHER_AES_CTR PAD_PKCS1_OAEP_SHA3_224;no;		0.013000;0;0;0
CIPHER_AES_CTR PAD_PKCS1_OAEP_SHA3_256;no;		0.014000;0;0;0
CIPHER_AES_CTR PAD_PKCS1_OAEP_SHA3_384;no;		0.014000;0;0;0
CIPHER_AES_CTR PAD_PKCS1_OAEP_SHA3_512;no;		0.014000;0;0;0
CIPHER_AES_CTR PAD_ISO9796_MR_SCHEME_2;no;		0.014000;0;0;0
CIPHER_AES_CTR PAD_ISO9796_MR_SCHEME_3;no;		0.014000;0;0;0
CIPHER_AES_CFB PAD_NULL;no;		0.015000;0;0;0
CIPHER_AES_CFB PAD_NOPAD;no;		0.014000;0;0;0
CIPHER_AES_CFB PAD_ISO9797_M1;no;		0.014000;0;0;0
CIPHER_AES_CFB PAD_ISO9797_M2;no;		0.014000;0;0;0
CIPHER_AES_CFB PAD_ISO9797_1_M1_ALG3;no;		0.014000;0;0;0
CIPHER_AES_CFB PAD_ISO9797_1_M2_ALG3;no;		0.014000;0;0;0
CIPHER_AES_CFB PAD_PKCS5;no;		0.014000;0;0;0
CIPHER_AES_CFB PAD_PKCS1;no;		0.014000;0;0;0
CIPHER_AES_CFB PAD_PKCS1_PSS;no;		0.014000;0;0;0
CIPHER_AES_CFB PAD_PKCS1_OAEP;no;		0.015000;0;0;0
CIPHER_AES_CFB PAD_ISO9796;no;		0.014000;0;0;0
CIPHER_AES_CFB PAD_ISO9796_MR;no;		0.014000;0;0;0
CIPHER_AES_CFB PAD_RFC2409;no;		0.014000;0;0;0
CIPHER_AES_CFB PAD_PKCS1_OAEP_SHA224;no;		0.014000;0;0;0
CIPHER_AES_CFB PAD_PKCS1_OAEP_SHA256;no;		0.014000;0;0;0
CIPHER_AES_CFB PAD_PKCS1_OAEP_SHA384;no;		0.014000;0;0;0
CIPHER_AES_CFB PAD_PKCS1_OAEP_SHA512;no;		0.014000;0;0;0
CIPHER_AES_CFB PAD_PKCS1_OAEP_SHA3_224;no;		0.014000;0;0;0
CIPHER_AES_CFB PAD_PKCS1_OAEP_SHA3_256;no;		0.014000;0;0;0
CIPHER_AES_CFB PAD_PKCS1_OAEP_SHA3_384;no;		0.014000;0;0;0
CIPHER_AES_CFB PAD_PKCS1_OAEP_SHA3_512;no;		0.014000;0;0;0
CIPHER_AES_CFB PAD_ISO9796_MR_SCHEME_2;no;		0.014000;0;0;0
CIPHER_AES_CFB PAD_ISO9796_MR_SCHEME_3;no;		0.014000;0;0;0
CIPHER_AES_XTS PAD_NULL;no;		0.014000;0;0;0
CIPHER_AES_XTS PAD_NOPAD;no;		0.014000;0;0;0
CIPHER_AES_XTS PAD_ISO9797_M1;no;		0.014000;0;0;0
CIPHER_AES_XTS PAD_ISO9797_M2;no;		0.014000;0;0;0
CIPHER_AES_XTS PAD_ISO9797_1_M1_ALG3;no;		0.014000;0;0;0
CIPHER_AES_XTS PAD_ISO9797_1_M2_ALG3;no;		0.015000;0;0;0
CIPHER_AES_XTS PAD_PKCS5;no;		0.013000;0;0;0
CIPHER_AES_XTS PAD_PKCS1;no;		0.014000;0;0;0
CIPHER_AES_XTS PAD_PKCS1_PSS;no;		0.014000;0;0;0
CIPHER_AES_XTS PAD_PKCS1_OAEP;no;		0.015000;0;0;0
CIPHER_AES_XTS PAD_ISO9796;no;		0.014000;0;0;0
CIPHER_AES_XTS PAD_ISO9796_MR;no;		0.014000;0;0;0
CIPHER_AES_XTS PAD_RFC2409;no;		0.014000;0;0;0
CIPHER_AES_XTS PAD_PKCS1_OAEP_SHA224;no;		0.014000;0;0;0
CIPHER_AES_XTS PAD_PKCS1_OAEP_SHA256;no;		0.014000;0;0;0
CIPHER_AES_XTS PAD_PKCS1_OAEP_SHA384;no;		0.014000;0;0;0
CIPHER_AES_XTS PAD_PKCS1_OAEP_SHA512;no;		0.014000;0;0;0
CIPHER_AES_XTS PAD_PKCS1_OAEP_SHA3_224;no;		0.014000;0;0;0
CIPHER_AES_XTS PAD_PKCS1_OAEP_SHA3_256;no;		0.015000;0;0;0
CIPHER_AES_XTS PAD_PKCS1_OAEP_SHA3_384;no;		0.014000;0;0;0
CIPHER_AES_XTS PAD_PKCS1_OAEP_SHA3_512;no;		0.014000;0;0;0
CIPHER_AES_XTS PAD_ISO9796_MR_SCHEME_2;no;		0.014000;0;0;0
CIPHER_AES_XTS PAD_ISO9796_MR_SCHEME_3;no;		0.013000;0;0;0
CIPHER_SM4_ECB PAD_NULL;no;		0.014000;0;0;0
CIPHER_SM4_ECB PAD_NOPAD;no;		0.014000;0;0;0
CIPHER_SM4_ECB PAD_ISO9797_M1;no;		0.014000;0;0;0
CIPHER_SM4_ECB PAD_ISO9797_M2;no;		0.014000;0;0;0
CIPHER_SM4_ECB PAD_ISO9797_1_M1_ALG3;no;		0.014000;0;0;0
CIPHER_SM4_ECB PAD_ISO9797_1_M2_ALG3;no;		0.015000;0;0;0
CIPHER_SM4_ECB PAD_PKCS5;no;		0.014000;0;0;0
CIPHER_SM4_ECB PAD_PKCS1;no;		0.014000;0;0;0
CIPHER_SM4_ECB PAD_PKCS1_PSS;no;		0.014000;0;0;0
CIPHER_SM4_ECB PAD_PKCS1_OAEP;no;		0.014000;0;0;0
CIPHER_SM4_ECB PAD_ISO9796;no;		0.014000;0;0;0
CIPHER_SM4_ECB PAD_ISO9796_MR;no;		0.014000;0;0;0
CIPHER_SM4_ECB PAD_RFC2409;no;		0.014000;0;0;0
CIPHER_SM4_ECB PAD_PKCS1_OAEP_SHA224;no;		0.014000;0;0;0
CIPHER_SM4_ECB PAD_PKCS1_OAEP_SHA256;no;		0.015000;0;0;0
CIPHER_SM4_ECB PAD_PKCS1_OAEP_SHA384;no;		0.014000;0;0;0
CIPHER_SM4_ECB PAD_PKCS1_OAEP_SHA512;no;		0.014000;0;0;0
CIPHER_SM4_ECB PAD_PKCS1_OAEP_SHA3_224;no;		0.014000;0;0;0
CIPHER_SM4_ECB PAD_PKCS1_OAEP_SHA3_256;no;		0.015000;0;0;0
CIPHER_SM4_ECB PAD_PKCS1_OAEP_SHA3_384;no;		0.014000;0;0;0
CIPHER_SM4_ECB PAD_PKCS1_OAEP_SHA3_512;no;		0.015000;0;0;0
CIPHER_SM4_ECB PAD_ISO9796_MR_SCHEME_2;no;		0.014000;0;0;0
CIPHER_SM4_ECB PAD_ISO9796_MR_SCHEME_3;no;		0.014000;0;0;0
CIPHER_SM4_CBC PAD_NULL;no;		0.013000;0;0;0
CIPHER_SM4_CBC PAD_NOPAD;no;		0.014000;0;0;0
CIPHER_SM4_CBC PAD_ISO9797_M1;no;		0.014000;0;0;0
CIPHER_SM4_CBC PAD_ISO9797_M2;no;		0.014000;0;0;0
CIPHER_SM4_CBC PAD_ISO9797_1_M1_ALG3;no;		0.014000;0;0;0
CIPHER_SM4_CBC PAD_ISO9797_1_M2_ALG3;no;		0.014000;0;0;0
CIPHER_SM4_CBC PAD_PKCS5;no;		0.014000;0;0;0
CIPHER_SM4_CBC PAD_PKCS1;no;		0.015000;0;0;0
CIPHER_SM4_CBC PAD_PKCS1_PSS;no;		0.014000;0;0;0
CIPHER_SM4_CBC PAD_PKCS1_OAEP;no;		0.014000;0;0;0
CIPHER_SM4_CBC PAD_ISO9796;no;		0.013000;0;0;0
CIPHER_SM4_CBC PAD_ISO9796_MR;no;		0.014000;0;0;0
CIPHER_SM4_CBC PAD_RFC2409;no;		0.014000;0;0;0
CIPHER_SM4_CBC PAD_PKCS1_OAEP_SHA224;no;		0.014000;0;0;0
CIPHER_SM4_CBC PAD_PKCS1_OAEP_SHA256;no;		0.014000;0;0;0
CIPHER_SM4_CBC PAD_PKCS1_OAEP_SHA384;no;		0.014000;0;0;0
CIPHER_SM4_CBC PAD_PKCS1_OAEP_SHA512;no;		0.014000;0;0;0
CIPHER_SM4_CBC PAD_PKCS1_OAEP_SHA3_224;no;		0.013000;0;0;0
CIPHER_SM4_CBC PAD_PKCS1_OAEP_SHA3_256;no;		0.014000;0;0;0
CIPHER_SM4_CBC PAD_PKCS1_OAEP_SHA3_384;no;		0.014000;0;0;0
CIPHER_SM4_CBC PAD_PKCS1_OAEP_SHA3_512;no;		0.013000;0;0;0
CIPHER_SM4_CBC PAD_ISO9796_MR_SCHEME_2;no;		0.014000;0;0;0
CIPHER_SM4_CBC PAD_ISO9796_MR_SCHEME_3;no;		0.014000;0;0;0
CIPHER_SM2 PAD_NULL;no;		0.014000;0;0;0
CIPHER_SM2 PAD_NOPAD;no;		0.014000;0;0;0
CIPHER_SM2 PAD_ISO9797_M1;no;		0.014000;0;0;0
CIPHER_SM2 PAD_ISO9797_M2;no;		0.014000;0;0;0
CIPHER_SM2 PAD_ISO9797_1_M1_ALG3;no;		0.014000;0;0;0
CIPHER_SM2 PAD_ISO9797_1_M2_ALG3;no;		0.014000;0;0;0
CIPHER_SM2 PAD_PKCS5;no;		0.014000;0;0;0
CIPHER_SM2 PAD_PKCS1;no;		0.014000;0;0;0
CIPHER_SM2 PAD_PKCS1_PSS;no;		0.013000;0;0;0
CIPHER_SM2 PAD_PKCS1_OAEP;no;		0.014000;0;0;0
CIPHER_SM2 PAD_ISO9796;no;		0.014000;0;0;0
CIPHER_SM2 PAD_ISO9796_MR;no;		0.014000;0;0;0
CIPHER_SM2 PAD_RFC2409;no;		0.013000;0;0;0
CIPHER_SM2 PAD_PKCS1_OAEP_SHA224;no;		0.014000;0;0;0
CIPHER_SM2 PAD_PKCS1_OAEP_SHA256;no;		0.014000;0;0;0
CIPHER_SM2 PAD_PKCS1_OAEP_SHA384;no;		0.014000;0;0;0
CIPHER_SM2 PAD_PKCS1_OAEP_SHA512;no;		0.014000;0;0;0
CIPHER_SM2 PAD_PKCS1_OAEP_SHA3_224;no;		0.014000;0;0;0
CIPHER_SM2 PAD_PKCS1_OAEP_SHA3_256;no;		0.014000;0;0;0
CIPHER_SM2 PAD_PKCS1_OAEP_SHA3_384;no;		0.013000;0;0;0
CIPHER_SM2 PAD_PKCS1_OAEP_SHA3_512;no;		0.014000;0;0;0
CIPHER_SM2 PAD_ISO9796_MR_SCHEME_2;no;		0.014000;0;0;0
CIPHER_SM2 PAD_ISO9796_MR_SCHEME_3;no;		0.014000;0;0;0
 
javacard.crypto.Signature.getInstance(byte messageDigestAlgorithm, byte cipherAlgorithm, byte paddingAlgorithm, boolean externalAccess) 
SIG_CIPHER_DES_MAC4 PAD_NULL ALG_NULL;no;		0.014000;0;0;0
SIG_CIPHER_DES_MAC4 PAD_NULL ALG_SHA;no;		0.014000;0;0;0
SIG_CIPHER_DES_MAC4 PAD_NULL ALG_MD5;no;		0.014000;0;0;0
SIG_CIPHER_DES_MAC4 PAD_NULL ALG_RIPEMD160;no;		0.014000;0;0;0
SIG_CIPHER_DES_MAC4 PAD_NULL ALG_SHA_256;no;		0.014000;0;0;0
SIG_CIPHER_DES_MAC4 PAD_NULL ALG_SHA_384;no;		0.015000;0;0;0
SIG_CIPHER_DES_MAC4 PAD_NULL ALG_SHA_512;no;		0.014000;0;0;0
SIG_CIPHER_DES_MAC4 PAD_NULL ALG_SHA_224;no;		0.014000;0;0;0
SIG_CIPHER_DES_MAC4 PAD_NULL ALG_SHA3_224;no;		0.014000;0;0;0
SIG_CIPHER_DES_MAC4 PAD_NULL ALG_SHA3_256;no;		0.014000;0;0;0
SIG_CIPHER_DES_MAC4 PAD_NULL ALG_SHA3_384;no;		0.014000;0;0;0
SIG_CIPHER_DES_MAC4 PAD_NULL ALG_SHA3_512;no;		0.014000;0;0;0
SIG_CIPHER_DES_MAC4 PAD_NOPAD ALG_NULL;yes;		0.049000;28;19;19
SIG_CIPHER_DES_MAC4 PAD_NOPAD ALG_SHA;no;		0.014000;0;0;0
SIG_CIPHER_DES_MAC4 PAD_NOPAD ALG_MD5;no;		0.014000;0;0;0
SIG_CIPHER_DES_MAC4 PAD_NOPAD ALG_RIPEMD160;no;		0.013000;0;0;0
SIG_CIPHER_DES_MAC4 PAD_NOPAD ALG_SHA_256;no;		0.014000;0;0;0
SIG_CIPHER_DES_MAC4 PAD_NOPAD ALG_SHA_384;no;		0.014000;0;0;0
SIG_CIPHER_DES_MAC4 PAD_NOPAD ALG_SHA_512;no;		0.013000;0;0;0
SIG_CIPHER_DES_MAC4 PAD_NOPAD ALG_SHA_224;no;		0.014000;0;0;0
SIG_CIPHER_DES_MAC4 PAD_NOPAD ALG_SHA3_224;no;		0.015000;0;0;0
SIG_CIPHER_DES_MAC4 PAD_NOPAD ALG_SHA3_256;no;		0.014000;0;0;0
SIG_CIPHER_DES_MAC4 PAD_NOPAD ALG_SHA3_384;no;		0.014000;0;0;0
SIG_CIPHER_DES_MAC4 PAD_NOPAD ALG_SHA3_512;no;		0.014000;0;0;0
SIG_CIPHER_DES_MAC4 PAD_ISO9797_M1 ALG_NULL;yes;		0.049000;28;19;19
SIG_CIPHER_DES_MAC4 PAD_ISO9797_M1 ALG_SHA;no;		0.014000;0;0;0
SIG_CIPHER_DES_MAC4 PAD_ISO9797_M1 ALG_MD5;no;		0.014000;0;0;0
SIG_CIPHER_DES_MAC4 PAD_ISO9797_M1 ALG_RIPEMD160;no;		0.015000;0;0;0
SIG_CIPHER_DES_MAC4 PAD_ISO9797_M1 ALG_SHA_256;no;		0.015000;0;0;0
SIG_CIPHER_DES_MAC4 PAD_ISO9797_M1 ALG_SHA_384;no;		0.015000;0;0;0
SIG_CIPHER_DES_MAC4 PAD_ISO9797_M1 ALG_SHA_512;no;		0.014000;0;0;0
SIG_CIPHER_DES_MAC4 PAD_ISO9797_M1 ALG_SHA_224;no;		0.014000;0;0;0
SIG_CIPHER_DES_MAC4 PAD_ISO9797_M1 ALG_SHA3_224;no;		0.014000;0;0;0
SIG_CIPHER_DES_MAC4 PAD_ISO9797_M1 ALG_SHA3_256;no;		0.015000;0;0;0
SIG_CIPHER_DES_MAC4 PAD_ISO9797_M1 ALG_SHA3_384;no;		0.015000;0;0;0
SIG_CIPHER_DES_MAC4 PAD_ISO9797_M1 ALG_SHA3_512;no;		0.014000;0;0;0
SIG_CIPHER_DES_MAC4 PAD_ISO9797_M2 ALG_NULL;yes;		0.048000;28;19;19
SIG_CIPHER_DES_MAC4 PAD_ISO9797_M2 ALG_SHA;no;		0.015000;0;0;0
SIG_CIPHER_DES_MAC4 PAD_ISO9797_M2 ALG_MD5;no;		0.014000;0;0;0
SIG_CIPHER_DES_MAC4 PAD_ISO9797_M2 ALG_RIPEMD160;no;		0.014000;0;0;0
SIG_CIPHER_DES_MAC4 PAD_ISO9797_M2 ALG_SHA_256;no;		0.014000;0;0;0
SIG_CIPHER_DES_MAC4 PAD_ISO9797_M2 ALG_SHA_384;no;		0.015000;0;0;0
SIG_CIPHER_DES_MAC4 PAD_ISO9797_M2 ALG_SHA_512;no;		0.014000;0;0;0
SIG_CIPHER_DES_MAC4 PAD_ISO9797_M2 ALG_SHA_224;no;		0.013000;0;0;0
SIG_CIPHER_DES_MAC4 PAD_ISO9797_M2 ALG_SHA3_224;no;		0.014000;0;0;0
SIG_CIPHER_DES_MAC4 PAD_ISO9797_M2 ALG_SHA3_256;no;		0.014000;0;0;0
SIG_CIPHER_DES_MAC4 PAD_ISO9797_M2 ALG_SHA3_384;no;		0.014000;0;0;0
SIG_CIPHER_DES_MAC4 PAD_ISO9797_M2 ALG_SHA3_512;no;		0.014000;0;0;0
SIG_CIPHER_DES_MAC4 PAD_ISO9797_1_M1_ALG3 ALG_NULL;yes;		0.049000;28;19;19
SIG_CIPHER_DES_MAC4 PAD_ISO9797_1_M1_ALG3 ALG_SHA;no;		0.014000;0;0;0
SIG_CIPHER_DES_MAC4 PAD_ISO9797_1_M1_ALG3 ALG_MD5;no;		0.015000;0;0;0
SIG_CIPHER_DES_MAC4 PAD_ISO9797_1_M1_ALG3 ALG_RIPEMD160;no;		0.015000;0;0;0
SIG_CIPHER_DES_MAC4 PAD_ISO9797_1_M1_ALG3 ALG_SHA_256;no;		0.014000;0;0;0
SIG_CIPHER_DES_MAC4 PAD_ISO9797_1_M1_ALG3 ALG_SHA_384;no;		0.014000;0;0;0
SIG_CIPHER_DES_MAC4 PAD_ISO9797_1_M1_ALG3 ALG_SHA_512;no;		0.015000;0;0;0
SIG_CIPHER_DES_MAC4 PAD_ISO9797_1_M1_ALG3 ALG_SHA_224;no;		0.015000;0;0;0
SIG_CIPHER_DES_MAC4 PAD_ISO9797_1_M1_ALG3 ALG_SHA3_224;no;		0.014000;0;0;0
SIG_CIPHER_DES_MAC4 PAD_ISO9797_1_M1_ALG3 ALG_SHA3_256;no;		0.015000;0;0;0
SIG_CIPHER_DES_MAC4 PAD_ISO9797_1_M1_ALG3 ALG_SHA3_384;no;		0.014000;0;0;0
SIG_CIPHER_DES_MAC4 PAD_ISO9797_1_M1_ALG3 ALG_SHA3_512;no;		0.014000;0;0;0
SIG_CIPHER_DES_MAC4 PAD_ISO9797_1_M2_ALG3 ALG_NULL;yes;		0.048000;28;19;19
SIG_CIPHER_DES_MAC4 PAD_ISO9797_1_M2_ALG3 ALG_SHA;no;		0.014000;0;0;0
SIG_CIPHER_DES_MAC4 PAD_ISO9797_1_M2_ALG3 ALG_MD5;no;		0.014000;0;0;0
SIG_CIPHER_DES_MAC4 PAD_ISO9797_1_M2_ALG3 ALG_RIPEMD160;no;		0.014000;0;0;0
SIG_CIPHER_DES_MAC4 PAD_ISO9797_1_M2_ALG3 ALG_SHA_256;no;		0.014000;0;0;0
SIG_CIPHER_DES_MAC4 PAD_ISO9797_1_M2_ALG3 ALG_SHA_384;no;		0.014000;0;0;0
SIG_CIPHER_DES_MAC4 PAD_ISO9797_1_M2_ALG3 ALG_SHA_512;no;		0.014000;0;0;0
SIG_CIPHER_DES_MAC4 PAD_ISO9797_1_M2_ALG3 ALG_SHA_224;no;		0.014000;0;0;0
SIG_CIPHER_DES_MAC4 PAD_ISO9797_1_M2_ALG3 ALG_SHA3_224;no;		0.014000;0;0;0
SIG_CIPHER_DES_MAC4 PAD_ISO9797_1_M2_ALG3 ALG_SHA3_256;no;		0.015000;0;0;0
SIG_CIPHER_DES_MAC4 PAD_ISO9797_1_M2_ALG3 ALG_SHA3_384;no;		0.013000;0;0;0
SIG_CIPHER_DES_MAC4 PAD_ISO9797_1_M2_ALG3 ALG_SHA3_512;no;		0.013000;0;0;0
SIG_CIPHER_DES_MAC4 PAD_PKCS5 ALG_NULL;yes;		0.048000;28;19;19
SIG_CIPHER_DES_MAC4 PAD_PKCS5 ALG_SHA;no;		0.014000;0;0;0
SIG_CIPHER_DES_MAC4 PAD_PKCS5 ALG_MD5;no;		0.014000;0;0;0
SIG_CIPHER_DES_MAC4 PAD_PKCS5 ALG_RIPEMD160;no;		0.014000;0;0;0
SIG_CIPHER_DES_MAC4 PAD_PKCS5 ALG_SHA_256;no;		0.014000;0;0;0
SIG_CIPHER_DES_MAC4 PAD_PKCS5 ALG_SHA_384;no;		0.014000;0;0;0
SIG_CIPHER_DES_MAC4 PAD_PKCS5 ALG_SHA_512;no;		0.014000;0;0;0
SIG_CIPHER_DES_MAC4 PAD_PKCS5 ALG_SHA_224;no;		0.014000;0;0;0
SIG_CIPHER_DES_MAC4 PAD_PKCS5 ALG_SHA3_224;no;		0.014000;0;0;0
SIG_CIPHER_DES_MAC4 PAD_PKCS5 ALG_SHA3_256;no;		0.014000;0;0;0
SIG_CIPHER_DES_MAC4 PAD_PKCS5 ALG_SHA3_384;no;		0.014000;0;0;0
SIG_CIPHER_DES_MAC4 PAD_PKCS5 ALG_SHA3_512;no;		0.015000;0;0;0
SIG_CIPHER_DES_MAC4 PAD_PKCS1 ALG_NULL;no;		0.014000;0;0;0
SIG_CIPHER_DES_MAC4 PAD_PKCS1 ALG_SHA;no;		0.014000;0;0;0
SIG_CIPHER_DES_MAC4 PAD_PKCS1 ALG_MD5;no;		0.014000;0;0;0
SIG_CIPHER_DES_MAC4 PAD_PKCS1 ALG_RIPEMD160;no;		0.014000;0;0;0
SIG_CIPHER_DES_MAC4 PAD_PKCS1 ALG_SHA_256;no;		0.015000;0;0;0
SIG_CIPHER_DES_MAC4 PAD_PKCS1 ALG_SHA_384;no;		0.014000;0;0;0
SIG_CIPHER_DES_MAC4 PAD_PKCS1 ALG_SHA_512;no;		0.014000;0;0;0
SIG_CIPHER_DES_MAC4 PAD_PKCS1 ALG_SHA_224;no;		0.015000;0;0;0
SIG_CIPHER_DES_MAC4 PAD_PKCS1 ALG_SHA3_224;no;		0.014000;0;0;0
SIG_CIPHER_DES_MAC4 PAD_PKCS1 ALG_SHA3_256;no;		0.014000;0;0;0
SIG_CIPHER_DES_MAC4 PAD_PKCS1 ALG_SHA3_384;no;		0.014000;0;0;0
SIG_CIPHER_DES_MAC4 PAD_PKCS1 ALG_SHA3_512;no;		0.014000;0;0;0
SIG_CIPHER_DES_MAC4 PAD_PKCS1_PSS ALG_NULL;no;		0.014000;0;0;0
SIG_CIPHER_DES_MAC4 PAD_PKCS1_PSS ALG_SHA;no;		0.015000;0;0;0
SIG_CIPHER_DES_MAC4 PAD_PKCS1_PSS ALG_MD5;no;		0.015000;0;0;0
SIG_CIPHER_DES_MAC4 PAD_PKCS1_PSS ALG_RIPEMD160;no;		0.014000;0;0;0
SIG_CIPHER_DES_MAC4 PAD_PKCS1_PSS ALG_SHA_256;no;		0.015000;0;0;0
SIG_CIPHER_DES_MAC4 PAD_PKCS1_PSS ALG_SHA_384;no;		0.014000;0;0;0
SIG_CIPHER_DES_MAC4 PAD_PKCS1_PSS ALG_SHA_512;no;		0.015000;0;0;0
SIG_CIPHER_DES_MAC4 PAD_PKCS1_PSS ALG_SHA_224;no;		0.014000;0;0;0
SIG_CIPHER_DES_MAC4 PAD_PKCS1_PSS ALG_SHA3_224;no;		0.014000;0;0;0
SIG_CIPHER_DES_MAC4 PAD_PKCS1_PSS ALG_SHA3_256;no;		0.014000;0;0;0
SIG_CIPHER_DES_MAC4 PAD_PKCS1_PSS ALG_SHA3_384;no;		0.014000;0;0;0
SIG_CIPHER_DES_MAC4 PAD_PKCS1_PSS ALG_SHA3_512;no;		0.015000;0;0;0
SIG_CIPHER_DES_MAC4 PAD_PKCS1_OAEP ALG_NULL;no;		0.014000;0;0;0
SIG_CIPHER_DES_MAC4 PAD_PKCS1_OAEP ALG_SHA;no;		0.014000;0;0;0
SIG_CIPHER_DES_MAC4 PAD_PKCS1_OAEP ALG_MD5;no;		0.015000;0;0;0
SIG_CIPHER_DES_MAC4 PAD_PKCS1_OAEP ALG_RIPEMD160;no;		0.014000;0;0;0
SIG_CIPHER_DES_MAC4 PAD_PKCS1_OAEP ALG_SHA_256;no;		0.014000;0;0;0
SIG_CIPHER_DES_MAC4 PAD_PKCS1_OAEP ALG_SHA_384;no;		0.014000;0;0;0
SIG_CIPHER_DES_MAC4 PAD_PKCS1_OAEP ALG_SHA_512;no;		0.015000;0;0;0
SIG_CIPHER_DES_MAC4 PAD_PKCS1_OAEP ALG_SHA_224;no;		0.014000;0;0;0
SIG_CIPHER_DES_MAC4 PAD_PKCS1_OAEP ALG_SHA3_224;no;		0.014000;0;0;0
SIG_CIPHER_DES_MAC4 PAD_PKCS1_OAEP ALG_SHA3_256;no;		0.015000;0;0;0
SIG_CIPHER_DES_MAC4 PAD_PKCS1_OAEP ALG_SHA3_384;no;		0.014000;0;0;0
SIG_CIPHER_DES_MAC4 PAD_PKCS1_OAEP ALG_SHA3_512;no;		0.015000;0;0;0
SIG_CIPHER_DES_MAC4 PAD_ISO9796 ALG_NULL;no;		0.014000;0;0;0
SIG_CIPHER_DES_MAC4 PAD_ISO9796 ALG_SHA;no;		0.014000;0;0;0
SIG_CIPHER_DES_MAC4 PAD_ISO9796 ALG_MD5;no;		0.015000;0;0;0
SIG_CIPHER_DES_MAC4 PAD_ISO9796 ALG_RIPEMD160;no;		0.014000;0;0;0
SIG_CIPHER_DES_MAC4 PAD_ISO9796 ALG_SHA_256;no;		0.014000;0;0;0
SIG_CIPHER_DES_MAC4 PAD_ISO9796 ALG_SHA_384;no;		0.015000;0;0;0
SIG_CIPHER_DES_MAC4 PAD_ISO9796 ALG_SHA_512;no;		0.014000;0;0;0
SIG_CIPHER_DES_MAC4 PAD_ISO9796 ALG_SHA_224;no;		0.015000;0;0;0
SIG_CIPHER_DES_MAC4 PAD_ISO9796 ALG_SHA3_224;no;		0.014000;0;0;0
SIG_CIPHER_DES_MAC4 PAD_ISO9796 ALG_SHA3_256;no;		0.014000;0;0;0
SIG_CIPHER_DES_MAC4 PAD_ISO9796 ALG_SHA3_384;no;		0.015000;0;0;0
SIG_CIPHER_DES_MAC4 PAD_ISO9796 ALG_SHA3_512;no;		0.014000;0;0;0
SIG_CIPHER_DES_MAC4 PAD_ISO9796_MR ALG_NULL;no;		0.014000;0;0;0
SIG_CIPHER_DES_MAC4 PAD_ISO9796_MR ALG_SHA;no;		0.014000;0;0;0
SIG_CIPHER_DES_MAC4 PAD_ISO9796_MR ALG_MD5;no;		0.014000;0;0;0
SIG_CIPHER_DES_MAC4 PAD_ISO9796_MR ALG_RIPEMD160;no;		0.014000;0;0;0
SIG_CIPHER_DES_MAC4 PAD_ISO9796_MR ALG_SHA_256;no;		0.014000;0;0;0
SIG_CIPHER_DES_MAC4 PAD_ISO9796_MR ALG_SHA_384;no;		0.014000;0;0;0
SIG_CIPHER_DES_MAC4 PAD_ISO9796_MR ALG_SHA_512;no;		0.014000;0;0;0
SIG_CIPHER_DES_MAC4 PAD_ISO9796_MR ALG_SHA_224;no;		0.015000;0;0;0
SIG_CIPHER_DES_MAC4 PAD_ISO9796_MR ALG_SHA3_224;no;		0.014000;0;0;0
SIG_CIPHER_DES_MAC4 PAD_ISO9796_MR ALG_SHA3_256;no;		0.014000;0;0;0
SIG_CIPHER_DES_MAC4 PAD_ISO9796_MR ALG_SHA3_384;no;		0.015000;0;0;0
SIG_CIPHER_DES_MAC4 PAD_ISO9796_MR ALG_SHA3_512;no;		0.014000;0;0;0
SIG_CIPHER_DES_MAC4 PAD_RFC2409 ALG_NULL;no;		0.014000;0;0;0
SIG_CIPHER_DES_MAC4 PAD_RFC2409 ALG_SHA;no;		0.014000;0;0;0
SIG_CIPHER_DES_MAC4 PAD_RFC2409 ALG_MD5;no;		0.014000;0;0;0
SIG_CIPHER_DES_MAC4 PAD_RFC2409 ALG_RIPEMD160;no;		0.014000;0;0;0
SIG_CIPHER_DES_MAC4 PAD_RFC2409 ALG_SHA_256;no;		0.014000;0;0;0
SIG_CIPHER_DES_MAC4 PAD_RFC2409 ALG_SHA_384;no;		0.015000;0;0;0
SIG_CIPHER_DES_MAC4 PAD_RFC2409 ALG_SHA_512;no;		0.014000;0;0;0
SIG_CIPHER_DES_MAC4 PAD_RFC2409 ALG_SHA_224;no;		0.014000;0;0;0
SIG_CIPHER_DES_MAC4 PAD_RFC2409 ALG_SHA3_224;no;		0.014000;0;0;0
SIG_CIPHER_DES_MAC4 PAD_RFC2409 ALG_SHA3_256;no;		0.014000;0;0;0
SIG_CIPHER_DES_MAC4 PAD_RFC2409 ALG_SHA3_384;no;		0.015000;0;0;0
SIG_CIPHER_DES_MAC4 PAD_RFC2409 ALG_SHA3_512;no;		0.015000;0;0;0
SIG_CIPHER_DES_MAC4 PAD_PKCS1_OAEP_SHA224 ALG_NULL;no;		0.015000;0;0;0
SIG_CIPHER_DES_MAC4 PAD_PKCS1_OAEP_SHA224 ALG_SHA;no;		0.015000;0;0;0
SIG_CIPHER_DES_MAC4 PAD_PKCS1_OAEP_SHA224 ALG_MD5;no;		0.015000;0;0;0
SIG_CIPHER_DES_MAC4 PAD_PKCS1_OAEP_SHA224 ALG_RIPEMD160;no;		0.014000;0;0;0
SIG_CIPHER_DES_MAC4 PAD_PKCS1_OAEP_SHA224 ALG_SHA_256;no;		0.014000;0;0;0
SIG_CIPHER_DES_MAC4 PAD_PKCS1_OAEP_SHA224 ALG_SHA_384;no;		0.014000;0;0;0
SIG_CIPHER_DES_MAC4 PAD_PKCS1_OAEP_SHA224 ALG_SHA_512;no;		0.014000;0;0;0
SIG_CIPHER_DES_MAC4 PAD_PKCS1_OAEP_SHA224 ALG_SHA_224;no;		0.014000;0;0;0
SIG_CIPHER_DES_MAC4 PAD_PKCS1_OAEP_SHA224 ALG_SHA3_224;no;		0.015000;0;0;0
SIG_CIPHER_DES_MAC4 PAD_PKCS1_OAEP_SHA224 ALG_SHA3_256;no;		0.014000;0;0;0
SIG_CIPHER_DES_MAC4 PAD_PKCS1_OAEP_SHA224 ALG_SHA3_384;no;		0.015000;0;0;0
SIG_CIPHER_DES_MAC4 PAD_PKCS1_OAEP_SHA224 ALG_SHA3_512;no;		0.015000;0;0;0
SIG_CIPHER_DES_MAC4 PAD_PKCS1_OAEP_SHA256 ALG_NULL;no;		0.015000;0;0;0
SIG_CIPHER_DES_MAC4 PAD_PKCS1_OAEP_SHA256 ALG_SHA;no;		0.015000;0;0;0
SIG_CIPHER_DES_MAC4 PAD_PKCS1_OAEP_SHA256 ALG_MD5;no;		0.014000;0;0;0
SIG_CIPHER_DES_MAC4 PAD_PKCS1_OAEP_SHA256 ALG_RIPEMD160;no;		0.014000;0;0;0
SIG_CIPHER_DES_MAC4 PAD_PKCS1_OAEP_SHA256 ALG_SHA_256;no;		0.015000;0;0;0
SIG_CIPHER_DES_MAC4 PAD_PKCS1_OAEP_SHA256 ALG_SHA_384;no;		0.014000;0;0;0
SIG_CIPHER_DES_MAC4 PAD_PKCS1_OAEP_SHA256 ALG_SHA_512;no;		0.014000;0;0;0
SIG_CIPHER_DES_MAC4 PAD_PKCS1_OAEP_SHA256 ALG_SHA_224;no;		0.014000;0;0;0
SIG_CIPHER_DES_MAC4 PAD_PKCS1_OAEP_SHA256 ALG_SHA3_224;no;		0.014000;0;0;0
SIG_CIPHER_DES_MAC4 PAD_PKCS1_OAEP_SHA256 ALG_SHA3_256;no;		0.015000;0;0;0
SIG_CIPHER_DES_MAC4 PAD_PKCS1_OAEP_SHA256 ALG_SHA3_384;no;		0.014000;0;0;0
SIG_CIPHER_DES_MAC4 PAD_PKCS1_OAEP_SHA256 ALG_SHA3_512;no;		0.014000;0;0;0
SIG_CIPHER_DES_MAC4 PAD_PKCS1_OAEP_SHA384 ALG_NULL;no;		0.014000;0;0;0
SIG_CIPHER_DES_MAC4 PAD_PKCS1_OAEP_SHA384 ALG_SHA;no;		0.014000;0;0;0
SIG_CIPHER_DES_MAC4 PAD_PKCS1_OAEP_SHA384 ALG_MD5;no;		0.015000;0;0;0
SIG_CIPHER_DES_MAC4 PAD_PKCS1_OAEP_SHA384 ALG_RIPEMD160;no;		0.015000;0;0;0
SIG_CIPHER_DES_MAC4 PAD_PKCS1_OAEP_SHA384 ALG_SHA_256;no;		0.015000;0;0;0
SIG_CIPHER_DES_MAC4 PAD_PKCS1_OAEP_SHA384 ALG_SHA_384;no;		0.015000;0;0;0
SIG_CIPHER_DES_MAC4 PAD_PKCS1_OAEP_SHA384 ALG_SHA_512;no;		0.015000;0;0;0
SIG_CIPHER_DES_MAC4 PAD_PKCS1_OAEP_SHA384 ALG_SHA_224;no;		0.014000;0;0;0
SIG_CIPHER_DES_MAC4 PAD_PKCS1_OAEP_SHA384 ALG_SHA3_224;no;		0.015000;0;0;0
SIG_CIPHER_DES_MAC4 PAD_PKCS1_OAEP_SHA384 ALG_SHA3_256;no;		0.015000;0;0;0
SIG_CIPHER_DES_MAC4 PAD_PKCS1_OAEP_SHA384 ALG_SHA3_384;no;		0.015000;0;0;0
SIG_CIPHER_DES_MAC4 PAD_PKCS1_OAEP_SHA384 ALG_SHA3_512;no;		0.015000;0;0;0
SIG_CIPHER_DES_MAC4 PAD_PKCS1_OAEP_SHA512 ALG_NULL;no;		0.015000;0;0;0
SIG_CIPHER_DES_MAC4 PAD_PKCS1_OAEP_SHA512 ALG_SHA;no;		0.015000;0;0;0
SIG_CIPHER_DES_MAC4 PAD_PKCS1_OAEP_SHA512 ALG_MD5;no;		0.014000;0;0;0
SIG_CIPHER_DES_MAC4 PAD_PKCS1_OAEP_SHA512 ALG_RIPEMD160;no;		0.014000;0;0;0
SIG_CIPHER_DES_MAC4 PAD_PKCS1_OAEP_SHA512 ALG_SHA_256;no;		0.014000;0;0;0
SIG_CIPHER_DES_MAC4 PAD_PKCS1_OAEP_SHA512 ALG_SHA_384;no;		0.014000;0;0;0
SIG_CIPHER_DES_MAC4 PAD_PKCS1_OAEP_SHA512 ALG_SHA_512;no;		0.014000;0;0;0
SIG_CIPHER_DES_MAC4 PAD_PKCS1_OAEP_SHA512 ALG_SHA_224;no;		0.014000;0;0;0
SIG_CIPHER_DES_MAC4 PAD_PKCS1_OAEP_SHA512 ALG_SHA3_224;no;		0.014000;0;0;0
SIG_CIPHER_DES_MAC4 PAD_PKCS1_OAEP_SHA512 ALG_SHA3_256;no;		0.014000;0;0;0
SIG_CIPHER_DES_MAC4 PAD_PKCS1_OAEP_SHA512 ALG_SHA3_384;no;		0.014000;0;0;0
SIG_CIPHER_DES_MAC4 PAD_PKCS1_OAEP_SHA512 ALG_SHA3_512;no;		0.014000;0;0;0
SIG_CIPHER_DES_MAC4 PAD_PKCS1_OAEP_SHA3_224 ALG_NULL;no;		0.014000;0;0;0
SIG_CIPHER_DES_MAC4 PAD_PKCS1_OAEP_SHA3_224 ALG_SHA;no;		0.014000;0;0;0
SIG_CIPHER_DES_MAC4 PAD_PKCS1_OAEP_SHA3_224 ALG_MD5;no;		0.015000;0;0;0
SIG_CIPHER_DES_MAC4 PAD_PKCS1_OAEP_SHA3_224 ALG_RIPEMD160;no;		0.014000;0;0;0
SIG_CIPHER_DES_MAC4 PAD_PKCS1_OAEP_SHA3_224 ALG_SHA_256;no;		0.014000;0;0;0
SIG_CIPHER_DES_MAC4 PAD_PKCS1_OAEP_SHA3_224 ALG_SHA_384;no;		0.014000;0;0;0
SIG_CIPHER_DES_MAC4 PAD_PKCS1_OAEP_SHA3_224 ALG_SHA_512;no;		0.014000;0;0;0
SIG_CIPHER_DES_MAC4 PAD_PKCS1_OAEP_SHA3_224 ALG_SHA_224;no;		0.014000;0;0;0
SIG_CIPHER_DES_MAC4 PAD_PKCS1_OAEP_SHA3_224 ALG_SHA3_224;no;		0.014000;0;0;0
SIG_CIPHER_DES_MAC4 PAD_PKCS1_OAEP_SHA3_224 ALG_SHA3_256;no;		0.014000;0;0;0
SIG_CIPHER_DES_MAC4 PAD_PKCS1_OAEP_SHA3_224 ALG_SHA3_384;no;		0.015000;0;0;0
SIG_CIPHER_DES_MAC4 PAD_PKCS1_OAEP_SHA3_224 ALG_SHA3_512;no;		0.014000;0;0;0
SIG_CIPHER_DES_MAC4 PAD_PKCS1_OAEP_SHA3_256 ALG_NULL;no;		0.014000;0;0;0
SIG_CIPHER_DES_MAC4 PAD_PKCS1_OAEP_SHA3_256 ALG_SHA;no;		0.014000;0;0;0
SIG_CIPHER_DES_MAC4 PAD_PKCS1_OAEP_SHA3_256 ALG_MD5;no;		0.015000;0;0;0
SIG_CIPHER_DES_MAC4 PAD_PKCS1_OAEP_SHA3_256 ALG_RIPEMD160;no;		0.014000;0;0;0
SIG_CIPHER_DES_MAC4 PAD_PKCS1_OAEP_SHA3_256 ALG_SHA_256;no;		0.014000;0;0;0
SIG_CIPHER_DES_MAC4 PAD_PKCS1_OAEP_SHA3_256 ALG_SHA_384;no;		0.014000;0;0;0
SIG_CIPHER_DES_MAC4 PAD_PKCS1_OAEP_SHA3_256 ALG_SHA_512;no;		0.014000;0;0;0
SIG_CIPHER_DES_MAC4 PAD_PKCS1_OAEP_SHA3_256 ALG_SHA_224;no;		0.014000;0;0;0
SIG_CIPHER_DES_MAC4 PAD_PKCS1_OAEP_SHA3_256 ALG_SHA3_224;no;		0.014000;0;0;0
SIG_CIPHER_DES_MAC4 PAD_PKCS1_OAEP_SHA3_256 ALG_SHA3_256;no;		0.014000;0;0;0
SIG_CIPHER_DES_MAC4 PAD_PKCS1_OAEP_SHA3_256 ALG_SHA3_384;no;		0.014000;0;0;0
SIG_CIPHER_DES_MAC4 PAD_PKCS1_OAEP_SHA3_256 ALG_SHA3_512;no;		0.015000;0;0;0
SIG_CIPHER_DES_MAC4 PAD_PKCS1_OAEP_SHA3_384 ALG_NULL;no;		0.014000;0;0;0
SIG_CIPHER_DES_MAC4 PAD_PKCS1_OAEP_SHA3_384 ALG_SHA;no;		0.014000;0;0;0
SIG_CIPHER_DES_MAC4 PAD_PKCS1_OAEP_SHA3_384 ALG_MD5;no;		0.014000;0;0;0
SIG_CIPHER_DES_MAC4 PAD_PKCS1_OAEP_SHA3_384 ALG_RIPEMD160;no;		0.014000;0;0;0
SIG_CIPHER_DES_MAC4 PAD_PKCS1_OAEP_SHA3_384 ALG_SHA_256;no;		0.014000;0;0;0
SIG_CIPHER_DES_MAC4 PAD_PKCS1_OAEP_SHA3_384 ALG_SHA_384;no;		0.014000;0;0;0
SIG_CIPHER_DES_MAC4 PAD_PKCS1_OAEP_SHA3_384 ALG_SHA_512;no;		0.014000;0;0;0
SIG_CIPHER_DES_MAC4 PAD_PKCS1_OAEP_SHA3_384 ALG_SHA_224;no;		0.014000;0;0;0
SIG_CIPHER_DES_MAC4 PAD_PKCS1_OAEP_SHA3_384 ALG_SHA3_224;no;		0.014000;0;0;0
SIG_CIPHER_DES_MAC4 PAD_PKCS1_OAEP_SHA3_384 ALG_SHA3_256;no;		0.014000;0;0;0
SIG_CIPHER_DES_MAC4 PAD_PKCS1_OAEP_SHA3_384 ALG_SHA3_384;no;		0.014000;0;0;0
SIG_CIPHER_DES_MAC4 PAD_PKCS1_OAEP_SHA3_384 ALG_SHA3_512;no;		0.014000;0;0;0
SIG_CIPHER_DES_MAC4 PAD_PKCS1_OAEP_SHA3_512 ALG_NULL;no;		0.014000;0;0;0
SIG_CIPHER_DES_MAC4 PAD_PKCS1_OAEP_SHA3_512 ALG_SHA;no;		0.014000;0;0;0
SIG_CIPHER_DES_MAC4 PAD_PKCS1_OAEP_SHA3_512 ALG_MD5;no;		0.014000;0;0;0
SIG_CIPHER_DES_MAC4 PAD_PKCS1_OAEP_SHA3_512 ALG_RIPEMD160;no;		0.014000;0;0;0
SIG_CIPHER_DES_MAC4 PAD_PKCS1_OAEP_SHA3_512 ALG_SHA_256;no;		0.014000;0;0;0
SIG_CIPHER_DES_MAC4 PAD_PKCS1_OAEP_SHA3_512 ALG_SHA_384;no;		0.014000;0;0;0
SIG_CIPHER_DES_MAC4 PAD_PKCS1_OAEP_SHA3_512 ALG_SHA_512;no;		0.015000;0;0;0
SIG_CIPHER_DES_MAC4 PAD_PKCS1_OAEP_SHA3_512 ALG_SHA_224;no;		0.014000;0;0;0
SIG_CIPHER_DES_MAC4 PAD_PKCS1_OAEP_SHA3_512 ALG_SHA3_224;no;		0.014000;0;0;0
SIG_CIPHER_DES_MAC4 PAD_PKCS1_OAEP_SHA3_512 ALG_SHA3_256;no;		0.014000;0;0;0
SIG_CIPHER_DES_MAC4 PAD_PKCS1_OAEP_SHA3_512 ALG_SHA3_384;no;		0.014000;0;0;0
SIG_CIPHER_DES_MAC4 PAD_PKCS1_OAEP_SHA3_512 ALG_SHA3_512;no;		0.014000;0;0;0
SIG_CIPHER_DES_MAC4 PAD_ISO9796_MR_SCHEME_2 ALG_NULL;no;		0.015000;0;0;0
SIG_CIPHER_DES_MAC4 PAD_ISO9796_MR_SCHEME_2 ALG_SHA;no;		0.014000;0;0;0
SIG_CIPHER_DES_MAC4 PAD_ISO9796_MR_SCHEME_2 ALG_MD5;no;		0.014000;0;0;0
SIG_CIPHER_DES_MAC4 PAD_ISO9796_MR_SCHEME_2 ALG_RIPEMD160;no;		0.015000;0;0;0
SIG_CIPHER_DES_MAC4 PAD_ISO9796_MR_SCHEME_2 ALG_SHA_256;no;		0.015000;0;0;0
SIG_CIPHER_DES_MAC4 PAD_ISO9796_MR_SCHEME_2 ALG_SHA_384;no;		0.014000;0;0;0
SIG_CIPHER_DES_MAC4 PAD_ISO9796_MR_SCHEME_2 ALG_SHA_512;no;		0.014000;0;0;0
SIG_CIPHER_DES_MAC4 PAD_ISO9796_MR_SCHEME_2 ALG_SHA_224;no;		0.014000;0;0;0
SIG_CIPHER_DES_MAC4 PAD_ISO9796_MR_SCHEME_2 ALG_SHA3_224;no;		0.015000;0;0;0
SIG_CIPHER_DES_MAC4 PAD_ISO9796_MR_SCHEME_2 ALG_SHA3_256;no;		0.014000;0;0;0
SIG_CIPHER_DES_MAC4 PAD_ISO9796_MR_SCHEME_2 ALG_SHA3_384;no;		0.014000;0;0;0
SIG_CIPHER_DES_MAC4 PAD_ISO9796_MR_SCHEME_2 ALG_SHA3_512;no;		0.015000;0;0;0
SIG_CIPHER_DES_MAC4 PAD_ISO9796_MR_SCHEME_3 ALG_NULL;no;		0.014000;0;0;0
SIG_CIPHER_DES_MAC4 PAD_ISO9796_MR_SCHEME_3 ALG_SHA;no;		0.014000;0;0;0
SIG_CIPHER_DES_MAC4 PAD_ISO9796_MR_SCHEME_3 ALG_MD5;no;		0.014000;0;0;0
SIG_CIPHER_DES_MAC4 PAD_ISO9796_MR_SCHEME_3 ALG_RIPEMD160;no;		0.014000;0;0;0
SIG_CIPHER_DES_MAC4 PAD_ISO9796_MR_SCHEME_3 ALG_SHA_256;no;		0.014000;0;0;0
SIG_CIPHER_DES_MAC4 PAD_ISO9796_MR_SCHEME_3 ALG_SHA_384;no;		0.014000;0;0;0
SIG_CIPHER_DES_MAC4 PAD_ISO9796_MR_SCHEME_3 ALG_SHA_512;no;		0.014000;0;0;0
SIG_CIPHER_DES_MAC4 PAD_ISO9796_MR_SCHEME_3 ALG_SHA_224;no;		0.014000;0;0;0
SIG_CIPHER_DES_MAC4 PAD_ISO9796_MR_SCHEME_3 ALG_SHA3_224;no;		0.014000;0;0;0
SIG_CIPHER_DES_MAC4 PAD_ISO9796_MR_SCHEME_3 ALG_SHA3_256;no;		0.014000;0;0;0
SIG_CIPHER_DES_MAC4 PAD_ISO9796_MR_SCHEME_3 ALG_SHA3_384;no;		0.014000;0;0;0
SIG_CIPHER_DES_MAC4 PAD_ISO9796_MR_SCHEME_3 ALG_SHA3_512;no;		0.014000;0;0;0
SIG_CIPHER_DES_MAC8 PAD_NULL ALG_NULL;no;		0.014000;0;0;0
SIG_CIPHER_DES_MAC8 PAD_NULL ALG_SHA;no;		0.014000;0;0;0
SIG_CIPHER_DES_MAC8 PAD_NULL ALG_MD5;no;		0.014000;0;0;0
SIG_CIPHER_DES_MAC8 PAD_NULL ALG_RIPEMD160;no;		0.014000;0;0;0
SIG_CIPHER_DES_MAC8 PAD_NULL ALG_SHA_256;no;		0.014000;0;0;0
SIG_CIPHER_DES_MAC8 PAD_NULL ALG_SHA_384;no;		0.015000;0;0;0
SIG_CIPHER_DES_MAC8 PAD_NULL ALG_SHA_512;no;		0.014000;0;0;0
SIG_CIPHER_DES_MAC8 PAD_NULL ALG_SHA_224;no;		0.014000;0;0;0
SIG_CIPHER_DES_MAC8 PAD_NULL ALG_SHA3_224;no;		0.014000;0;0;0
SIG_CIPHER_DES_MAC8 PAD_NULL ALG_SHA3_256;no;		0.014000;0;0;0
SIG_CIPHER_DES_MAC8 PAD_NULL ALG_SHA3_384;no;		0.014000;0;0;0
SIG_CIPHER_DES_MAC8 PAD_NULL ALG_SHA3_512;no;		0.015000;0;0;0
SIG_CIPHER_DES_MAC8 PAD_NOPAD ALG_NULL;yes;		0.048000;28;19;19
SIG_CIPHER_DES_MAC8 PAD_NOPAD ALG_SHA;no;		0.015000;0;0;0
SIG_CIPHER_DES_MAC8 PAD_NOPAD ALG_MD5;no;		0.014000;0;0;0
SIG_CIPHER_DES_MAC8 PAD_NOPAD ALG_RIPEMD160;no;		0.014000;0;0;0
SIG_CIPHER_DES_MAC8 PAD_NOPAD ALG_SHA_256;no;		0.014000;0;0;0
SIG_CIPHER_DES_MAC8 PAD_NOPAD ALG_SHA_384;no;		0.014000;0;0;0
SIG_CIPHER_DES_MAC8 PAD_NOPAD ALG_SHA_512;no;		0.014000;0;0;0
SIG_CIPHER_DES_MAC8 PAD_NOPAD ALG_SHA_224;no;		0.015000;0;0;0
SIG_CIPHER_DES_MAC8 PAD_NOPAD ALG_SHA3_224;no;		0.014000;0;0;0
SIG_CIPHER_DES_MAC8 PAD_NOPAD ALG_SHA3_256;no;		0.014000;0;0;0
SIG_CIPHER_DES_MAC8 PAD_NOPAD ALG_SHA3_384;no;		0.014000;0;0;0
SIG_CIPHER_DES_MAC8 PAD_NOPAD ALG_SHA3_512;no;		0.015000;0;0;0
SIG_CIPHER_DES_MAC8 PAD_ISO9797_M1 ALG_NULL;yes;		0.048000;28;19;19
SIG_CIPHER_DES_MAC8 PAD_ISO9797_M1 ALG_SHA;no;		0.015000;0;0;0
SIG_CIPHER_DES_MAC8 PAD_ISO9797_M1 ALG_MD5;no;		0.014000;0;0;0
SIG_CIPHER_DES_MAC8 PAD_ISO9797_M1 ALG_RIPEMD160;no;		0.015000;0;0;0
SIG_CIPHER_DES_MAC8 PAD_ISO9797_M1 ALG_SHA_256;no;		0.014000;0;0;0
SIG_CIPHER_DES_MAC8 PAD_ISO9797_M1 ALG_SHA_384;no;		0.014000;0;0;0
SIG_CIPHER_DES_MAC8 PAD_ISO9797_M1 ALG_SHA_512;no;		0.015000;0;0;0
SIG_CIPHER_DES_MAC8 PAD_ISO9797_M1 ALG_SHA_224;no;		0.015000;0;0;0
SIG_CIPHER_DES_MAC8 PAD_ISO9797_M1 ALG_SHA3_224;no;		0.014000;0;0;0
SIG_CIPHER_DES_MAC8 PAD_ISO9797_M1 ALG_SHA3_256;no;		0.014000;0;0;0
SIG_CIPHER_DES_MAC8 PAD_ISO9797_M1 ALG_SHA3_384;no;		0.014000;0;0;0
SIG_CIPHER_DES_MAC8 PAD_ISO9797_M1 ALG_SHA3_512;no;		0.014000;0;0;0
SIG_CIPHER_DES_MAC8 PAD_ISO9797_M2 ALG_NULL;yes;		0.049000;28;19;19
SIG_CIPHER_DES_MAC8 PAD_ISO9797_M2 ALG_SHA;no;		0.015000;0;0;0
SIG_CIPHER_DES_MAC8 PAD_ISO9797_M2 ALG_MD5;no;		0.014000;0;0;0
SIG_CIPHER_DES_MAC8 PAD_ISO9797_M2 ALG_RIPEMD160;no;		0.014000;0;0;0
SIG_CIPHER_DES_MAC8 PAD_ISO9797_M2 ALG_SHA_256;no;		0.014000;0;0;0
SIG_CIPHER_DES_MAC8 PAD_ISO9797_M2 ALG_SHA_384;no;		0.014000;0;0;0
SIG_CIPHER_DES_MAC8 PAD_ISO9797_M2 ALG_SHA_512;no;		0.014000;0;0;0
SIG_CIPHER_DES_MAC8 PAD_ISO9797_M2 ALG_SHA_224;no;		0.014000;0;0;0
SIG_CIPHER_DES_MAC8 PAD_ISO9797_M2 ALG_SHA3_224;no;		0.014000;0;0;0
SIG_CIPHER_DES_MAC8 PAD_ISO9797_M2 ALG_SHA3_256;no;		0.014000;0;0;0
SIG_CIPHER_DES_MAC8 PAD_ISO9797_M2 ALG_SHA3_384;no;		0.014000;0;0;0
SIG_CIPHER_DES_MAC8 PAD_ISO9797_M2 ALG_SHA3_512;no;		0.014000;0;0;0
SIG_CIPHER_DES_MAC8 PAD_ISO9797_1_M1_ALG3 ALG_NULL;yes;		0.049000;28;19;19
SIG_CIPHER_DES_MAC8 PAD_ISO9797_1_M1_ALG3 ALG_SHA;no;		0.014000;0;0;0
SIG_CIPHER_DES_MAC8 PAD_ISO9797_1_M1_ALG3 ALG_MD5;no;		0.014000;0;0;0
SIG_CIPHER_DES_MAC8 PAD_ISO9797_1_M1_ALG3 ALG_RIPEMD160;no;		0.015000;0;0;0
SIG_CIPHER_DES_MAC8 PAD_ISO9797_1_M1_ALG3 ALG_SHA_256;no;		0.014000;0;0;0
SIG_CIPHER_DES_MAC8 PAD_ISO9797_1_M1_ALG3 ALG_SHA_384;no;		0.015000;0;0;0
SIG_CIPHER_DES_MAC8 PAD_ISO9797_1_M1_ALG3 ALG_SHA_512;no;		0.014000;0;0;0
SIG_CIPHER_DES_MAC8 PAD_ISO9797_1_M1_ALG3 ALG_SHA_224;no;		0.014000;0;0;0
SIG_CIPHER_DES_MAC8 PAD_ISO9797_1_M1_ALG3 ALG_SHA3_224;no;		0.015000;0;0;0
SIG_CIPHER_DES_MAC8 PAD_ISO9797_1_M1_ALG3 ALG_SHA3_256;no;		0.014000;0;0;0
SIG_CIPHER_DES_MAC8 PAD_ISO9797_1_M1_ALG3 ALG_SHA3_384;no;		0.014000;0;0;0
SIG_CIPHER_DES_MAC8 PAD_ISO9797_1_M1_ALG3 ALG_SHA3_512;no;		0.014000;0;0;0
SIG_CIPHER_DES_MAC8 PAD_ISO9797_1_M2_ALG3 ALG_NULL;yes;		0.048000;28;19;19
SIG_CIPHER_DES_MAC8 PAD_ISO9797_1_M2_ALG3 ALG_SHA;no;		0.014000;0;0;0
SIG_CIPHER_DES_MAC8 PAD_ISO9797_1_M2_ALG3 ALG_MD5;no;		0.015000;0;0;0
SIG_CIPHER_DES_MAC8 PAD_ISO9797_1_M2_ALG3 ALG_RIPEMD160;no;		0.014000;0;0;0
SIG_CIPHER_DES_MAC8 PAD_ISO9797_1_M2_ALG3 ALG_SHA_256;no;		0.014000;0;0;0
SIG_CIPHER_DES_MAC8 PAD_ISO9797_1_M2_ALG3 ALG_SHA_384;no;		0.014000;0;0;0
SIG_CIPHER_DES_MAC8 PAD_ISO9797_1_M2_ALG3 ALG_SHA_512;no;		0.014000;0;0;0
SIG_CIPHER_DES_MAC8 PAD_ISO9797_1_M2_ALG3 ALG_SHA_224;no;		0.014000;0;0;0
SIG_CIPHER_DES_MAC8 PAD_ISO9797_1_M2_ALG3 ALG_SHA3_224;no;		0.015000;0;0;0
SIG_CIPHER_DES_MAC8 PAD_ISO9797_1_M2_ALG3 ALG_SHA3_256;no;		0.014000;0;0;0
SIG_CIPHER_DES_MAC8 PAD_ISO9797_1_M2_ALG3 ALG_SHA3_384;no;		0.014000;0;0;0
SIG_CIPHER_DES_MAC8 PAD_ISO9797_1_M2_ALG3 ALG_SHA3_512;no;		0.014000;0;0;0
SIG_CIPHER_DES_MAC8 PAD_PKCS5 ALG_NULL;yes;		0.048000;28;19;19
SIG_CIPHER_DES_MAC8 PAD_PKCS5 ALG_SHA;no;		0.014000;0;0;0
SIG_CIPHER_DES_MAC8 PAD_PKCS5 ALG_MD5;no;		0.014000;0;0;0
SIG_CIPHER_DES_MAC8 PAD_PKCS5 ALG_RIPEMD160;no;		0.014000;0;0;0
SIG_CIPHER_DES_MAC8 PAD_PKCS5 ALG_SHA_256;no;		0.014000;0;0;0
SIG_CIPHER_DES_MAC8 PAD_PKCS5 ALG_SHA_384;no;		0.015000;0;0;0
SIG_CIPHER_DES_MAC8 PAD_PKCS5 ALG_SHA_512;no;		0.014000;0;0;0
SIG_CIPHER_DES_MAC8 PAD_PKCS5 ALG_SHA_224;no;		0.014000;0;0;0
SIG_CIPHER_DES_MAC8 PAD_PKCS5 ALG_SHA3_224;no;		0.014000;0;0;0
SIG_CIPHER_DES_MAC8 PAD_PKCS5 ALG_SHA3_256;no;		0.014000;0;0;0
SIG_CIPHER_DES_MAC8 PAD_PKCS5 ALG_SHA3_384;no;		0.014000;0;0;0
SIG_CIPHER_DES_MAC8 PAD_PKCS5 ALG_SHA3_512;no;		0.015000;0;0;0
SIG_CIPHER_DES_MAC8 PAD_PKCS1 ALG_NULL;no;		0.015000;0;0;0
SIG_CIPHER_DES_MAC8 PAD_PKCS1 ALG_SHA;no;		0.015000;0;0;0
SIG_CIPHER_DES_MAC8 PAD_PKCS1 ALG_MD5;no;		0.015000;0;0;0
SIG_CIPHER_DES_MAC8 PAD_PKCS1 ALG_RIPEMD160;no;		0.014000;0;0;0
SIG_CIPHER_DES_MAC8 PAD_PKCS1 ALG_SHA_256;no;		0.014000;0;0;0
SIG_CIPHER_DES_MAC8 PAD_PKCS1 ALG_SHA_384;no;		0.014000;0;0;0
SIG_CIPHER_DES_MAC8 PAD_PKCS1 ALG_SHA_512;no;		0.014000;0;0;0
SIG_CIPHER_DES_MAC8 PAD_PKCS1 ALG_SHA_224;no;		0.014000;0;0;0
SIG_CIPHER_DES_MAC8 PAD_PKCS1 ALG_SHA3_224;no;		0.015000;0;0;0
SIG_CIPHER_DES_MAC8 PAD_PKCS1 ALG_SHA3_256;no;		0.014000;0;0;0
SIG_CIPHER_DES_MAC8 PAD_PKCS1 ALG_SHA3_384;no;		0.014000;0;0;0
SIG_CIPHER_DES_MAC8 PAD_PKCS1 ALG_SHA3_512;no;		0.014000;0;0;0
SIG_CIPHER_DES_MAC8 PAD_PKCS1_PSS ALG_NULL;no;		0.014000;0;0;0
SIG_CIPHER_DES_MAC8 PAD_PKCS1_PSS ALG_SHA;no;		0.014000;0;0;0
SIG_CIPHER_DES_MAC8 PAD_PKCS1_PSS ALG_MD5;no;		0.015000;0;0;0
SIG_CIPHER_DES_MAC8 PAD_PKCS1_PSS ALG_RIPEMD160;no;		0.014000;0;0;0
SIG_CIPHER_DES_MAC8 PAD_PKCS1_PSS ALG_SHA_256;no;		0.014000;0;0;0
SIG_CIPHER_DES_MAC8 PAD_PKCS1_PSS ALG_SHA_384;no;		0.014000;0;0;0
SIG_CIPHER_DES_MAC8 PAD_PKCS1_PSS ALG_SHA_512;no;		0.015000;0;0;0
SIG_CIPHER_DES_MAC8 PAD_PKCS1_PSS ALG_SHA_224;no;		0.014000;0;0;0
SIG_CIPHER_DES_MAC8 PAD_PKCS1_PSS ALG_SHA3_224;no;		0.015000;0;0;0
SIG_CIPHER_DES_MAC8 PAD_PKCS1_PSS ALG_SHA3_256;no;		0.015000;0;0;0
SIG_CIPHER_DES_MAC8 PAD_PKCS1_PSS ALG_SHA3_384;no;		0.015000;0;0;0
SIG_CIPHER_DES_MAC8 PAD_PKCS1_PSS ALG_SHA3_512;no;		0.014000;0;0;0
SIG_CIPHER_DES_MAC8 PAD_PKCS1_OAEP ALG_NULL;no;		0.014000;0;0;0
SIG_CIPHER_DES_MAC8 PAD_PKCS1_OAEP ALG_SHA;no;		0.014000;0;0;0
SIG_CIPHER_DES_MAC8 PAD_PKCS1_OAEP ALG_MD5;no;		0.015000;0;0;0
SIG_CIPHER_DES_MAC8 PAD_PKCS1_OAEP ALG_RIPEMD160;no;		0.014000;0;0;0
SIG_CIPHER_DES_MAC8 PAD_PKCS1_OAEP ALG_SHA_256;no;		0.014000;0;0;0
SIG_CIPHER_DES_MAC8 PAD_PKCS1_OAEP ALG_SHA_384;no;		0.014000;0;0;0
SIG_CIPHER_DES_MAC8 PAD_PKCS1_OAEP ALG_SHA_512;no;		0.015000;0;0;0
SIG_CIPHER_DES_MAC8 PAD_PKCS1_OAEP ALG_SHA_224;no;		0.015000;0;0;0
SIG_CIPHER_DES_MAC8 PAD_PKCS1_OAEP ALG_SHA3_224;no;		0.014000;0;0;0
SIG_CIPHER_DES_MAC8 PAD_PKCS1_OAEP ALG_SHA3_256;no;		0.015000;0;0;0
SIG_CIPHER_DES_MAC8 PAD_PKCS1_OAEP ALG_SHA3_384;no;		0.014000;0;0;0
SIG_CIPHER_DES_MAC8 PAD_PKCS1_OAEP ALG_SHA3_512;no;		0.014000;0;0;0
SIG_CIPHER_DES_MAC8 PAD_ISO9796 ALG_NULL;no;		0.015000;0;0;0
SIG_CIPHER_DES_MAC8 PAD_ISO9796 ALG_SHA;no;		0.015000;0;0;0
SIG_CIPHER_DES_MAC8 PAD_ISO9796 ALG_MD5;no;		0.014000;0;0;0
SIG_CIPHER_DES_MAC8 PAD_ISO9796 ALG_RIPEMD160;no;		0.014000;0;0;0
SIG_CIPHER_DES_MAC8 PAD_ISO9796 ALG_SHA_256;no;		0.014000;0;0;0
SIG_CIPHER_DES_MAC8 PAD_ISO9796 ALG_SHA_384;no;		0.014000;0;0;0
SIG_CIPHER_DES_MAC8 PAD_ISO9796 ALG_SHA_512;no;		0.014000;0;0;0
SIG_CIPHER_DES_MAC8 PAD_ISO9796 ALG_SHA_224;no;		0.014000;0;0;0
SIG_CIPHER_DES_MAC8 PAD_ISO9796 ALG_SHA3_224;no;		0.014000;0;0;0
SIG_CIPHER_DES_MAC8 PAD_ISO9796 ALG_SHA3_256;no;		0.014000;0;0;0
SIG_CIPHER_DES_MAC8 PAD_ISO9796 ALG_SHA3_384;no;		0.014000;0;0;0
SIG_CIPHER_DES_MAC8 PAD_ISO9796 ALG_SHA3_512;no;		0.014000;0;0;0
SIG_CIPHER_DES_MAC8 PAD_ISO9796_MR ALG_NULL;no;		0.014000;0;0;0
SIG_CIPHER_DES_MAC8 PAD_ISO9796_MR ALG_SHA;no;		0.014000;0;0;0
SIG_CIPHER_DES_MAC8 PAD_ISO9796_MR ALG_MD5;no;		0.014000;0;0;0
SIG_CIPHER_DES_MAC8 PAD_ISO9796_MR ALG_RIPEMD160;no;		0.015000;0;0;0
SIG_CIPHER_DES_MAC8 PAD_ISO9796_MR ALG_SHA_256;no;		0.015000;0;0;0
SIG_CIPHER_DES_MAC8 PAD_ISO9796_MR ALG_SHA_384;no;		0.014000;0;0;0
SIG_CIPHER_DES_MAC8 PAD_ISO9796_MR ALG_SHA_512;no;		0.014000;0;0;0
SIG_CIPHER_DES_MAC8 PAD_ISO9796_MR ALG_SHA_224;no;		0.015000;0;0;0
SIG_CIPHER_DES_MAC8 PAD_ISO9796_MR ALG_SHA3_224;no;		0.015000;0;0;0
SIG_CIPHER_DES_MAC8 PAD_ISO9796_MR ALG_SHA3_256;no;		0.015000;0;0;0
SIG_CIPHER_DES_MAC8 PAD_ISO9796_MR ALG_SHA3_384;no;		0.014000;0;0;0
SIG_CIPHER_DES_MAC8 PAD_ISO9796_MR ALG_SHA3_512;no;		0.014000;0;0;0
SIG_CIPHER_DES_MAC8 PAD_RFC2409 ALG_NULL;no;		0.014000;0;0;0
SIG_CIPHER_DES_MAC8 PAD_RFC2409 ALG_SHA;no;		0.014000;0;0;0
SIG_CIPHER_DES_MAC8 PAD_RFC2409 ALG_MD5;no;		0.014000;0;0;0
SIG_CIPHER_DES_MAC8 PAD_RFC2409 ALG_RIPEMD160;no;		0.014000;0;0;0
SIG_CIPHER_DES_MAC8 PAD_RFC2409 ALG_SHA_256;no;		0.015000;0;0;0
SIG_CIPHER_DES_MAC8 PAD_RFC2409 ALG_SHA_384;no;		0.015000;0;0;0
SIG_CIPHER_DES_MAC8 PAD_RFC2409 ALG_SHA_512;no;		0.014000;0;0;0
SIG_CIPHER_DES_MAC8 PAD_RFC2409 ALG_SHA_224;no;		0.014000;0;0;0
SIG_CIPHER_DES_MAC8 PAD_RFC2409 ALG_SHA3_224;no;		0.014000;0;0;0
SIG_CIPHER_DES_MAC8 PAD_RFC2409 ALG_SHA3_256;no;		0.015000;0;0;0
SIG_CIPHER_DES_MAC8 PAD_RFC2409 ALG_SHA3_384;no;		0.015000;0;0;0
SIG_CIPHER_DES_MAC8 PAD_RFC2409 ALG_SHA3_512;no;		0.014000;0;0;0
SIG_CIPHER_DES_MAC8 PAD_PKCS1_OAEP_SHA224 ALG_NULL;no;		0.014000;0;0;0
SIG_CIPHER_DES_MAC8 PAD_PKCS1_OAEP_SHA224 ALG_SHA;no;		0.014000;0;0;0
SIG_CIPHER_DES_MAC8 PAD_PKCS1_OAEP_SHA224 ALG_MD5;no;		0.014000;0;0;0
SIG_CIPHER_DES_MAC8 PAD_PKCS1_OAEP_SHA224 ALG_RIPEMD160;no;		0.014000;0;0;0
SIG_CIPHER_DES_MAC8 PAD_PKCS1_OAEP_SHA224 ALG_SHA_256;no;		0.014000;0;0;0
SIG_CIPHER_DES_MAC8 PAD_PKCS1_OAEP_SHA224 ALG_SHA_384;no;		0.015000;0;0;0
SIG_CIPHER_DES_MAC8 PAD_PKCS1_OAEP_SHA224 ALG_SHA_512;no;		0.014000;0;0;0
SIG_CIPHER_DES_MAC8 PAD_PKCS1_OAEP_SHA224 ALG_SHA_224;no;		0.015000;0;0;0
SIG_CIPHER_DES_MAC8 PAD_PKCS1_OAEP_SHA224 ALG_SHA3_224;no;		0.014000;0;0;0
SIG_CIPHER_DES_MAC8 PAD_PKCS1_OAEP_SHA224 ALG_SHA3_256;no;		0.014000;0;0;0
SIG_CIPHER_DES_MAC8 PAD_PKCS1_OAEP_SHA224 ALG_SHA3_384;no;		0.014000;0;0;0
SIG_CIPHER_DES_MAC8 PAD_PKCS1_OAEP_SHA224 ALG_SHA3_512;no;		0.014000;0;0;0
SIG_CIPHER_DES_MAC8 PAD_PKCS1_OAEP_SHA256 ALG_NULL;no;		0.015000;0;0;0
SIG_CIPHER_DES_MAC8 PAD_PKCS1_OAEP_SHA256 ALG_SHA;no;		0.014000;0;0;0
SIG_CIPHER_DES_MAC8 PAD_PKCS1_OAEP_SHA256 ALG_MD5;no;		0.014000;0;0;0
SIG_CIPHER_DES_MAC8 PAD_PKCS1_OAEP_SHA256 ALG_RIPEMD160;no;		0.015000;0;0;0
SIG_CIPHER_DES_MAC8 PAD_PKCS1_OAEP_SHA256 ALG_SHA_256;no;		0.015000;0;0;0
SIG_CIPHER_DES_MAC8 PAD_PKCS1_OAEP_SHA256 ALG_SHA_384;no;		0.015000;0;0;0
SIG_CIPHER_DES_MAC8 PAD_PKCS1_OAEP_SHA256 ALG_SHA_512;no;		0.014000;0;0;0
SIG_CIPHER_DES_MAC8 PAD_PKCS1_OAEP_SHA256 ALG_SHA_224;no;		0.014000;0;0;0
SIG_CIPHER_DES_MAC8 PAD_PKCS1_OAEP_SHA256 ALG_SHA3_224;no;		0.015000;0;0;0
SIG_CIPHER_DES_MAC8 PAD_PKCS1_OAEP_SHA256 ALG_SHA3_256;no;		0.014000;0;0;0
SIG_CIPHER_DES_MAC8 PAD_PKCS1_OAEP_SHA256 ALG_SHA3_384;no;		0.014000;0;0;0
SIG_CIPHER_DES_MAC8 PAD_PKCS1_OAEP_SHA256 ALG_SHA3_512;no;		0.014000;0;0;0
SIG_CIPHER_DES_MAC8 PAD_PKCS1_OAEP_SHA384 ALG_NULL;no;		0.015000;0;0;0
SIG_CIPHER_DES_MAC8 PAD_PKCS1_OAEP_SHA384 ALG_SHA;no;		0.014000;0;0;0
SIG_CIPHER_DES_MAC8 PAD_PKCS1_OAEP_SHA384 ALG_MD5;no;		0.014000;0;0;0
SIG_CIPHER_DES_MAC8 PAD_PKCS1_OAEP_SHA384 ALG_RIPEMD160;no;		0.014000;0;0;0
SIG_CIPHER_DES_MAC8 PAD_PKCS1_OAEP_SHA384 ALG_SHA_256;no;		0.015000;0;0;0
SIG_CIPHER_DES_MAC8 PAD_PKCS1_OAEP_SHA384 ALG_SHA_384;no;		0.015000;0;0;0
SIG_CIPHER_DES_MAC8 PAD_PKCS1_OAEP_SHA384 ALG_SHA_512;no;		0.014000;0;0;0
SIG_CIPHER_DES_MAC8 PAD_PKCS1_OAEP_SHA384 ALG_SHA_224;no;		0.014000;0;0;0
SIG_CIPHER_DES_MAC8 PAD_PKCS1_OAEP_SHA384 ALG_SHA3_224;no;		0.014000;0;0;0
SIG_CIPHER_DES_MAC8 PAD_PKCS1_OAEP_SHA384 ALG_SHA3_256;no;		0.014000;0;0;0
SIG_CIPHER_DES_MAC8 PAD_PKCS1_OAEP_SHA384 ALG_SHA3_384;no;		0.014000;0;0;0
SIG_CIPHER_DES_MAC8 PAD_PKCS1_OAEP_SHA384 ALG_SHA3_512;no;		0.014000;0;0;0
SIG_CIPHER_DES_MAC8 PAD_PKCS1_OAEP_SHA512 ALG_NULL;no;		0.015000;0;0;0
SIG_CIPHER_DES_MAC8 PAD_PKCS1_OAEP_SHA512 ALG_SHA;no;		0.015000;0;0;0
SIG_CIPHER_DES_MAC8 PAD_PKCS1_OAEP_SHA512 ALG_MD5;no;		0.014000;0;0;0
SIG_CIPHER_DES_MAC8 PAD_PKCS1_OAEP_SHA512 ALG_RIPEMD160;no;		0.014000;0;0;0
SIG_CIPHER_DES_MAC8 PAD_PKCS1_OAEP_SHA512 ALG_SHA_256;no;		0.014000;0;0;0
SIG_CIPHER_DES_MAC8 PAD_PKCS1_OAEP_SHA512 ALG_SHA_384;no;		0.014000;0;0;0
SIG_CIPHER_DES_MAC8 PAD_PKCS1_OAEP_SHA512 ALG_SHA_512;no;		0.015000;0;0;0
SIG_CIPHER_DES_MAC8 PAD_PKCS1_OAEP_SHA512 ALG_SHA_224;no;		0.015000;0;0;0
SIG_CIPHER_DES_MAC8 PAD_PKCS1_OAEP_SHA512 ALG_SHA3_224;no;		0.015000;0;0;0
SIG_CIPHER_DES_MAC8 PAD_PKCS1_OAEP_SHA512 ALG_SHA3_256;no;		0.014000;0;0;0
SIG_CIPHER_DES_MAC8 PAD_PKCS1_OAEP_SHA512 ALG_SHA3_384;no;		0.014000;0;0;0
SIG_CIPHER_DES_MAC8 PAD_PKCS1_OAEP_SHA512 ALG_SHA3_512;no;		0.015000;0;0;0
SIG_CIPHER_DES_MAC8 PAD_PKCS1_OAEP_SHA3_224 ALG_NULL;no;		0.014000;0;0;0
SIG_CIPHER_DES_MAC8 PAD_PKCS1_OAEP_SHA3_224 ALG_SHA;no;		0.014000;0;0;0
SIG_CIPHER_DES_MAC8 PAD_PKCS1_OAEP_SHA3_224 ALG_MD5;no;		0.014000;0;0;0
SIG_CIPHER_DES_MAC8 PAD_PKCS1_OAEP_SHA3_224 ALG_RIPEMD160;no;		0.015000;0;0;0
SIG_CIPHER_DES_MAC8 PAD_PKCS1_OAEP_SHA3_224 ALG_SHA_256;no;		0.014000;0;0;0
SIG_CIPHER_DES_MAC8 PAD_PKCS1_OAEP_SHA3_224 ALG_SHA_384;no;		0.014000;0;0;0
SIG_CIPHER_DES_MAC8 PAD_PKCS1_OAEP_SHA3_224 ALG_SHA_512;no;		0.014000;0;0;0
SIG_CIPHER_DES_MAC8 PAD_PKCS1_OAEP_SHA3_224 ALG_SHA_224;no;		0.014000;0;0;0
SIG_CIPHER_DES_MAC8 PAD_PKCS1_OAEP_SHA3_224 ALG_SHA3_224;no;		0.014000;0;0;0
SIG_CIPHER_DES_MAC8 PAD_PKCS1_OAEP_SHA3_224 ALG_SHA3_256;no;		0.014000;0;0;0
SIG_CIPHER_DES_MAC8 PAD_PKCS1_OAEP_SHA3_224 ALG_SHA3_384;no;		0.014000;0;0;0
SIG_CIPHER_DES_MAC8 PAD_PKCS1_OAEP_SHA3_224 ALG_SHA3_512;no;		0.014000;0;0;0
SIG_CIPHER_DES_MAC8 PAD_PKCS1_OAEP_SHA3_256 ALG_NULL;no;		0.014000;0;0;0
SIG_CIPHER_DES_MAC8 PAD_PKCS1_OAEP_SHA3_256 ALG_SHA;no;		0.014000;0;0;0
SIG_CIPHER_DES_MAC8 PAD_PKCS1_OAEP_SHA3_256 ALG_MD5;no;		0.014000;0;0;0
SIG_CIPHER_DES_MAC8 PAD_PKCS1_OAEP_SHA3_256 ALG_RIPEMD160;no;		0.014000;0;0;0
SIG_CIPHER_DES_MAC8 PAD_PKCS1_OAEP_SHA3_256 ALG_SHA_256;no;		0.014000;0;0;0
SIG_CIPHER_DES_MAC8 PAD_PKCS1_OAEP_SHA3_256 ALG_SHA_384;no;		0.014000;0;0;0
SIG_CIPHER_DES_MAC8 PAD_PKCS1_OAEP_SHA3_256 ALG_SHA_512;no;		0.015000;0;0;0
SIG_CIPHER_DES_MAC8 PAD_PKCS1_OAEP_SHA3_256 ALG_SHA_224;no;		0.014000;0;0;0
SIG_CIPHER_DES_MAC8 PAD_PKCS1_OAEP_SHA3_256 ALG_SHA3_224;no;		0.015000;0;0;0
SIG_CIPHER_DES_MAC8 PAD_PKCS1_OAEP_SHA3_256 ALG_SHA3_256;no;		0.015000;0;0;0
SIG_CIPHER_DES_MAC8 PAD_PKCS1_OAEP_SHA3_256 ALG_SHA3_384;no;		0.014000;0;0;0
SIG_CIPHER_DES_MAC8 PAD_PKCS1_OAEP_SHA3_256 ALG_SHA3_512;no;		0.014000;0;0;0
SIG_CIPHER_DES_MAC8 PAD_PKCS1_OAEP_SHA3_384 ALG_NULL;no;		0.014000;0;0;0
SIG_CIPHER_DES_MAC8 PAD_PKCS1_OAEP_SHA3_384 ALG_SHA;no;		0.014000;0;0;0
SIG_CIPHER_DES_MAC8 PAD_PKCS1_OAEP_SHA3_384 ALG_MD5;no;		0.014000;0;0;0
SIG_CIPHER_DES_MAC8 PAD_PKCS1_OAEP_SHA3_384 ALG_RIPEMD160;no;		0.014000;0;0;0
SIG_CIPHER_DES_MAC8 PAD_PKCS1_OAEP_SHA3_384 ALG_SHA_256;no;		0.014000;0;0;0
SIG_CIPHER_DES_MAC8 PAD_PKCS1_OAEP_SHA3_384 ALG_SHA_384;no;		0.014000;0;0;0
SIG_CIPHER_DES_MAC8 PAD_PKCS1_OAEP_SHA3_384 ALG_SHA_512;no;		0.014000;0;0;0
SIG_CIPHER_DES_MAC8 PAD_PKCS1_OAEP_SHA3_384 ALG_SHA_224;no;		0.014000;0;0;0
SIG_CIPHER_DES_MAC8 PAD_PKCS1_OAEP_SHA3_384 ALG_SHA3_224;no;		0.015000;0;0;0
SIG_CIPHER_DES_MAC8 PAD_PKCS1_OAEP_SHA3_384 ALG_SHA3_256;no;		0.014000;0;0;0
SIG_CIPHER_DES_MAC8 PAD_PKCS1_OAEP_SHA3_384 ALG_SHA3_384;no;		0.014000;0;0;0
SIG_CIPHER_DES_MAC8 PAD_PKCS1_OAEP_SHA3_384 ALG_SHA3_512;no;		0.015000;0;0;0
SIG_CIPHER_DES_MAC8 PAD_PKCS1_OAEP_SHA3_512 ALG_NULL;no;		0.014000;0;0;0
SIG_CIPHER_DES_MAC8 PAD_PKCS1_OAEP_SHA3_512 ALG_SHA;no;		0.014000;0;0;0
SIG_CIPHER_DES_MAC8 PAD_PKCS1_OAEP_SHA3_512 ALG_MD5;no;		0.014000;0;0;0
SIG_CIPHER_DES_MAC8 PAD_PKCS1_OAEP_SHA3_512 ALG_RIPEMD160;no;		0.014000;0;0;0
SIG_CIPHER_DES_MAC8 PAD_PKCS1_OAEP_SHA3_512 ALG_SHA_256;no;		0.014000;0;0;0
SIG_CIPHER_DES_MAC8 PAD_PKCS1_OAEP_SHA3_512 ALG_SHA_384;no;		0.014000;0;0;0
SIG_CIPHER_DES_MAC8 PAD_PKCS1_OAEP_SHA3_512 ALG_SHA_512;no;		0.014000;0;0;0
SIG_CIPHER_DES_MAC8 PAD_PKCS1_OAEP_SHA3_512 ALG_SHA_224;no;		0.014000;0;0;0
SIG_CIPHER_DES_MAC8 PAD_PKCS1_OAEP_SHA3_512 ALG_SHA3_224;no;		0.014000;0;0;0
SIG_CIPHER_DES_MAC8 PAD_PKCS1_OAEP_SHA3_512 ALG_SHA3_256;no;		0.014000;0;0;0
SIG_CIPHER_DES_MAC8 PAD_PKCS1_OAEP_SHA3_512 ALG_SHA3_384;no;		0.014000;0;0;0
SIG_CIPHER_DES_MAC8 PAD_PKCS1_OAEP_SHA3_512 ALG_SHA3_512;no;		0.014000;0;0;0
SIG_CIPHER_DES_MAC8 PAD_ISO9796_MR_SCHEME_2 ALG_NULL;no;		0.014000;0;0;0
SIG_CIPHER_DES_MAC8 PAD_ISO9796_MR_SCHEME_2 ALG_SHA;no;		0.014000;0;0;0
SIG_CIPHER_DES_MAC8 PAD_ISO9796_MR_SCHEME_2 ALG_MD5;no;		0.015000;0;0;0
SIG_CIPHER_DES_MAC8 PAD_ISO9796_MR_SCHEME_2 ALG_RIPEMD160;no;		0.014000;0;0;0
SIG_CIPHER_DES_MAC8 PAD_ISO9796_MR_SCHEME_2 ALG_SHA_256;no;		0.014000;0;0;0
SIG_CIPHER_DES_MAC8 PAD_ISO9796_MR_SCHEME_2 ALG_SHA_384;no;		0.014000;0;0;0
SIG_CIPHER_DES_MAC8 PAD_ISO9796_MR_SCHEME_2 ALG_SHA_512;no;		0.014000;0;0;0
SIG_CIPHER_DES_MAC8 PAD_ISO9796_MR_SCHEME_2 ALG_SHA_224;no;		0.014000;0;0;0
SIG_CIPHER_DES_MAC8 PAD_ISO9796_MR_SCHEME_2 ALG_SHA3_224;no;		0.014000;0;0;0
SIG_CIPHER_DES_MAC8 PAD_ISO9796_MR_SCHEME_2 ALG_SHA3_256;no;		0.014000;0;0;0
SIG_CIPHER_DES_MAC8 PAD_ISO9796_MR_SCHEME_2 ALG_SHA3_384;no;		0.014000;0;0;0
SIG_CIPHER_DES_MAC8 PAD_ISO9796_MR_SCHEME_2 ALG_SHA3_512;no;		0.014000;0;0;0
SIG_CIPHER_DES_MAC8 PAD_ISO9796_MR_SCHEME_3 ALG_NULL;no;		0.014000;0;0;0
SIG_CIPHER_DES_MAC8 PAD_ISO9796_MR_SCHEME_3 ALG_SHA;no;		0.014000;0;0;0
SIG_CIPHER_DES_MAC8 PAD_ISO9796_MR_SCHEME_3 ALG_MD5;no;		0.014000;0;0;0
SIG_CIPHER_DES_MAC8 PAD_ISO9796_MR_SCHEME_3 ALG_RIPEMD160;no;		0.015000;0;0;0
SIG_CIPHER_DES_MAC8 PAD_ISO9796_MR_SCHEME_3 ALG_SHA_256;no;		0.014000;0;0;0
SIG_CIPHER_DES_MAC8 PAD_ISO9796_MR_SCHEME_3 ALG_SHA_384;no;		0.014000;0;0;0
SIG_CIPHER_DES_MAC8 PAD_ISO9796_MR_SCHEME_3 ALG_SHA_512;no;		0.014000;0;0;0
SIG_CIPHER_DES_MAC8 PAD_ISO9796_MR_SCHEME_3 ALG_SHA_224;no;		0.014000;0;0;0
SIG_CIPHER_DES_MAC8 PAD_ISO9796_MR_SCHEME_3 ALG_SHA3_224;no;		0.015000;0;0;0
SIG_CIPHER_DES_MAC8 PAD_ISO9796_MR_SCHEME_3 ALG_SHA3_256;no;		0.014000;0;0;0
SIG_CIPHER_DES_MAC8 PAD_ISO9796_MR_SCHEME_3 ALG_SHA3_384;no;		0.015000;0;0;0
SIG_CIPHER_DES_MAC8 PAD_ISO9796_MR_SCHEME_3 ALG_SHA3_512;no;		0.014000;0;0;0
SIG_CIPHER_RSA PAD_NULL ALG_NULL;no;		0.015000;0;0;0
SIG_CIPHER_RSA PAD_NULL ALG_SHA;no;		0.014000;0;0;0
SIG_CIPHER_RSA PAD_NULL ALG_MD5;no;		0.014000;0;0;0
SIG_CIPHER_RSA PAD_NULL ALG_RIPEMD160;no;		0.014000;0;0;0
SIG_CIPHER_RSA PAD_NULL ALG_SHA_256;no;		0.014000;0;0;0
SIG_CIPHER_RSA PAD_NULL ALG_SHA_384;no;		0.015000;0;0;0
SIG_CIPHER_RSA PAD_NULL ALG_SHA_512;no;		0.014000;0;0;0
SIG_CIPHER_RSA PAD_NULL ALG_SHA_224;no;		0.015000;0;0;0
SIG_CIPHER_RSA PAD_NULL ALG_SHA3_224;no;		0.014000;0;0;0
SIG_CIPHER_RSA PAD_NULL ALG_SHA3_256;no;		0.015000;0;0;0
SIG_CIPHER_RSA PAD_NULL ALG_SHA3_384;no;		0.014000;0;0;0
SIG_CIPHER_RSA PAD_NULL ALG_SHA3_512;no;		0.015000;0;0;0
SIG_CIPHER_RSA PAD_NOPAD ALG_NULL;no;		0.014000;0;0;0
SIG_CIPHER_RSA PAD_NOPAD ALG_SHA;no;		0.014000;0;0;0
SIG_CIPHER_RSA PAD_NOPAD ALG_MD5;no;		0.014000;0;0;0
SIG_CIPHER_RSA PAD_NOPAD ALG_RIPEMD160;no;		0.014000;0;0;0
SIG_CIPHER_RSA PAD_NOPAD ALG_SHA_256;no;		0.014000;0;0;0
SIG_CIPHER_RSA PAD_NOPAD ALG_SHA_384;no;		0.014000;0;0;0
SIG_CIPHER_RSA PAD_NOPAD ALG_SHA_512;no;		0.014000;0;0;0
SIG_CIPHER_RSA PAD_NOPAD ALG_SHA_224;no;		0.014000;0;0;0
SIG_CIPHER_RSA PAD_NOPAD ALG_SHA3_224;no;		0.014000;0;0;0
SIG_CIPHER_RSA PAD_NOPAD ALG_SHA3_256;no;		0.014000;0;0;0
SIG_CIPHER_RSA PAD_NOPAD ALG_SHA3_384;no;		0.015000;0;0;0
SIG_CIPHER_RSA PAD_NOPAD ALG_SHA3_512;no;		0.015000;0;0;0
SIG_CIPHER_RSA PAD_ISO9797_M1 ALG_NULL;no;		0.015000;0;0;0
SIG_CIPHER_RSA PAD_ISO9797_M1 ALG_SHA;no;		0.014000;0;0;0
SIG_CIPHER_RSA PAD_ISO9797_M1 ALG_MD5;no;		0.014000;0;0;0
SIG_CIPHER_RSA PAD_ISO9797_M1 ALG_RIPEMD160;no;		0.014000;0;0;0
SIG_CIPHER_RSA PAD_ISO9797_M1 ALG_SHA_256;no;		0.014000;0;0;0
SIG_CIPHER_RSA PAD_ISO9797_M1 ALG_SHA_384;no;		0.014000;0;0;0
SIG_CIPHER_RSA PAD_ISO9797_M1 ALG_SHA_512;no;		0.015000;0;0;0
SIG_CIPHER_RSA PAD_ISO9797_M1 ALG_SHA_224;no;		0.014000;0;0;0
SIG_CIPHER_RSA PAD_ISO9797_M1 ALG_SHA3_224;no;		0.014000;0;0;0
SIG_CIPHER_RSA PAD_ISO9797_M1 ALG_SHA3_256;no;		0.015000;0;0;0
SIG_CIPHER_RSA PAD_ISO9797_M1 ALG_SHA3_384;no;		0.015000;0;0;0
SIG_CIPHER_RSA PAD_ISO9797_M1 ALG_SHA3_512;no;		0.014000;0;0;0
SIG_CIPHER_RSA PAD_ISO9797_M2 ALG_NULL;no;		0.015000;0;0;0
SIG_CIPHER_RSA PAD_ISO9797_M2 ALG_SHA;no;		0.014000;0;0;0
SIG_CIPHER_RSA PAD_ISO9797_M2 ALG_MD5;no;		0.014000;0;0;0
SIG_CIPHER_RSA PAD_ISO9797_M2 ALG_RIPEMD160;no;		0.014000;0;0;0
SIG_CIPHER_RSA PAD_ISO9797_M2 ALG_SHA_256;no;		0.013000;0;0;0
SIG_CIPHER_RSA PAD_ISO9797_M2 ALG_SHA_384;no;		0.013000;0;0;0
SIG_CIPHER_RSA PAD_ISO9797_M2 ALG_SHA_512;no;		0.014000;0;0;0
SIG_CIPHER_RSA PAD_ISO9797_M2 ALG_SHA_224;no;		0.014000;0;0;0
SIG_CIPHER_RSA PAD_ISO9797_M2 ALG_SHA3_224;no;		0.015000;0;0;0
SIG_CIPHER_RSA PAD_ISO9797_M2 ALG_SHA3_256;no;		0.014000;0;0;0
SIG_CIPHER_RSA PAD_ISO9797_M2 ALG_SHA3_384;no;		0.015000;0;0;0
SIG_CIPHER_RSA PAD_ISO9797_M2 ALG_SHA3_512;no;		0.015000;0;0;0
SIG_CIPHER_RSA PAD_ISO9797_1_M1_ALG3 ALG_NULL;no;		0.014000;0;0;0
SIG_CIPHER_RSA PAD_ISO9797_1_M1_ALG3 ALG_SHA;no;		0.015000;0;0;0
SIG_CIPHER_RSA PAD_ISO9797_1_M1_ALG3 ALG_MD5;no;		0.014000;0;0;0
SIG_CIPHER_RSA PAD_ISO9797_1_M1_ALG3 ALG_RIPEMD160;no;		0.014000;0;0;0
SIG_CIPHER_RSA PAD_ISO9797_1_M1_ALG3 ALG_SHA_256;no;		0.015000;0;0;0
SIG_CIPHER_RSA PAD_ISO9797_1_M1_ALG3 ALG_SHA_384;no;		0.014000;0;0;0
SIG_CIPHER_RSA PAD_ISO9797_1_M1_ALG3 ALG_SHA_512;no;		0.014000;0;0;0
SIG_CIPHER_RSA PAD_ISO9797_1_M1_ALG3 ALG_SHA_224;no;		0.015000;0;0;0
SIG_CIPHER_RSA PAD_ISO9797_1_M1_ALG3 ALG_SHA3_224;no;		0.014000;0;0;0
SIG_CIPHER_RSA PAD_ISO9797_1_M1_ALG3 ALG_SHA3_256;no;		0.014000;0;0;0
SIG_CIPHER_RSA PAD_ISO9797_1_M1_ALG3 ALG_SHA3_384;no;		0.014000;0;0;0
SIG_CIPHER_RSA PAD_ISO9797_1_M1_ALG3 ALG_SHA3_512;no;		0.014000;0;0;0
SIG_CIPHER_RSA PAD_ISO9797_1_M2_ALG3 ALG_NULL;no;		0.014000;0;0;0
SIG_CIPHER_RSA PAD_ISO9797_1_M2_ALG3 ALG_SHA;no;		0.015000;0;0;0
SIG_CIPHER_RSA PAD_ISO9797_1_M2_ALG3 ALG_MD5;no;		0.014000;0;0;0
SIG_CIPHER_RSA PAD_ISO9797_1_M2_ALG3 ALG_RIPEMD160;no;		0.014000;0;0;0
SIG_CIPHER_RSA PAD_ISO9797_1_M2_ALG3 ALG_SHA_256;no;		0.014000;0;0;0
SIG_CIPHER_RSA PAD_ISO9797_1_M2_ALG3 ALG_SHA_384;no;		0.015000;0;0;0
SIG_CIPHER_RSA PAD_ISO9797_1_M2_ALG3 ALG_SHA_512;no;		0.014000;0;0;0
SIG_CIPHER_RSA PAD_ISO9797_1_M2_ALG3 ALG_SHA_224;no;		0.014000;0;0;0
SIG_CIPHER_RSA PAD_ISO9797_1_M2_ALG3 ALG_SHA3_224;no;		0.014000;0;0;0
SIG_CIPHER_RSA PAD_ISO9797_1_M2_ALG3 ALG_SHA3_256;no;		0.014000;0;0;0
SIG_CIPHER_RSA PAD_ISO9797_1_M2_ALG3 ALG_SHA3_384;no;		0.014000;0;0;0
SIG_CIPHER_RSA PAD_ISO9797_1_M2_ALG3 ALG_SHA3_512;no;		0.015000;0;0;0
SIG_CIPHER_RSA PAD_PKCS5 ALG_NULL;no;		0.014000;0;0;0
SIG_CIPHER_RSA PAD_PKCS5 ALG_SHA;no;		0.014000;0;0;0
SIG_CIPHER_RSA PAD_PKCS5 ALG_MD5;no;		0.014000;0;0;0
SIG_CIPHER_RSA PAD_PKCS5 ALG_RIPEMD160;no;		0.014000;0;0;0
SIG_CIPHER_RSA PAD_PKCS5 ALG_SHA_256;no;		0.014000;0;0;0
SIG_CIPHER_RSA PAD_PKCS5 ALG_SHA_384;no;		0.015000;0;0;0
SIG_CIPHER_RSA PAD_PKCS5 ALG_SHA_512;no;		0.014000;0;0;0
SIG_CIPHER_RSA PAD_PKCS5 ALG_SHA_224;no;		0.015000;0;0;0
SIG_CIPHER_RSA PAD_PKCS5 ALG_SHA3_224;no;		0.015000;0;0;0
SIG_CIPHER_RSA PAD_PKCS5 ALG_SHA3_256;no;		0.014000;0;0;0
SIG_CIPHER_RSA PAD_PKCS5 ALG_SHA3_384;no;		0.014000;0;0;0
SIG_CIPHER_RSA PAD_PKCS5 ALG_SHA3_512;no;		0.014000;0;0;0
SIG_CIPHER_RSA PAD_PKCS1 ALG_NULL;no;		0.014000;0;0;0
SIG_CIPHER_RSA PAD_PKCS1 ALG_SHA;yes;		0.049000;28;98;98
SIG_CIPHER_RSA PAD_PKCS1 ALG_MD5;no;		0.014000;0;0;0
SIG_CIPHER_RSA PAD_PKCS1 ALG_RIPEMD160;no;		0.014000;0;0;0
SIG_CIPHER_RSA PAD_PKCS1 ALG_SHA_256;yes;		0.049000;28;110;110
SIG_CIPHER_RSA PAD_PKCS1 ALG_SHA_384;SystemException_NO_TRANSIENT_SPACE;
SIG_CIPHER_RSA PAD_PKCS1 ALG_SHA_512;SystemException_NO_TRANSIENT_SPACE;
SIG_CIPHER_RSA PAD_PKCS1 ALG_SHA_224;yes;		0.049000;28;110;110
SIG_CIPHER_RSA PAD_PKCS1 ALG_SHA3_224;no;		0.014000;0;0;0
SIG_CIPHER_RSA PAD_PKCS1 ALG_SHA3_256;no;		0.014000;0;0;0
SIG_CIPHER_RSA PAD_PKCS1 ALG_SHA3_384;no;		0.014000;0;0;0
SIG_CIPHER_RSA PAD_PKCS1 ALG_SHA3_512;no;		0.014000;0;0;0
SIG_CIPHER_RSA PAD_PKCS1_PSS ALG_NULL;no;		0.014000;0;0;0
SIG_CIPHER_RSA PAD_PKCS1_PSS ALG_SHA;yes;		0.048000;28;98;98
SIG_CIPHER_RSA PAD_PKCS1_PSS ALG_MD5;no;		0.014000;0;0;0
SIG_CIPHER_RSA PAD_PKCS1_PSS ALG_RIPEMD160;no;		0.015000;0;0;0
SIG_CIPHER_RSA PAD_PKCS1_PSS ALG_SHA_256;yes;		0.049000;28;110;110
SIG_CIPHER_RSA PAD_PKCS1_PSS ALG_SHA_384;SystemException_NO_TRANSIENT_SPACE;
SIG_CIPHER_RSA PAD_PKCS1_PSS ALG_SHA_512;SystemException_NO_TRANSIENT_SPACE;
SIG_CIPHER_RSA PAD_PKCS1_PSS ALG_SHA_224;yes;		0.048000;28;110;110
SIG_CIPHER_RSA PAD_PKCS1_PSS ALG_SHA3_224;no;		0.014000;0;0;0
SIG_CIPHER_RSA PAD_PKCS1_PSS ALG_SHA3_256;no;		0.014000;0;0;0
SIG_CIPHER_RSA PAD_PKCS1_PSS ALG_SHA3_384;no;		0.014000;0;0;0
SIG_CIPHER_RSA PAD_PKCS1_PSS ALG_SHA3_512;no;		0.014000;0;0;0
SIG_CIPHER_RSA PAD_PKCS1_OAEP ALG_NULL;no;		0.014000;0;0;0
SIG_CIPHER_RSA PAD_PKCS1_OAEP ALG_SHA;no;		0.014000;0;0;0
SIG_CIPHER_RSA PAD_PKCS1_OAEP ALG_MD5;no;		0.014000;0;0;0
SIG_CIPHER_RSA PAD_PKCS1_OAEP ALG_RIPEMD160;no;		0.014000;0;0;0
SIG_CIPHER_RSA PAD_PKCS1_OAEP ALG_SHA_256;no;		0.014000;0;0;0
SIG_CIPHER_RSA PAD_PKCS1_OAEP ALG_SHA_384;no;		0.014000;0;0;0
SIG_CIPHER_RSA PAD_PKCS1_OAEP ALG_SHA_512;no;		0.014000;0;0;0
SIG_CIPHER_RSA PAD_PKCS1_OAEP ALG_SHA_224;no;		0.014000;0;0;0
SIG_CIPHER_RSA PAD_PKCS1_OAEP ALG_SHA3_224;no;		0.015000;0;0;0
SIG_CIPHER_RSA PAD_PKCS1_OAEP ALG_SHA3_256;no;		0.014000;0;0;0
SIG_CIPHER_RSA PAD_PKCS1_OAEP ALG_SHA3_384;no;		0.014000;0;0;0
SIG_CIPHER_RSA PAD_PKCS1_OAEP ALG_SHA3_512;no;		0.014000;0;0;0
SIG_CIPHER_RSA PAD_ISO9796 ALG_NULL;no;		0.014000;0;0;0
SIG_CIPHER_RSA PAD_ISO9796 ALG_SHA;SystemException_NO_TRANSIENT_SPACE;
SIG_CIPHER_RSA PAD_ISO9796 ALG_MD5;no;		0.014000;0;0;0
SIG_CIPHER_RSA PAD_ISO9796 ALG_RIPEMD160;no;		0.014000;0;0;0
SIG_CIPHER_RSA PAD_ISO9796 ALG_SHA_256;SystemException_NO_TRANSIENT_SPACE;
SIG_CIPHER_RSA PAD_ISO9796 ALG_SHA_384;SystemException_NO_TRANSIENT_SPACE;
SIG_CIPHER_RSA PAD_ISO9796 ALG_SHA_512;SystemException_NO_TRANSIENT_SPACE;
SIG_CIPHER_RSA PAD_ISO9796 ALG_SHA_224;SystemException_NO_TRANSIENT_SPACE;
SIG_CIPHER_RSA PAD_ISO9796 ALG_SHA3_224;no;		0.014000;0;0;0
SIG_CIPHER_RSA PAD_ISO9796 ALG_SHA3_256;no;		0.014000;0;0;0
SIG_CIPHER_RSA PAD_ISO9796 ALG_SHA3_384;no;		0.014000;0;0;0
SIG_CIPHER_RSA PAD_ISO9796 ALG_SHA3_512;no;		0.014000;0;0;0
SIG_CIPHER_RSA PAD_ISO9796_MR ALG_NULL;no;		0.014000;0;0;0
SIG_CIPHER_RSA PAD_ISO9796_MR ALG_SHA;SystemException_NO_TRANSIENT_SPACE;
SIG_CIPHER_RSA PAD_ISO9796_MR ALG_MD5;no;		0.014000;0;0;0
SIG_CIPHER_RSA PAD_ISO9796_MR ALG_RIPEMD160;no;		0.014000;0;0;0
SIG_CIPHER_RSA PAD_ISO9796_MR ALG_SHA_256;SystemException_NO_TRANSIENT_SPACE;
SIG_CIPHER_RSA PAD_ISO9796_MR ALG_SHA_384;SystemException_NO_TRANSIENT_SPACE;
SIG_CIPHER_RSA PAD_ISO9796_MR ALG_SHA_512;SystemException_NO_TRANSIENT_SPACE;
SIG_CIPHER_RSA PAD_ISO9796_MR ALG_SHA_224;SystemException_NO_TRANSIENT_SPACE;
SIG_CIPHER_RSA PAD_ISO9796_MR ALG_SHA3_224;no;		0.014000;0;0;0
SIG_CIPHER_RSA PAD_ISO9796_MR ALG_SHA3_256;no;		0.014000;0;0;0
SIG_CIPHER_RSA PAD_ISO9796_MR ALG_SHA3_384;no;		0.014000;0;0;0
SIG_CIPHER_RSA PAD_ISO9796_MR ALG_SHA3_512;no;		0.014000;0;0;0
SIG_CIPHER_RSA PAD_RFC2409 ALG_NULL;no;		0.014000;0;0;0
SIG_CIPHER_RSA PAD_RFC2409 ALG_SHA;no;		0.014000;0;0;0
SIG_CIPHER_RSA PAD_RFC2409 ALG_MD5;no;		0.014000;0;0;0
SIG_CIPHER_RSA PAD_RFC2409 ALG_RIPEMD160;no;		0.015000;0;0;0
SIG_CIPHER_RSA PAD_RFC2409 ALG_SHA_256;no;		0.015000;0;0;0
SIG_CIPHER_RSA PAD_RFC2409 ALG_SHA_384;no;		0.014000;0;0;0
SIG_CIPHER_RSA PAD_RFC2409 ALG_SHA_512;no;		0.014000;0;0;0
SIG_CIPHER_RSA PAD_RFC2409 ALG_SHA_224;no;		0.014000;0;0;0
SIG_CIPHER_RSA PAD_RFC2409 ALG_SHA3_224;no;		0.015000;0;0;0
SIG_CIPHER_RSA PAD_RFC2409 ALG_SHA3_256;no;		0.014000;0;0;0
SIG_CIPHER_RSA PAD_RFC2409 ALG_SHA3_384;no;		0.015000;0;0;0
SIG_CIPHER_RSA PAD_RFC2409 ALG_SHA3_512;no;		0.014000;0;0;0
SIG_CIPHER_RSA PAD_PKCS1_OAEP_SHA224 ALG_NULL;no;		0.014000;0;0;0
SIG_CIPHER_RSA PAD_PKCS1_OAEP_SHA224 ALG_SHA;no;		0.014000;0;0;0
SIG_CIPHER_RSA PAD_PKCS1_OAEP_SHA224 ALG_MD5;no;		0.014000;0;0;0
SIG_CIPHER_RSA PAD_PKCS1_OAEP_SHA224 ALG_RIPEMD160;no;		0.014000;0;0;0
SIG_CIPHER_RSA PAD_PKCS1_OAEP_SHA224 ALG_SHA_256;no;		0.015000;0;0;0
SIG_CIPHER_RSA PAD_PKCS1_OAEP_SHA224 ALG_SHA_384;no;		0.014000;0;0;0
SIG_CIPHER_RSA PAD_PKCS1_OAEP_SHA224 ALG_SHA_512;no;		0.014000;0;0;0
SIG_CIPHER_RSA PAD_PKCS1_OAEP_SHA224 ALG_SHA_224;no;		0.014000;0;0;0
SIG_CIPHER_RSA PAD_PKCS1_OAEP_SHA224 ALG_SHA3_224;no;		0.014000;0;0;0
SIG_CIPHER_RSA PAD_PKCS1_OAEP_SHA224 ALG_SHA3_256;no;		0.014000;0;0;0
SIG_CIPHER_RSA PAD_PKCS1_OAEP_SHA224 ALG_SHA3_384;no;		0.015000;0;0;0
SIG_CIPHER_RSA PAD_PKCS1_OAEP_SHA224 ALG_SHA3_512;no;		0.014000;0;0;0
SIG_CIPHER_RSA PAD_PKCS1_OAEP_SHA256 ALG_NULL;no;		0.014000;0;0;0
SIG_CIPHER_RSA PAD_PKCS1_OAEP_SHA256 ALG_SHA;no;		0.014000;0;0;0
SIG_CIPHER_RSA PAD_PKCS1_OAEP_SHA256 ALG_MD5;no;		0.015000;0;0;0
SIG_CIPHER_RSA PAD_PKCS1_OAEP_SHA256 ALG_RIPEMD160;no;		0.015000;0;0;0
SIG_CIPHER_RSA PAD_PKCS1_OAEP_SHA256 ALG_SHA_256;no;		0.015000;0;0;0
SIG_CIPHER_RSA PAD_PKCS1_OAEP_SHA256 ALG_SHA_384;no;		0.015000;0;0;0
SIG_CIPHER_RSA PAD_PKCS1_OAEP_SHA256 ALG_SHA_512;no;		0.015000;0;0;0
SIG_CIPHER_RSA PAD_PKCS1_OAEP_SHA256 ALG_SHA_224;no;		0.015000;0;0;0
SIG_CIPHER_RSA PAD_PKCS1_OAEP_SHA256 ALG_SHA3_224;no;		0.015000;0;0;0
SIG_CIPHER_RSA PAD_PKCS1_OAEP_SHA256 ALG_SHA3_256;no;		0.015000;0;0;0
SIG_CIPHER_RSA PAD_PKCS1_OAEP_SHA256 ALG_SHA3_384;no;		0.015000;0;0;0
SIG_CIPHER_RSA PAD_PKCS1_OAEP_SHA256 ALG_SHA3_512;no;		0.015000;0;0;0
SIG_CIPHER_RSA PAD_PKCS1_OAEP_SHA384 ALG_NULL;no;		0.014000;0;0;0
SIG_CIPHER_RSA PAD_PKCS1_OAEP_SHA384 ALG_SHA;no;		0.014000;0;0;0
SIG_CIPHER_RSA PAD_PKCS1_OAEP_SHA384 ALG_MD5;no;		0.014000;0;0;0
SIG_CIPHER_RSA PAD_PKCS1_OAEP_SHA384 ALG_RIPEMD160;no;		0.014000;0;0;0
SIG_CIPHER_RSA PAD_PKCS1_OAEP_SHA384 ALG_SHA_256;no;		0.014000;0;0;0
SIG_CIPHER_RSA PAD_PKCS1_OAEP_SHA384 ALG_SHA_384;no;		0.015000;0;0;0
SIG_CIPHER_RSA PAD_PKCS1_OAEP_SHA384 ALG_SHA_512;no;		0.015000;0;0;0
SIG_CIPHER_RSA PAD_PKCS1_OAEP_SHA384 ALG_SHA_224;no;		0.014000;0;0;0
SIG_CIPHER_RSA PAD_PKCS1_OAEP_SHA384 ALG_SHA3_224;no;		0.014000;0;0;0
SIG_CIPHER_RSA PAD_PKCS1_OAEP_SHA384 ALG_SHA3_256;no;		0.014000;0;0;0
SIG_CIPHER_RSA PAD_PKCS1_OAEP_SHA384 ALG_SHA3_384;no;		0.015000;0;0;0
SIG_CIPHER_RSA PAD_PKCS1_OAEP_SHA384 ALG_SHA3_512;no;		0.014000;0;0;0
SIG_CIPHER_RSA PAD_PKCS1_OAEP_SHA512 ALG_NULL;no;		0.014000;0;0;0
SIG_CIPHER_RSA PAD_PKCS1_OAEP_SHA512 ALG_SHA;no;		0.014000;0;0;0
SIG_CIPHER_RSA PAD_PKCS1_OAEP_SHA512 ALG_MD5;no;		0.014000;0;0;0
SIG_CIPHER_RSA PAD_PKCS1_OAEP_SHA512 ALG_RIPEMD160;no;		0.015000;0;0;0
SIG_CIPHER_RSA PAD_PKCS1_OAEP_SHA512 ALG_SHA_256;no;		0.014000;0;0;0
SIG_CIPHER_RSA PAD_PKCS1_OAEP_SHA512 ALG_SHA_384;no;		0.014000;0;0;0
SIG_CIPHER_RSA PAD_PKCS1_OAEP_SHA512 ALG_SHA_512;no;		0.014000;0;0;0
SIG_CIPHER_RSA PAD_PKCS1_OAEP_SHA512 ALG_SHA_224;no;		0.015000;0;0;0
SIG_CIPHER_RSA PAD_PKCS1_OAEP_SHA512 ALG_SHA3_224;no;		0.015000;0;0;0
SIG_CIPHER_RSA PAD_PKCS1_OAEP_SHA512 ALG_SHA3_256;no;		0.015000;0;0;0
SIG_CIPHER_RSA PAD_PKCS1_OAEP_SHA512 ALG_SHA3_384;no;		0.014000;0;0;0
SIG_CIPHER_RSA PAD_PKCS1_OAEP_SHA512 ALG_SHA3_512;no;		0.014000;0;0;0
SIG_CIPHER_RSA PAD_PKCS1_OAEP_SHA3_224 ALG_NULL;no;		0.015000;0;0;0
SIG_CIPHER_RSA PAD_PKCS1_OAEP_SHA3_224 ALG_SHA;no;		0.014000;0;0;0
SIG_CIPHER_RSA PAD_PKCS1_OAEP_SHA3_224 ALG_MD5;no;		0.014000;0;0;0
SIG_CIPHER_RSA PAD_PKCS1_OAEP_SHA3_224 ALG_RIPEMD160;no;		0.014000;0;0;0
SIG_CIPHER_RSA PAD_PKCS1_OAEP_SHA3_224 ALG_SHA_256;no;		0.015000;0;0;0
SIG_CIPHER_RSA PAD_PKCS1_OAEP_SHA3_224 ALG_SHA_384;no;		0.015000;0;0;0
SIG_CIPHER_RSA PAD_PKCS1_OAEP_SHA3_224 ALG_SHA_512;no;		0.014000;0;0;0
SIG_CIPHER_RSA PAD_PKCS1_OAEP_SHA3_224 ALG_SHA_224;no;		0.015000;0;0;0
SIG_CIPHER_RSA PAD_PKCS1_OAEP_SHA3_224 ALG_SHA3_224;no;		0.014000;0;0;0
SIG_CIPHER_RSA PAD_PKCS1_OAEP_SHA3_224 ALG_SHA3_256;no;		0.014000;0;0;0
SIG_CIPHER_RSA PAD_PKCS1_OAEP_SHA3_224 ALG_SHA3_384;no;		0.014000;0;0;0
SIG_CIPHER_RSA PAD_PKCS1_OAEP_SHA3_224 ALG_SHA3_512;no;		0.014000;0;0;0
SIG_CIPHER_RSA PAD_PKCS1_OAEP_SHA3_256 ALG_NULL;no;		0.014000;0;0;0
SIG_CIPHER_RSA PAD_PKCS1_OAEP_SHA3_256 ALG_SHA;no;		0.014000;0;0;0
SIG_CIPHER_RSA PAD_PKCS1_OAEP_SHA3_256 ALG_MD5;no;		0.014000;0;0;0
SIG_CIPHER_RSA PAD_PKCS1_OAEP_SHA3_256 ALG_RIPEMD160;no;		0.014000;0;0;0
SIG_CIPHER_RSA PAD_PKCS1_OAEP_SHA3_256 ALG_SHA_256;no;		0.014000;0;0;0
SIG_CIPHER_RSA PAD_PKCS1_OAEP_SHA3_256 ALG_SHA_384;no;		0.015000;0;0;0
SIG_CIPHER_RSA PAD_PKCS1_OAEP_SHA3_256 ALG_SHA_512;no;		0.013000;0;0;0
SIG_CIPHER_RSA PAD_PKCS1_OAEP_SHA3_256 ALG_SHA_224;no;		0.015000;0;0;0
SIG_CIPHER_RSA PAD_PKCS1_OAEP_SHA3_256 ALG_SHA3_224;no;		0.014000;0;0;0
SIG_CIPHER_RSA PAD_PKCS1_OAEP_SHA3_256 ALG_SHA3_256;no;		0.014000;0;0;0
SIG_CIPHER_RSA PAD_PKCS1_OAEP_SHA3_256 ALG_SHA3_384;no;		0.014000;0;0;0
SIG_CIPHER_RSA PAD_PKCS1_OAEP_SHA3_256 ALG_SHA3_512;no;		0.014000;0;0;0
SIG_CIPHER_RSA PAD_PKCS1_OAEP_SHA3_384 ALG_NULL;no;		0.015000;0;0;0
SIG_CIPHER_RSA PAD_PKCS1_OAEP_SHA3_384 ALG_SHA;no;		0.014000;0;0;0
SIG_CIPHER_RSA PAD_PKCS1_OAEP_SHA3_384 ALG_MD5;no;		0.014000;0;0;0
SIG_CIPHER_RSA PAD_PKCS1_OAEP_SHA3_384 ALG_RIPEMD160;no;		0.014000;0;0;0
SIG_CIPHER_RSA PAD_PKCS1_OAEP_SHA3_384 ALG_SHA_256;no;		0.015000;0;0;0
SIG_CIPHER_RSA PAD_PKCS1_OAEP_SHA3_384 ALG_SHA_384;no;		0.015000;0;0;0
SIG_CIPHER_RSA PAD_PKCS1_OAEP_SHA3_384 ALG_SHA_512;no;		0.015000;0;0;0
SIG_CIPHER_RSA PAD_PKCS1_OAEP_SHA3_384 ALG_SHA_224;no;		0.015000;0;0;0
SIG_CIPHER_RSA PAD_PKCS1_OAEP_SHA3_384 ALG_SHA3_224;no;		0.015000;0;0;0
SIG_CIPHER_RSA PAD_PKCS1_OAEP_SHA3_384 ALG_SHA3_256;no;		0.014000;0;0;0
SIG_CIPHER_RSA PAD_PKCS1_OAEP_SHA3_384 ALG_SHA3_384;no;		0.014000;0;0;0
SIG_CIPHER_RSA PAD_PKCS1_OAEP_SHA3_384 ALG_SHA3_512;no;		0.014000;0;0;0
SIG_CIPHER_RSA PAD_PKCS1_OAEP_SHA3_512 ALG_NULL;no;		0.014000;0;0;0
SIG_CIPHER_RSA PAD_PKCS1_OAEP_SHA3_512 ALG_SHA;no;		0.015000;0;0;0
SIG_CIPHER_RSA PAD_PKCS1_OAEP_SHA3_512 ALG_MD5;no;		0.014000;0;0;0
SIG_CIPHER_RSA PAD_PKCS1_OAEP_SHA3_512 ALG_RIPEMD160;no;		0.014000;0;0;0
SIG_CIPHER_RSA PAD_PKCS1_OAEP_SHA3_512 ALG_SHA_256;no;		0.014000;0;0;0
SIG_CIPHER_RSA PAD_PKCS1_OAEP_SHA3_512 ALG_SHA_384;no;		0.014000;0;0;0
SIG_CIPHER_RSA PAD_PKCS1_OAEP_SHA3_512 ALG_SHA_512;no;		0.014000;0;0;0
SIG_CIPHER_RSA PAD_PKCS1_OAEP_SHA3_512 ALG_SHA_224;no;		0.014000;0;0;0
SIG_CIPHER_RSA PAD_PKCS1_OAEP_SHA3_512 ALG_SHA3_224;no;		0.015000;0;0;0
SIG_CIPHER_RSA PAD_PKCS1_OAEP_SHA3_512 ALG_SHA3_256;no;		0.014000;0;0;0
SIG_CIPHER_RSA PAD_PKCS1_OAEP_SHA3_512 ALG_SHA3_384;no;		0.015000;0;0;0
SIG_CIPHER_RSA PAD_PKCS1_OAEP_SHA3_512 ALG_SHA3_512;no;		0.014000;0;0;0
SIG_CIPHER_RSA PAD_ISO9796_MR_SCHEME_2 ALG_NULL;no;		0.014000;0;0;0
SIG_CIPHER_RSA PAD_ISO9796_MR_SCHEME_2 ALG_SHA;no;		0.014000;0;0;0
SIG_CIPHER_RSA PAD_ISO9796_MR_SCHEME_2 ALG_MD5;no;		0.014000;0;0;0
SIG_CIPHER_RSA PAD_ISO9796_MR_SCHEME_2 ALG_RIPEMD160;no;		0.014000;0;0;0
SIG_CIPHER_RSA PAD_ISO9796_MR_SCHEME_2 ALG_SHA_256;no;		0.015000;0;0;0
SIG_CIPHER_RSA PAD_ISO9796_MR_SCHEME_2 ALG_SHA_384;no;		0.014000;0;0;0
SIG_CIPHER_RSA PAD_ISO9796_MR_SCHEME_2 ALG_SHA_512;no;		0.015000;0;0;0
SIG_CIPHER_RSA PAD_ISO9796_MR_SCHEME_2 ALG_SHA_224;no;		0.014000;0;0;0
SIG_CIPHER_RSA PAD_ISO9796_MR_SCHEME_2 ALG_SHA3_224;no;		0.014000;0;0;0
SIG_CIPHER_RSA PAD_ISO9796_MR_SCHEME_2 ALG_SHA3_256;no;		0.014000;0;0;0
SIG_CIPHER_RSA PAD_ISO9796_MR_SCHEME_2 ALG_SHA3_384;no;		0.014000;0;0;0
SIG_CIPHER_RSA PAD_ISO9796_MR_SCHEME_2 ALG_SHA3_512;no;		0.014000;0;0;0
SIG_CIPHER_RSA PAD_ISO9796_MR_SCHEME_3 ALG_NULL;no;		0.014000;0;0;0
SIG_CIPHER_RSA PAD_ISO9796_MR_SCHEME_3 ALG_SHA;no;		0.014000;0;0;0
SIG_CIPHER_RSA PAD_ISO9796_MR_SCHEME_3 ALG_MD5;no;		0.014000;0;0;0
SIG_CIPHER_RSA PAD_ISO9796_MR_SCHEME_3 ALG_RIPEMD160;no;		0.014000;0;0;0
SIG_CIPHER_RSA PAD_ISO9796_MR_SCHEME_3 ALG_SHA_256;no;		0.015000;0;0;0
SIG_CIPHER_RSA PAD_ISO9796_MR_SCHEME_3 ALG_SHA_384;no;		0.014000;0;0;0
SIG_CIPHER_RSA PAD_ISO9796_MR_SCHEME_3 ALG_SHA_512;no;		0.014000;0;0;0
SIG_CIPHER_RSA PAD_ISO9796_MR_SCHEME_3 ALG_SHA_224;no;		0.014000;0;0;0
SIG_CIPHER_RSA PAD_ISO9796_MR_SCHEME_3 ALG_SHA3_224;no;		0.014000;0;0;0
SIG_CIPHER_RSA PAD_ISO9796_MR_SCHEME_3 ALG_SHA3_256;no;		0.014000;0;0;0
SIG_CIPHER_RSA PAD_ISO9796_MR_SCHEME_3 ALG_SHA3_384;no;		0.014000;0;0;0
SIG_CIPHER_RSA PAD_ISO9796_MR_SCHEME_3 ALG_SHA3_512;no;		0.014000;0;0;0
SIG_CIPHER_DSA PAD_NULL ALG_NULL;no;		0.014000;0;0;0
SIG_CIPHER_DSA PAD_NULL ALG_SHA;no;		0.015000;0;0;0
SIG_CIPHER_DSA PAD_NULL ALG_MD5;no;		0.014000;0;0;0
SIG_CIPHER_DSA PAD_NULL ALG_RIPEMD160;no;		0.014000;0;0;0
SIG_CIPHER_DSA PAD_NULL ALG_SHA_256;no;		0.014000;0;0;0
SIG_CIPHER_DSA PAD_NULL ALG_SHA_384;no;		0.015000;0;0;0
SIG_CIPHER_DSA PAD_NULL ALG_SHA_512;no;		0.014000;0;0;0
SIG_CIPHER_DSA PAD_NULL ALG_SHA_224;no;		0.014000;0;0;0
SIG_CIPHER_DSA PAD_NULL ALG_SHA3_224;no;		0.014000;0;0;0
SIG_CIPHER_DSA PAD_NULL ALG_SHA3_256;no;		0.014000;0;0;0
SIG_CIPHER_DSA PAD_NULL ALG_SHA3_384;no;		0.015000;0;0;0
SIG_CIPHER_DSA PAD_NULL ALG_SHA3_512;no;		0.014000;0;0;0
SIG_CIPHER_DSA PAD_NOPAD ALG_NULL;no;		0.014000;0;0;0
SIG_CIPHER_DSA PAD_NOPAD ALG_SHA;no;		0.014000;0;0;0
SIG_CIPHER_DSA PAD_NOPAD ALG_MD5;no;		0.014000;0;0;0
SIG_CIPHER_DSA PAD_NOPAD ALG_RIPEMD160;no;		0.014000;0;0;0
SIG_CIPHER_DSA PAD_NOPAD ALG_SHA_256;no;		0.014000;0;0;0
SIG_CIPHER_DSA PAD_NOPAD ALG_SHA_384;no;		0.014000;0;0;0
SIG_CIPHER_DSA PAD_NOPAD ALG_SHA_512;no;		0.014000;0;0;0
SIG_CIPHER_DSA PAD_NOPAD ALG_SHA_224;no;		0.014000;0;0;0
SIG_CIPHER_DSA PAD_NOPAD ALG_SHA3_224;no;		0.014000;0;0;0
SIG_CIPHER_DSA PAD_NOPAD ALG_SHA3_256;no;		0.014000;0;0;0
SIG_CIPHER_DSA PAD_NOPAD ALG_SHA3_384;no;		0.014000;0;0;0
SIG_CIPHER_DSA PAD_NOPAD ALG_SHA3_512;no;		0.015000;0;0;0
SIG_CIPHER_DSA PAD_ISO9797_M1 ALG_NULL;no;		0.014000;0;0;0
SIG_CIPHER_DSA PAD_ISO9797_M1 ALG_SHA;no;		0.014000;0;0;0
SIG_CIPHER_DSA PAD_ISO9797_M1 ALG_MD5;no;		0.014000;0;0;0
SIG_CIPHER_DSA PAD_ISO9797_M1 ALG_RIPEMD160;no;		0.014000;0;0;0
SIG_CIPHER_DSA PAD_ISO9797_M1 ALG_SHA_256;no;		0.014000;0;0;0
SIG_CIPHER_DSA PAD_ISO9797_M1 ALG_SHA_384;no;		0.014000;0;0;0
SIG_CIPHER_DSA PAD_ISO9797_M1 ALG_SHA_512;no;		0.015000;0;0;0
SIG_CIPHER_DSA PAD_ISO9797_M1 ALG_SHA_224;no;		0.014000;0;0;0
SIG_CIPHER_DSA PAD_ISO9797_M1 ALG_SHA3_224;no;		0.014000;0;0;0
SIG_CIPHER_DSA PAD_ISO9797_M1 ALG_SHA3_256;no;		0.015000;0;0;0
SIG_CIPHER_DSA PAD_ISO9797_M1 ALG_SHA3_384;no;		0.014000;0;0;0
SIG_CIPHER_DSA PAD_ISO9797_M1 ALG_SHA3_512;no;		0.014000;0;0;0
SIG_CIPHER_DSA PAD_ISO9797_M2 ALG_NULL;no;		0.014000;0;0;0
SIG_CIPHER_DSA PAD_ISO9797_M2 ALG_SHA;no;		0.014000;0;0;0
SIG_CIPHER_DSA PAD_ISO9797_M2 ALG_MD5;no;		0.014000;0;0;0
SIG_CIPHER_DSA PAD_ISO9797_M2 ALG_RIPEMD160;no;		0.014000;0;0;0
SIG_CIPHER_DSA PAD_ISO9797_M2 ALG_SHA_256;no;		0.014000;0;0;0
SIG_CIPHER_DSA PAD_ISO9797_M2 ALG_SHA_384;no;		0.014000;0;0;0
SIG_CIPHER_DSA PAD_ISO9797_M2 ALG_SHA_512;no;		0.014000;0;0;0
SIG_CIPHER_DSA PAD_ISO9797_M2 ALG_SHA_224;no;		0.014000;0;0;0
SIG_CIPHER_DSA PAD_ISO9797_M2 ALG_SHA3_224;no;		0.014000;0;0;0
SIG_CIPHER_DSA PAD_ISO9797_M2 ALG_SHA3_256;no;		0.014000;0;0;0
SIG_CIPHER_DSA PAD_ISO9797_M2 ALG_SHA3_384;no;		0.014000;0;0;0
SIG_CIPHER_DSA PAD_ISO9797_M2 ALG_SHA3_512;no;		0.015000;0;0;0
SIG_CIPHER_DSA PAD_ISO9797_1_M1_ALG3 ALG_NULL;no;		0.014000;0;0;0
SIG_CIPHER_DSA PAD_ISO9797_1_M1_ALG3 ALG_SHA;no;		0.014000;0;0;0
SIG_CIPHER_DSA PAD_ISO9797_1_M1_ALG3 ALG_MD5;no;		0.015000;0;0;0
SIG_CIPHER_DSA PAD_ISO9797_1_M1_ALG3 ALG_RIPEMD160;no;		0.014000;0;0;0
SIG_CIPHER_DSA PAD_ISO9797_1_M1_ALG3 ALG_SHA_256;no;		0.014000;0;0;0
SIG_CIPHER_DSA PAD_ISO9797_1_M1_ALG3 ALG_SHA_384;no;		0.014000;0;0;0
SIG_CIPHER_DSA PAD_ISO9797_1_M1_ALG3 ALG_SHA_512;no;		0.014000;0;0;0
SIG_CIPHER_DSA PAD_ISO9797_1_M1_ALG3 ALG_SHA_224;no;		0.014000;0;0;0
SIG_CIPHER_DSA PAD_ISO9797_1_M1_ALG3 ALG_SHA3_224;no;		0.015000;0;0;0
SIG_CIPHER_DSA PAD_ISO9797_1_M1_ALG3 ALG_SHA3_256;no;		0.015000;0;0;0
SIG_CIPHER_DSA PAD_ISO9797_1_M1_ALG3 ALG_SHA3_384;no;		0.015000;0;0;0
SIG_CIPHER_DSA PAD_ISO9797_1_M1_ALG3 ALG_SHA3_512;no;		0.014000;0;0;0
SIG_CIPHER_DSA PAD_ISO9797_1_M2_ALG3 ALG_NULL;no;		0.014000;0;0;0
SIG_CIPHER_DSA PAD_ISO9797_1_M2_ALG3 ALG_SHA;no;		0.014000;0;0;0
SIG_CIPHER_DSA PAD_ISO9797_1_M2_ALG3 ALG_MD5;no;		0.014000;0;0;0
SIG_CIPHER_DSA PAD_ISO9797_1_M2_ALG3 ALG_RIPEMD160;no;		0.014000;0;0;0
SIG_CIPHER_DSA PAD_ISO9797_1_M2_ALG3 ALG_SHA_256;no;		0.015000;0;0;0
SIG_CIPHER_DSA PAD_ISO9797_1_M2_ALG3 ALG_SHA_384;no;		0.015000;0;0;0
SIG_CIPHER_DSA PAD_ISO9797_1_M2_ALG3 ALG_SHA_512;no;		0.014000;0;0;0
SIG_CIPHER_DSA PAD_ISO9797_1_M2_ALG3 ALG_SHA_224;no;		0.015000;0;0;0
SIG_CIPHER_DSA PAD_ISO9797_1_M2_ALG3 ALG_SHA3_224;no;		0.014000;0;0;0
SIG_CIPHER_DSA PAD_ISO9797_1_M2_ALG3 ALG_SHA3_256;no;		0.015000;0;0;0
SIG_CIPHER_DSA PAD_ISO9797_1_M2_ALG3 ALG_SHA3_384;no;		0.014000;0;0;0
SIG_CIPHER_DSA PAD_ISO9797_1_M2_ALG3 ALG_SHA3_512;no;		0.015000;0;0;0
SIG_CIPHER_DSA PAD_PKCS5 ALG_NULL;no;		0.014000;0;0;0
SIG_CIPHER_DSA PAD_PKCS5 ALG_SHA;no;		0.014000;0;0;0
SIG_CIPHER_DSA PAD_PKCS5 ALG_MD5;no;		0.014000;0;0;0
SIG_CIPHER_DSA PAD_PKCS5 ALG_RIPEMD160;no;		0.014000;0;0;0
SIG_CIPHER_DSA PAD_PKCS5 ALG_SHA_256;no;		0.014000;0;0;0
SIG_CIPHER_DSA PAD_PKCS5 ALG_SHA_384;no;		0.015000;0;0;0
SIG_CIPHER_DSA PAD_PKCS5 ALG_SHA_512;no;		0.015000;0;0;0
SIG_CIPHER_DSA PAD_PKCS5 ALG_SHA_224;no;		0.015000;0;0;0
SIG_CIPHER_DSA PAD_PKCS5 ALG_SHA3_224;no;		0.014000;0;0;0
SIG_CIPHER_DSA PAD_PKCS5 ALG_SHA3_256;no;		0.014000;0;0;0
SIG_CIPHER_DSA PAD_PKCS5 ALG_SHA3_384;no;		0.015000;0;0;0
SIG_CIPHER_DSA PAD_PKCS5 ALG_SHA3_512;no;		0.014000;0;0;0
SIG_CIPHER_DSA PAD_PKCS1 ALG_NULL;no;		0.014000;0;0;0
SIG_CIPHER_DSA PAD_PKCS1 ALG_SHA;no;		0.014000;0;0;0
SIG_CIPHER_DSA PAD_PKCS1 ALG_MD5;no;		0.014000;0;0;0
SIG_CIPHER_DSA PAD_PKCS1 ALG_RIPEMD160;no;		0.014000;0;0;0
SIG_CIPHER_DSA PAD_PKCS1 ALG_SHA_256;no;		0.014000;0;0;0
SIG_CIPHER_DSA PAD_PKCS1 ALG_SHA_384;no;		0.014000;0;0;0
SIG_CIPHER_DSA PAD_PKCS1 ALG_SHA_512;no;		0.015000;0;0;0
SIG_CIPHER_DSA PAD_PKCS1 ALG_SHA_224;no;		0.015000;0;0;0
SIG_CIPHER_DSA PAD_PKCS1 ALG_SHA3_224;no;		0.014000;0;0;0
SIG_CIPHER_DSA PAD_PKCS1 ALG_SHA3_256;no;		0.014000;0;0;0
SIG_CIPHER_DSA PAD_PKCS1 ALG_SHA3_384;no;		0.014000;0;0;0
SIG_CIPHER_DSA PAD_PKCS1 ALG_SHA3_512;no;		0.014000;0;0;0
SIG_CIPHER_DSA PAD_PKCS1_PSS ALG_NULL;no;		0.014000;0;0;0
SIG_CIPHER_DSA PAD_PKCS1_PSS ALG_SHA;no;		0.014000;0;0;0
SIG_CIPHER_DSA PAD_PKCS1_PSS ALG_MD5;no;		0.014000;0;0;0
SIG_CIPHER_DSA PAD_PKCS1_PSS ALG_RIPEMD160;no;		0.014000;0;0;0
SIG_CIPHER_DSA PAD_PKCS1_PSS ALG_SHA_256;no;		0.014000;0;0;0
SIG_CIPHER_DSA PAD_PKCS1_PSS ALG_SHA_384;no;		0.014000;0;0;0
SIG_CIPHER_DSA PAD_PKCS1_PSS ALG_SHA_512;no;		0.014000;0;0;0
SIG_CIPHER_DSA PAD_PKCS1_PSS ALG_SHA_224;no;		0.014000;0;0;0
SIG_CIPHER_DSA PAD_PKCS1_PSS ALG_SHA3_224;no;		0.014000;0;0;0
SIG_CIPHER_DSA PAD_PKCS1_PSS ALG_SHA3_256;no;		0.014000;0;0;0
SIG_CIPHER_DSA PAD_PKCS1_PSS ALG_SHA3_384;no;		0.014000;0;0;0
SIG_CIPHER_DSA PAD_PKCS1_PSS ALG_SHA3_512;no;		0.014000;0;0;0
SIG_CIPHER_DSA PAD_PKCS1_OAEP ALG_NULL;no;		0.014000;0;0;0
SIG_CIPHER_DSA PAD_PKCS1_OAEP ALG_SHA;no;		0.014000;0;0;0
SIG_CIPHER_DSA PAD_PKCS1_OAEP ALG_MD5;no;		0.014000;0;0;0
SIG_CIPHER_DSA PAD_PKCS1_OAEP ALG_RIPEMD160;no;		0.014000;0;0;0
SIG_CIPHER_DSA PAD_PKCS1_OAEP ALG_SHA_256;no;		0.014000;0;0;0
SIG_CIPHER_DSA PAD_PKCS1_OAEP ALG_SHA_384;no;		0.014000;0;0;0
SIG_CIPHER_DSA PAD_PKCS1_OAEP ALG_SHA_512;no;		0.014000;0;0;0
SIG_CIPHER_DSA PAD_PKCS1_OAEP ALG_SHA_224;no;		0.014000;0;0;0
SIG_CIPHER_DSA PAD_PKCS1_OAEP ALG_SHA3_224;no;		0.014000;0;0;0
SIG_CIPHER_DSA PAD_PKCS1_OAEP ALG_SHA3_256;no;		0.014000;0;0;0
SIG_CIPHER_DSA PAD_PKCS1_OAEP ALG_SHA3_384;no;		0.014000;0;0;0
SIG_CIPHER_DSA PAD_PKCS1_OAEP ALG_SHA3_512;no;		0.015000;0;0;0
SIG_CIPHER_DSA PAD_ISO9796 ALG_NULL;no;		0.014000;0;0;0
SIG_CIPHER_DSA PAD_ISO9796 ALG_SHA;no;		0.015000;0;0;0
SIG_CIPHER_DSA PAD_ISO9796 ALG_MD5;no;		0.014000;0;0;0
SIG_CIPHER_DSA PAD_ISO9796 ALG_RIPEMD160;no;		0.014000;0;0;0
SIG_CIPHER_DSA PAD_ISO9796 ALG_SHA_256;no;		0.015000;0;0;0
SIG_CIPHER_DSA PAD_ISO9796 ALG_SHA_384;no;		0.014000;0;0;0
SIG_CIPHER_DSA PAD_ISO9796 ALG_SHA_512;no;		0.014000;0;0;0
SIG_CIPHER_DSA PAD_ISO9796 ALG_SHA_224;no;		0.015000;0;0;0
SIG_CIPHER_DSA PAD_ISO9796 ALG_SHA3_224;no;		0.014000;0;0;0
SIG_CIPHER_DSA PAD_ISO9796 ALG_SHA3_256;no;		0.014000;0;0;0
SIG_CIPHER_DSA PAD_ISO9796 ALG_SHA3_384;no;		0.014000;0;0;0
SIG_CIPHER_DSA PAD_ISO9796 ALG_SHA3_512;no;		0.014000;0;0;0
SIG_CIPHER_DSA PAD_ISO9796_MR ALG_NULL;no;		0.014000;0;0;0
SIG_CIPHER_DSA PAD_ISO9796_MR ALG_SHA;no;		0.014000;0;0;0
SIG_CIPHER_DSA PAD_ISO9796_MR ALG_MD5;no;		0.014000;0;0;0
SIG_CIPHER_DSA PAD_ISO9796_MR ALG_RIPEMD160;no;		0.014000;0;0;0
SIG_CIPHER_DSA PAD_ISO9796_MR ALG_SHA_256;no;		0.014000;0;0;0
SIG_CIPHER_DSA PAD_ISO9796_MR ALG_SHA_384;no;		0.014000;0;0;0
SIG_CIPHER_DSA PAD_ISO9796_MR ALG_SHA_512;no;		0.014000;0;0;0
SIG_CIPHER_DSA PAD_ISO9796_MR ALG_SHA_224;no;		0.014000;0;0;0
SIG_CIPHER_DSA PAD_ISO9796_MR ALG_SHA3_224;no;		0.015000;0;0;0
SIG_CIPHER_DSA PAD_ISO9796_MR ALG_SHA3_256;no;		0.014000;0;0;0
SIG_CIPHER_DSA PAD_ISO9796_MR ALG_SHA3_384;no;		0.014000;0;0;0
SIG_CIPHER_DSA PAD_ISO9796_MR ALG_SHA3_512;no;		0.015000;0;0;0
SIG_CIPHER_DSA PAD_RFC2409 ALG_NULL;no;		0.014000;0;0;0
SIG_CIPHER_DSA PAD_RFC2409 ALG_SHA;no;		0.014000;0;0;0
SIG_CIPHER_DSA PAD_RFC2409 ALG_MD5;no;		0.014000;0;0;0
SIG_CIPHER_DSA PAD_RFC2409 ALG_RIPEMD160;no;		0.014000;0;0;0
SIG_CIPHER_DSA PAD_RFC2409 ALG_SHA_256;no;		0.015000;0;0;0
SIG_CIPHER_DSA PAD_RFC2409 ALG_SHA_384;no;		0.014000;0;0;0
SIG_CIPHER_DSA PAD_RFC2409 ALG_SHA_512;no;		0.014000;0;0;0
SIG_CIPHER_DSA PAD_RFC2409 ALG_SHA_224;no;		0.014000;0;0;0
SIG_CIPHER_DSA PAD_RFC2409 ALG_SHA3_224;no;		0.014000;0;0;0
SIG_CIPHER_DSA PAD_RFC2409 ALG_SHA3_256;no;		0.014000;0;0;0
SIG_CIPHER_DSA PAD_RFC2409 ALG_SHA3_384;no;		0.014000;0;0;0
SIG_CIPHER_DSA PAD_RFC2409 ALG_SHA3_512;no;		0.014000;0;0;0
SIG_CIPHER_DSA PAD_PKCS1_OAEP_SHA224 ALG_NULL;no;		0.015000;0;0;0
SIG_CIPHER_DSA PAD_PKCS1_OAEP_SHA224 ALG_SHA;no;		0.014000;0;0;0
SIG_CIPHER_DSA PAD_PKCS1_OAEP_SHA224 ALG_MD5;no;		0.014000;0;0;0
SIG_CIPHER_DSA PAD_PKCS1_OAEP_SHA224 ALG_RIPEMD160;no;		0.014000;0;0;0
SIG_CIPHER_DSA PAD_PKCS1_OAEP_SHA224 ALG_SHA_256;no;		0.014000;0;0;0
SIG_CIPHER_DSA PAD_PKCS1_OAEP_SHA224 ALG_SHA_384;no;		0.014000;0;0;0
SIG_CIPHER_DSA PAD_PKCS1_OAEP_SHA224 ALG_SHA_512;no;		0.014000;0;0;0
SIG_CIPHER_DSA PAD_PKCS1_OAEP_SHA224 ALG_SHA_224;no;		0.014000;0;0;0
SIG_CIPHER_DSA PAD_PKCS1_OAEP_SHA224 ALG_SHA3_224;no;		0.014000;0;0;0
SIG_CIPHER_DSA PAD_PKCS1_OAEP_SHA224 ALG_SHA3_256;no;		0.014000;0;0;0
SIG_CIPHER_DSA PAD_PKCS1_OAEP_SHA224 ALG_SHA3_384;no;		0.014000;0;0;0
SIG_CIPHER_DSA PAD_PKCS1_OAEP_SHA224 ALG_SHA3_512;no;		0.014000;0;0;0
SIG_CIPHER_DSA PAD_PKCS1_OAEP_SHA256 ALG_NULL;no;		0.014000;0;0;0
SIG_CIPHER_DSA PAD_PKCS1_OAEP_SHA256 ALG_SHA;no;		0.014000;0;0;0
SIG_CIPHER_DSA PAD_PKCS1_OAEP_SHA256 ALG_MD5;no;		0.015000;0;0;0
SIG_CIPHER_DSA PAD_PKCS1_OAEP_SHA256 ALG_RIPEMD160;no;		0.014000;0;0;0
SIG_CIPHER_DSA PAD_PKCS1_OAEP_SHA256 ALG_SHA_256;no;		0.014000;0;0;0
SIG_CIPHER_DSA PAD_PKCS1_OAEP_SHA256 ALG_SHA_384;no;		0.015000;0;0;0
SIG_CIPHER_DSA PAD_PKCS1_OAEP_SHA256 ALG_SHA_512;no;		0.014000;0;0;0
SIG_CIPHER_DSA PAD_PKCS1_OAEP_SHA256 ALG_SHA_224;no;		0.015000;0;0;0
SIG_CIPHER_DSA PAD_PKCS1_OAEP_SHA256 ALG_SHA3_224;no;		0.014000;0;0;0
SIG_CIPHER_DSA PAD_PKCS1_OAEP_SHA256 ALG_SHA3_256;no;		0.014000;0;0;0
SIG_CIPHER_DSA PAD_PKCS1_OAEP_SHA256 ALG_SHA3_384;no;		0.014000;0;0;0
SIG_CIPHER_DSA PAD_PKCS1_OAEP_SHA256 ALG_SHA3_512;no;		0.014000;0;0;0
SIG_CIPHER_DSA PAD_PKCS1_OAEP_SHA384 ALG_NULL;no;		0.014000;0;0;0
SIG_CIPHER_DSA PAD_PKCS1_OAEP_SHA384 ALG_SHA;no;		0.015000;0;0;0
SIG_CIPHER_DSA PAD_PKCS1_OAEP_SHA384 ALG_MD5;no;		0.015000;0;0;0
SIG_CIPHER_DSA PAD_PKCS1_OAEP_SHA384 ALG_RIPEMD160;no;		0.015000;0;0;0
SIG_CIPHER_DSA PAD_PKCS1_OAEP_SHA384 ALG_SHA_256;no;		0.014000;0;0;0
SIG_CIPHER_DSA PAD_PKCS1_OAEP_SHA384 ALG_SHA_384;no;		0.014000;0;0;0
SIG_CIPHER_DSA PAD_PKCS1_OAEP_SHA384 ALG_SHA_512;no;		0.014000;0;0;0
SIG_CIPHER_DSA PAD_PKCS1_OAEP_SHA384 ALG_SHA_224;no;		0.014000;0;0;0
SIG_CIPHER_DSA PAD_PKCS1_OAEP_SHA384 ALG_SHA3_224;no;		0.014000;0;0;0
SIG_CIPHER_DSA PAD_PKCS1_OAEP_SHA384 ALG_SHA3_256;no;		0.014000;0;0;0
SIG_CIPHER_DSA PAD_PKCS1_OAEP_SHA384 ALG_SHA3_384;no;		0.014000;0;0;0
SIG_CIPHER_DSA PAD_PKCS1_OAEP_SHA384 ALG_SHA3_512;no;		0.014000;0;0;0
SIG_CIPHER_DSA PAD_PKCS1_OAEP_SHA512 ALG_NULL;no;		0.015000;0;0;0
SIG_CIPHER_DSA PAD_PKCS1_OAEP_SHA512 ALG_SHA;no;		0.014000;0;0;0
SIG_CIPHER_DSA PAD_PKCS1_OAEP_SHA512 ALG_MD5;no;		0.014000;0;0;0
SIG_CIPHER_DSA PAD_PKCS1_OAEP_SHA512 ALG_RIPEMD160;no;		0.014000;0;0;0
SIG_CIPHER_DSA PAD_PKCS1_OAEP_SHA512 ALG_SHA_256;no;		0.015000;0;0;0
SIG_CIPHER_DSA PAD_PKCS1_OAEP_SHA512 ALG_SHA_384;no;		0.015000;0;0;0
SIG_CIPHER_DSA PAD_PKCS1_OAEP_SHA512 ALG_SHA_512;no;		0.014000;0;0;0
SIG_CIPHER_DSA PAD_PKCS1_OAEP_SHA512 ALG_SHA_224;no;		0.014000;0;0;0
SIG_CIPHER_DSA PAD_PKCS1_OAEP_SHA512 ALG_SHA3_224;no;		0.014000;0;0;0
SIG_CIPHER_DSA PAD_PKCS1_OAEP_SHA512 ALG_SHA3_256;no;		0.014000;0;0;0
SIG_CIPHER_DSA PAD_PKCS1_OAEP_SHA512 ALG_SHA3_384;no;		0.015000;0;0;0
SIG_CIPHER_DSA PAD_PKCS1_OAEP_SHA512 ALG_SHA3_512;no;		0.015000;0;0;0
SIG_CIPHER_DSA PAD_PKCS1_OAEP_SHA3_224 ALG_NULL;no;		0.014000;0;0;0
SIG_CIPHER_DSA PAD_PKCS1_OAEP_SHA3_224 ALG_SHA;no;		0.014000;0;0;0
SIG_CIPHER_DSA PAD_PKCS1_OAEP_SHA3_224 ALG_MD5;no;		0.014000;0;0;0
SIG_CIPHER_DSA PAD_PKCS1_OAEP_SHA3_224 ALG_RIPEMD160;no;		0.014000;0;0;0
SIG_CIPHER_DSA PAD_PKCS1_OAEP_SHA3_224 ALG_SHA_256;no;		0.014000;0;0;0
SIG_CIPHER_DSA PAD_PKCS1_OAEP_SHA3_224 ALG_SHA_384;no;		0.014000;0;0;0
SIG_CIPHER_DSA PAD_PKCS1_OAEP_SHA3_224 ALG_SHA_512;no;		0.014000;0;0;0
SIG_CIPHER_DSA PAD_PKCS1_OAEP_SHA3_224 ALG_SHA_224;no;		0.014000;0;0;0
SIG_CIPHER_DSA PAD_PKCS1_OAEP_SHA3_224 ALG_SHA3_224;no;		0.014000;0;0;0
SIG_CIPHER_DSA PAD_PKCS1_OAEP_SHA3_224 ALG_SHA3_256;no;		0.014000;0;0;0
SIG_CIPHER_DSA PAD_PKCS1_OAEP_SHA3_224 ALG_SHA3_384;no;		0.014000;0;0;0
SIG_CIPHER_DSA PAD_PKCS1_OAEP_SHA3_224 ALG_SHA3_512;no;		0.014000;0;0;0
SIG_CIPHER_DSA PAD_PKCS1_OAEP_SHA3_256 ALG_NULL;no;		0.014000;0;0;0
SIG_CIPHER_DSA PAD_PKCS1_OAEP_SHA3_256 ALG_SHA;no;		0.014000;0;0;0
SIG_CIPHER_DSA PAD_PKCS1_OAEP_SHA3_256 ALG_MD5;no;		0.014000;0;0;0
SIG_CIPHER_DSA PAD_PKCS1_OAEP_SHA3_256 ALG_RIPEMD160;no;		0.014000;0;0;0
SIG_CIPHER_DSA PAD_PKCS1_OAEP_SHA3_256 ALG_SHA_256;no;		0.014000;0;0;0
SIG_CIPHER_DSA PAD_PKCS1_OAEP_SHA3_256 ALG_SHA_384;no;		0.014000;0;0;0
SIG_CIPHER_DSA PAD_PKCS1_OAEP_SHA3_256 ALG_SHA_512;no;		0.014000;0;0;0
SIG_CIPHER_DSA PAD_PKCS1_OAEP_SHA3_256 ALG_SHA_224;no;		0.014000;0;0;0
SIG_CIPHER_DSA PAD_PKCS1_OAEP_SHA3_256 ALG_SHA3_224;no;		0.014000;0;0;0
SIG_CIPHER_DSA PAD_PKCS1_OAEP_SHA3_256 ALG_SHA3_256;no;		0.014000;0;0;0
SIG_CIPHER_DSA PAD_PKCS1_OAEP_SHA3_256 ALG_SHA3_384;no;		0.014000;0;0;0
SIG_CIPHER_DSA PAD_PKCS1_OAEP_SHA3_256 ALG_SHA3_512;no;		0.014000;0;0;0
SIG_CIPHER_DSA PAD_PKCS1_OAEP_SHA3_384 ALG_NULL;no;		0.014000;0;0;0
SIG_CIPHER_DSA PAD_PKCS1_OAEP_SHA3_384 ALG_SHA;no;		0.014000;0;0;0
SIG_CIPHER_DSA PAD_PKCS1_OAEP_SHA3_384 ALG_MD5;no;		0.015000;0;0;0
SIG_CIPHER_DSA PAD_PKCS1_OAEP_SHA3_384 ALG_RIPEMD160;no;		0.014000;0;0;0
SIG_CIPHER_DSA PAD_PKCS1_OAEP_SHA3_384 ALG_SHA_256;no;		0.015000;0;0;0
SIG_CIPHER_DSA PAD_PKCS1_OAEP_SHA3_384 ALG_SHA_384;no;		0.014000;0;0;0
SIG_CIPHER_DSA PAD_PKCS1_OAEP_SHA3_384 ALG_SHA_512;no;		0.014000;0;0;0
SIG_CIPHER_DSA PAD_PKCS1_OAEP_SHA3_384 ALG_SHA_224;no;		0.014000;0;0;0
SIG_CIPHER_DSA PAD_PKCS1_OAEP_SHA3_384 ALG_SHA3_224;no;		0.014000;0;0;0
SIG_CIPHER_DSA PAD_PKCS1_OAEP_SHA3_384 ALG_SHA3_256;no;		0.015000;0;0;0
SIG_CIPHER_DSA PAD_PKCS1_OAEP_SHA3_384 ALG_SHA3_384;no;		0.014000;0;0;0
SIG_CIPHER_DSA PAD_PKCS1_OAEP_SHA3_384 ALG_SHA3_512;no;		0.014000;0;0;0
SIG_CIPHER_DSA PAD_PKCS1_OAEP_SHA3_512 ALG_NULL;no;		0.014000;0;0;0
SIG_CIPHER_DSA PAD_PKCS1_OAEP_SHA3_512 ALG_SHA;no;		0.014000;0;0;0
SIG_CIPHER_DSA PAD_PKCS1_OAEP_SHA3_512 ALG_MD5;no;		0.014000;0;0;0
SIG_CIPHER_DSA PAD_PKCS1_OAEP_SHA3_512 ALG_RIPEMD160;no;		0.014000;0;0;0
SIG_CIPHER_DSA PAD_PKCS1_OAEP_SHA3_512 ALG_SHA_256;no;		0.014000;0;0;0
SIG_CIPHER_DSA PAD_PKCS1_OAEP_SHA3_512 ALG_SHA_384;no;		0.014000;0;0;0
SIG_CIPHER_DSA PAD_PKCS1_OAEP_SHA3_512 ALG_SHA_512;no;		0.015000;0;0;0
SIG_CIPHER_DSA PAD_PKCS1_OAEP_SHA3_512 ALG_SHA_224;no;		0.015000;0;0;0
SIG_CIPHER_DSA PAD_PKCS1_OAEP_SHA3_512 ALG_SHA3_224;no;		0.014000;0;0;0
SIG_CIPHER_DSA PAD_PKCS1_OAEP_SHA3_512 ALG_SHA3_256;no;		0.015000;0;0;0
SIG_CIPHER_DSA PAD_PKCS1_OAEP_SHA3_512 ALG_SHA3_384;no;		0.014000;0;0;0
SIG_CIPHER_DSA PAD_PKCS1_OAEP_SHA3_512 ALG_SHA3_512;no;		0.014000;0;0;0
SIG_CIPHER_DSA PAD_ISO9796_MR_SCHEME_2 ALG_NULL;no;		0.014000;0;0;0
SIG_CIPHER_DSA PAD_ISO9796_MR_SCHEME_2 ALG_SHA;no;		0.015000;0;0;0
SIG_CIPHER_DSA PAD_ISO9796_MR_SCHEME_2 ALG_MD5;no;		0.014000;0;0;0
SIG_CIPHER_DSA PAD_ISO9796_MR_SCHEME_2 ALG_RIPEMD160;no;		0.015000;0;0;0
SIG_CIPHER_DSA PAD_ISO9796_MR_SCHEME_2 ALG_SHA_256;no;		0.014000;0;0;0
SIG_CIPHER_DSA PAD_ISO9796_MR_SCHEME_2 ALG_SHA_384;no;		0.015000;0;0;0
SIG_CIPHER_DSA PAD_ISO9796_MR_SCHEME_2 ALG_SHA_512;no;		0.014000;0;0;0
SIG_CIPHER_DSA PAD_ISO9796_MR_SCHEME_2 ALG_SHA_224;no;		0.014000;0;0;0
SIG_CIPHER_DSA PAD_ISO9796_MR_SCHEME_2 ALG_SHA3_224;no;		0.014000;0;0;0
SIG_CIPHER_DSA PAD_ISO9796_MR_SCHEME_2 ALG_SHA3_256;no;		0.014000;0;0;0
SIG_CIPHER_DSA PAD_ISO9796_MR_SCHEME_2 ALG_SHA3_384;no;		0.014000;0;0;0
SIG_CIPHER_DSA PAD_ISO9796_MR_SCHEME_2 ALG_SHA3_512;no;		0.014000;0;0;0
SIG_CIPHER_DSA PAD_ISO9796_MR_SCHEME_3 ALG_NULL;no;		0.014000;0;0;0
SIG_CIPHER_DSA PAD_ISO9796_MR_SCHEME_3 ALG_SHA;no;		0.015000;0;0;0
SIG_CIPHER_DSA PAD_ISO9796_MR_SCHEME_3 ALG_MD5;no;		0.014000;0;0;0
SIG_CIPHER_DSA PAD_ISO9796_MR_SCHEME_3 ALG_RIPEMD160;no;		0.014000;0;0;0
SIG_CIPHER_DSA PAD_ISO9796_MR_SCHEME_3 ALG_SHA_256;no;		0.014000;0;0;0
SIG_CIPHER_DSA PAD_ISO9796_MR_SCHEME_3 ALG_SHA_384;no;		0.014000;0;0;0
SIG_CIPHER_DSA PAD_ISO9796_MR_SCHEME_3 ALG_SHA_512;no;		0.015000;0;0;0
SIG_CIPHER_DSA PAD_ISO9796_MR_SCHEME_3 ALG_SHA_224;no;		0.015000;0;0;0
SIG_CIPHER_DSA PAD_ISO9796_MR_SCHEME_3 ALG_SHA3_224;no;		0.014000;0;0;0
SIG_CIPHER_DSA PAD_ISO9796_MR_SCHEME_3 ALG_SHA3_256;no;		0.014000;0;0;0
SIG_CIPHER_DSA PAD_ISO9796_MR_SCHEME_3 ALG_SHA3_384;no;		0.014000;0;0;0
SIG_CIPHER_DSA PAD_ISO9796_MR_SCHEME_3 ALG_SHA3_512;no;		0.014000;0;0;0
SIG_CIPHER_ECDSA PAD_NULL ALG_NULL;no;		0.014000;0;0;0
SIG_CIPHER_ECDSA PAD_NULL ALG_SHA;no;		0.015000;0;0;0
SIG_CIPHER_ECDSA PAD_NULL ALG_MD5;no;		0.015000;0;0;0
SIG_CIPHER_ECDSA PAD_NULL ALG_RIPEMD160;no;		0.014000;0;0;0
SIG_CIPHER_ECDSA PAD_NULL ALG_SHA_256;no;		0.014000;0;0;0
SIG_CIPHER_ECDSA PAD_NULL ALG_SHA_384;no;		0.014000;0;0;0
SIG_CIPHER_ECDSA PAD_NULL ALG_SHA_512;no;		0.014000;0;0;0
SIG_CIPHER_ECDSA PAD_NULL ALG_SHA_224;no;		0.014000;0;0;0
SIG_CIPHER_ECDSA PAD_NULL ALG_SHA3_224;no;		0.014000;0;0;0
SIG_CIPHER_ECDSA PAD_NULL ALG_SHA3_256;no;		0.014000;0;0;0
SIG_CIPHER_ECDSA PAD_NULL ALG_SHA3_384;no;		0.015000;0;0;0
SIG_CIPHER_ECDSA PAD_NULL ALG_SHA3_512;no;		0.014000;0;0;0
SIG_CIPHER_ECDSA PAD_NOPAD ALG_NULL;no;		0.014000;0;0;0
SIG_CIPHER_ECDSA PAD_NOPAD ALG_SHA;yes;		0.098000;64;116;116
SIG_CIPHER_ECDSA PAD_NOPAD ALG_MD5;no;		0.014000;0;0;0
SIG_CIPHER_ECDSA PAD_NOPAD ALG_RIPEMD160;no;		0.014000;0;0;0
SIG_CIPHER_ECDSA PAD_NOPAD ALG_SHA_256;yes;		0.105000;64;140;140
SIG_CIPHER_ECDSA PAD_NOPAD ALG_SHA_384;SystemException_NO_TRANSIENT_SPACE;
SIG_CIPHER_ECDSA PAD_NOPAD ALG_SHA_512;SystemException_NO_TRANSIENT_SPACE;
SIG_CIPHER_ECDSA PAD_NOPAD ALG_SHA_224;SystemException_NO_TRANSIENT_SPACE;
SIG_CIPHER_ECDSA PAD_NOPAD ALG_SHA3_224;no;		0.015000;0;0;0
SIG_CIPHER_ECDSA PAD_NOPAD ALG_SHA3_256;no;		0.014000;0;0;0
SIG_CIPHER_ECDSA PAD_NOPAD ALG_SHA3_384;no;		0.014000;0;0;0
SIG_CIPHER_ECDSA PAD_NOPAD ALG_SHA3_512;no;		0.014000;0;0;0
SIG_CIPHER_ECDSA PAD_ISO9797_M1 ALG_NULL;no;		0.014000;0;0;0
SIG_CIPHER_ECDSA PAD_ISO9797_M1 ALG_SHA;no;		0.015000;0;0;0
SIG_CIPHER_ECDSA PAD_ISO9797_M1 ALG_MD5;no;		0.014000;0;0;0
SIG_CIPHER_ECDSA PAD_ISO9797_M1 ALG_RIPEMD160;no;		0.014000;0;0;0
SIG_CIPHER_ECDSA PAD_ISO9797_M1 ALG_SHA_256;no;		0.014000;0;0;0
SIG_CIPHER_ECDSA PAD_ISO9797_M1 ALG_SHA_384;no;		0.014000;0;0;0
SIG_CIPHER_ECDSA PAD_ISO9797_M1 ALG_SHA_512;no;		0.014000;0;0;0
SIG_CIPHER_ECDSA PAD_ISO9797_M1 ALG_SHA_224;no;		0.015000;0;0;0
SIG_CIPHER_ECDSA PAD_ISO9797_M1 ALG_SHA3_224;no;		0.014000;0;0;0
SIG_CIPHER_ECDSA PAD_ISO9797_M1 ALG_SHA3_256;no;		0.014000;0;0;0
SIG_CIPHER_ECDSA PAD_ISO9797_M1 ALG_SHA3_384;no;		0.014000;0;0;0
SIG_CIPHER_ECDSA PAD_ISO9797_M1 ALG_SHA3_512;no;		0.014000;0;0;0
SIG_CIPHER_ECDSA PAD_ISO9797_M2 ALG_NULL;no;		0.014000;0;0;0
SIG_CIPHER_ECDSA PAD_ISO9797_M2 ALG_SHA;no;		0.014000;0;0;0
SIG_CIPHER_ECDSA PAD_ISO9797_M2 ALG_MD5;no;		0.014000;0;0;0
SIG_CIPHER_ECDSA PAD_ISO9797_M2 ALG_RIPEMD160;no;		0.014000;0;0;0
SIG_CIPHER_ECDSA PAD_ISO9797_M2 ALG_SHA_256;no;		0.014000;0;0;0
SIG_CIPHER_ECDSA PAD_ISO9797_M2 ALG_SHA_384;no;		0.014000;0;0;0
SIG_CIPHER_ECDSA PAD_ISO9797_M2 ALG_SHA_512;no;		0.014000;0;0;0
SIG_CIPHER_ECDSA PAD_ISO9797_M2 ALG_SHA_224;no;		0.014000;0;0;0
SIG_CIPHER_ECDSA PAD_ISO9797_M2 ALG_SHA3_224;no;		0.014000;0;0;0
SIG_CIPHER_ECDSA PAD_ISO9797_M2 ALG_SHA3_256;no;		0.015000;0;0;0
SIG_CIPHER_ECDSA PAD_ISO9797_M2 ALG_SHA3_384;no;		0.014000;0;0;0
SIG_CIPHER_ECDSA PAD_ISO9797_M2 ALG_SHA3_512;no;		0.015000;0;0;0
SIG_CIPHER_ECDSA PAD_ISO9797_1_M1_ALG3 ALG_NULL;no;		0.014000;0;0;0
SIG_CIPHER_ECDSA PAD_ISO9797_1_M1_ALG3 ALG_SHA;no;		0.014000;0;0;0
SIG_CIPHER_ECDSA PAD_ISO9797_1_M1_ALG3 ALG_MD5;no;		0.014000;0;0;0
SIG_CIPHER_ECDSA PAD_ISO9797_1_M1_ALG3 ALG_RIPEMD160;no;		0.014000;0;0;0
SIG_CIPHER_ECDSA PAD_ISO9797_1_M1_ALG3 ALG_SHA_256;no;		0.015000;0;0;0
SIG_CIPHER_ECDSA PAD_ISO9797_1_M1_ALG3 ALG_SHA_384;no;		0.015000;0;0;0
SIG_CIPHER_ECDSA PAD_ISO9797_1_M1_ALG3 ALG_SHA_512;no;		0.014000;0;0;0
SIG_CIPHER_ECDSA PAD_ISO9797_1_M1_ALG3 ALG_SHA_224;no;		0.015000;0;0;0
SIG_CIPHER_ECDSA PAD_ISO9797_1_M1_ALG3 ALG_SHA3_224;no;		0.014000;0;0;0
SIG_CIPHER_ECDSA PAD_ISO9797_1_M1_ALG3 ALG_SHA3_256;no;		0.014000;0;0;0
SIG_CIPHER_ECDSA PAD_ISO9797_1_M1_ALG3 ALG_SHA3_384;no;		0.014000;0;0;0
SIG_CIPHER_ECDSA PAD_ISO9797_1_M1_ALG3 ALG_SHA3_512;no;		0.014000;0;0;0
SIG_CIPHER_ECDSA PAD_ISO9797_1_M2_ALG3 ALG_NULL;no;		0.015000;0;0;0
SIG_CIPHER_ECDSA PAD_ISO9797_1_M2_ALG3 ALG_SHA;no;		0.014000;0;0;0
SIG_CIPHER_ECDSA PAD_ISO9797_1_M2_ALG3 ALG_MD5;no;		0.015000;0;0;0
SIG_CIPHER_ECDSA PAD_ISO9797_1_M2_ALG3 ALG_RIPEMD160;no;		0.014000;0;0;0
SIG_CIPHER_ECDSA PAD_ISO9797_1_M2_ALG3 ALG_SHA_256;no;		0.014000;0;0;0
SIG_CIPHER_ECDSA PAD_ISO9797_1_M2_ALG3 ALG_SHA_384;no;		0.015000;0;0;0
SIG_CIPHER_ECDSA PAD_ISO9797_1_M2_ALG3 ALG_SHA_512;no;		0.014000;0;0;0
SIG_CIPHER_ECDSA PAD_ISO9797_1_M2_ALG3 ALG_SHA_224;no;		0.014000;0;0;0
SIG_CIPHER_ECDSA PAD_ISO9797_1_M2_ALG3 ALG_SHA3_224;no;		0.014000;0;0;0
SIG_CIPHER_ECDSA PAD_ISO9797_1_M2_ALG3 ALG_SHA3_256;no;		0.014000;0;0;0
SIG_CIPHER_ECDSA PAD_ISO9797_1_M2_ALG3 ALG_SHA3_384;no;		0.014000;0;0;0
SIG_CIPHER_ECDSA PAD_ISO9797_1_M2_ALG3 ALG_SHA3_512;no;		0.014000;0;0;0
SIG_CIPHER_ECDSA PAD_PKCS5 ALG_NULL;no;		0.014000;0;0;0
SIG_CIPHER_ECDSA PAD_PKCS5 ALG_SHA;no;		0.014000;0;0;0
SIG_CIPHER_ECDSA PAD_PKCS5 ALG_MD5;no;		0.015000;0;0;0
SIG_CIPHER_ECDSA PAD_PKCS5 ALG_RIPEMD160;no;		0.014000;0;0;0
SIG_CIPHER_ECDSA PAD_PKCS5 ALG_SHA_256;no;		0.014000;0;0;0
SIG_CIPHER_ECDSA PAD_PKCS5 ALG_SHA_384;no;		0.014000;0;0;0
SIG_CIPHER_ECDSA PAD_PKCS5 ALG_SHA_512;no;		0.014000;0;0;0
SIG_CIPHER_ECDSA PAD_PKCS5 ALG_SHA_224;no;		0.014000;0;0;0
SIG_CIPHER_ECDSA PAD_PKCS5 ALG_SHA3_224;no;		0.014000;0;0;0
SIG_CIPHER_ECDSA PAD_PKCS5 ALG_SHA3_256;no;		0.015000;0;0;0
SIG_CIPHER_ECDSA PAD_PKCS5 ALG_SHA3_384;no;		0.014000;0;0;0
SIG_CIPHER_ECDSA PAD_PKCS5 ALG_SHA3_512;no;		0.015000;0;0;0
SIG_CIPHER_ECDSA PAD_PKCS1 ALG_NULL;no;		0.014000;0;0;0
SIG_CIPHER_ECDSA PAD_PKCS1 ALG_SHA;no;		0.015000;0;0;0
SIG_CIPHER_ECDSA PAD_PKCS1 ALG_MD5;no;		0.014000;0;0;0
SIG_CIPHER_ECDSA PAD_PKCS1 ALG_RIPEMD160;no;		0.014000;0;0;0
SIG_CIPHER_ECDSA PAD_PKCS1 ALG_SHA_256;no;		0.014000;0;0;0
SIG_CIPHER_ECDSA PAD_PKCS1 ALG_SHA_384;no;		0.015000;0;0;0
SIG_CIPHER_ECDSA PAD_PKCS1 ALG_SHA_512;no;		0.015000;0;0;0
SIG_CIPHER_ECDSA PAD_PKCS1 ALG_SHA_224;no;		0.015000;0;0;0
SIG_CIPHER_ECDSA PAD_PKCS1 ALG_SHA3_224;no;		0.014000;0;0;0
SIG_CIPHER_ECDSA PAD_PKCS1 ALG_SHA3_256;no;		0.014000;0;0;0
SIG_CIPHER_ECDSA PAD_PKCS1 ALG_SHA3_384;no;		0.014000;0;0;0
SIG_CIPHER_ECDSA PAD_PKCS1 ALG_SHA3_512;no;		0.014000;0;0;0
SIG_CIPHER_ECDSA PAD_PKCS1_PSS ALG_NULL;no;		0.014000;0;0;0
SIG_CIPHER_ECDSA PAD_PKCS1_PSS ALG_SHA;no;		0.014000;0;0;0
SIG_CIPHER_ECDSA PAD_PKCS1_PSS ALG_MD5;no;		0.015000;0;0;0
SIG_CIPHER_ECDSA PAD_PKCS1_PSS ALG_RIPEMD160;no;		0.014000;0;0;0
SIG_CIPHER_ECDSA PAD_PKCS1_PSS ALG_SHA_256;no;		0.014000;0;0;0
SIG_CIPHER_ECDSA PAD_PKCS1_PSS ALG_SHA_384;no;		0.015000;0;0;0
SIG_CIPHER_ECDSA PAD_PKCS1_PSS ALG_SHA_512;no;		0.014000;0;0;0
SIG_CIPHER_ECDSA PAD_PKCS1_PSS ALG_SHA_224;no;		0.014000;0;0;0
SIG_CIPHER_ECDSA PAD_PKCS1_PSS ALG_SHA3_224;no;		0.014000;0;0;0
SIG_CIPHER_ECDSA PAD_PKCS1_PSS ALG_SHA3_256;no;		0.014000;0;0;0
SIG_CIPHER_ECDSA PAD_PKCS1_PSS ALG_SHA3_384;no;		0.015000;0;0;0
SIG_CIPHER_ECDSA PAD_PKCS1_PSS ALG_SHA3_512;no;		0.014000;0;0;0
SIG_CIPHER_ECDSA PAD_PKCS1_OAEP ALG_NULL;no;		0.014000;0;0;0
SIG_CIPHER_ECDSA PAD_PKCS1_OAEP ALG_SHA;no;		0.014000;0;0;0
SIG_CIPHER_ECDSA PAD_PKCS1_OAEP ALG_MD5;no;		0.014000;0;0;0
SIG_CIPHER_ECDSA PAD_PKCS1_OAEP ALG_RIPEMD160;no;		0.015000;0;0;0
SIG_CIPHER_ECDSA PAD_PKCS1_OAEP ALG_SHA_256;no;		0.015000;0;0;0
SIG_CIPHER_ECDSA PAD_PKCS1_OAEP ALG_SHA_384;no;		0.015000;0;0;0
SIG_CIPHER_ECDSA PAD_PKCS1_OAEP ALG_SHA_512;no;		0.014000;0;0;0
SIG_CIPHER_ECDSA PAD_PKCS1_OAEP ALG_SHA_224;no;		0.015000;0;0;0
SIG_CIPHER_ECDSA PAD_PKCS1_OAEP ALG_SHA3_224;no;		0.014000;0;0;0
SIG_CIPHER_ECDSA PAD_PKCS1_OAEP ALG_SHA3_256;no;		0.014000;0;0;0
SIG_CIPHER_ECDSA PAD_PKCS1_OAEP ALG_SHA3_384;no;		0.014000;0;0;0
SIG_CIPHER_ECDSA PAD_PKCS1_OAEP ALG_SHA3_512;no;		0.014000;0;0;0
SIG_CIPHER_ECDSA PAD_ISO9796 ALG_NULL;no;		0.015000;0;0;0
SIG_CIPHER_ECDSA PAD_ISO9796 ALG_SHA;no;		0.014000;0;0;0
SIG_CIPHER_ECDSA PAD_ISO9796 ALG_MD5;no;		0.015000;0;0;0
SIG_CIPHER_ECDSA PAD_ISO9796 ALG_RIPEMD160;no;		0.015000;0;0;0
SIG_CIPHER_ECDSA PAD_ISO9796 ALG_SHA_256;no;		0.014000;0;0;0
SIG_CIPHER_ECDSA PAD_ISO9796 ALG_SHA_384;no;		0.014000;0;0;0
SIG_CIPHER_ECDSA PAD_ISO9796 ALG_SHA_512;no;		0.014000;0;0;0
SIG_CIPHER_ECDSA PAD_ISO9796 ALG_SHA_224;no;		0.014000;0;0;0
SIG_CIPHER_ECDSA PAD_ISO9796 ALG_SHA3_224;no;		0.015000;0;0;0
SIG_CIPHER_ECDSA PAD_ISO9796 ALG_SHA3_256;no;		0.015000;0;0;0
SIG_CIPHER_ECDSA PAD_ISO9796 ALG_SHA3_384;no;		0.015000;0;0;0
SIG_CIPHER_ECDSA PAD_ISO9796 ALG_SHA3_512;no;		0.014000;0;0;0
SIG_CIPHER_ECDSA PAD_ISO9796_MR ALG_NULL;no;		0.015000;0;0;0
SIG_CIPHER_ECDSA PAD_ISO9796_MR ALG_SHA;no;		0.014000;0;0;0
SIG_CIPHER_ECDSA PAD_ISO9796_MR ALG_MD5;no;		0.014000;0;0;0
SIG_CIPHER_ECDSA PAD_ISO9796_MR ALG_RIPEMD160;no;		0.015000;0;0;0
SIG_CIPHER_ECDSA PAD_ISO9796_MR ALG_SHA_256;no;		0.015000;0;0;0
SIG_CIPHER_ECDSA PAD_ISO9796_MR ALG_SHA_384;no;		0.014000;0;0;0
SIG_CIPHER_ECDSA PAD_ISO9796_MR ALG_SHA_512;no;		0.015000;0;0;0
SIG_CIPHER_ECDSA PAD_ISO9796_MR ALG_SHA_224;no;		0.014000;0;0;0
SIG_CIPHER_ECDSA PAD_ISO9796_MR ALG_SHA3_224;no;		0.015000;0;0;0
SIG_CIPHER_ECDSA PAD_ISO9796_MR ALG_SHA3_256;no;		0.014000;0;0;0
SIG_CIPHER_ECDSA PAD_ISO9796_MR ALG_SHA3_384;no;		0.014000;0;0;0
SIG_CIPHER_ECDSA PAD_ISO9796_MR ALG_SHA3_512;no;		0.015000;0;0;0
SIG_CIPHER_ECDSA PAD_RFC2409 ALG_NULL;no;		0.014000;0;0;0
SIG_CIPHER_ECDSA PAD_RFC2409 ALG_SHA;no;		0.014000;0;0;0
SIG_CIPHER_ECDSA PAD_RFC2409 ALG_MD5;no;		0.014000;0;0;0
SIG_CIPHER_ECDSA PAD_RFC2409 ALG_RIPEMD160;no;		0.015000;0;0;0
SIG_CIPHER_ECDSA PAD_RFC2409 ALG_SHA_256;no;		0.014000;0;0;0
SIG_CIPHER_ECDSA PAD_RFC2409 ALG_SHA_384;no;		0.014000;0;0;0
SIG_CIPHER_ECDSA PAD_RFC2409 ALG_SHA_512;no;		0.015000;0;0;0
SIG_CIPHER_ECDSA PAD_RFC2409 ALG_SHA_224;no;		0.015000;0;0;0
SIG_CIPHER_ECDSA PAD_RFC2409 ALG_SHA3_224;no;		0.015000;0;0;0
SIG_CIPHER_ECDSA PAD_RFC2409 ALG_SHA3_256;no;		0.015000;0;0;0
SIG_CIPHER_ECDSA PAD_RFC2409 ALG_SHA3_384;no;		0.015000;0;0;0
SIG_CIPHER_ECDSA PAD_RFC2409 ALG_SHA3_512;no;		0.015000;0;0;0
SIG_CIPHER_ECDSA PAD_PKCS1_OAEP_SHA224 ALG_NULL;no;		0.015000;0;0;0
SIG_CIPHER_ECDSA PAD_PKCS1_OAEP_SHA224 ALG_SHA;no;		0.014000;0;0;0
SIG_CIPHER_ECDSA PAD_PKCS1_OAEP_SHA224 ALG_MD5;no;		0.014000;0;0;0
SIG_CIPHER_ECDSA PAD_PKCS1_OAEP_SHA224 ALG_RIPEMD160;no;		0.014000;0;0;0
SIG_CIPHER_ECDSA PAD_PKCS1_OAEP_SHA224 ALG_SHA_256;no;		0.015000;0;0;0
SIG_CIPHER_ECDSA PAD_PKCS1_OAEP_SHA224 ALG_SHA_384;no;		0.015000;0;0;0
SIG_CIPHER_ECDSA PAD_PKCS1_OAEP_SHA224 ALG_SHA_512;no;		0.014000;0;0;0
SIG_CIPHER_ECDSA PAD_PKCS1_OAEP_SHA224 ALG_SHA_224;no;		0.015000;0;0;0
SIG_CIPHER_ECDSA PAD_PKCS1_OAEP_SHA224 ALG_SHA3_224;no;		0.015000;0;0;0
SIG_CIPHER_ECDSA PAD_PKCS1_OAEP_SHA224 ALG_SHA3_256;no;		0.014000;0;0;0
SIG_CIPHER_ECDSA PAD_PKCS1_OAEP_SHA224 ALG_SHA3_384;no;		0.015000;0;0;0
SIG_CIPHER_ECDSA PAD_PKCS1_OAEP_SHA224 ALG_SHA3_512;no;		0.014000;0;0;0
SIG_CIPHER_ECDSA PAD_PKCS1_OAEP_SHA256 ALG_NULL;no;		0.015000;0;0;0
SIG_CIPHER_ECDSA PAD_PKCS1_OAEP_SHA256 ALG_SHA;no;		0.014000;0;0;0
SIG_CIPHER_ECDSA PAD_PKCS1_OAEP_SHA256 ALG_MD5;no;		0.014000;0;0;0
SIG_CIPHER_ECDSA PAD_PKCS1_OAEP_SHA256 ALG_RIPEMD160;no;		0.015000;0;0;0
SIG_CIPHER_ECDSA PAD_PKCS1_OAEP_SHA256 ALG_SHA_256;no;		0.014000;0;0;0
SIG_CIPHER_ECDSA PAD_PKCS1_OAEP_SHA256 ALG_SHA_384;no;		0.014000;0;0;0
SIG_CIPHER_ECDSA PAD_PKCS1_OAEP_SHA256 ALG_SHA_512;no;		0.014000;0;0;0
SIG_CIPHER_ECDSA PAD_PKCS1_OAEP_SHA256 ALG_SHA_224;no;		0.015000;0;0;0
SIG_CIPHER_ECDSA PAD_PKCS1_OAEP_SHA256 ALG_SHA3_224;no;		0.014000;0;0;0
SIG_CIPHER_ECDSA PAD_PKCS1_OAEP_SHA256 ALG_SHA3_256;no;		0.014000;0;0;0
SIG_CIPHER_ECDSA PAD_PKCS1_OAEP_SHA256 ALG_SHA3_384;no;		0.015000;0;0;0
SIG_CIPHER_ECDSA PAD_PKCS1_OAEP_SHA256 ALG_SHA3_512;no;		0.014000;0;0;0
SIG_CIPHER_ECDSA PAD_PKCS1_OAEP_SHA384 ALG_NULL;no;		0.014000;0;0;0
SIG_CIPHER_ECDSA PAD_PKCS1_OAEP_SHA384 ALG_SHA;no;		0.014000;0;0;0
SIG_CIPHER_ECDSA PAD_PKCS1_OAEP_SHA384 ALG_MD5;no;		0.015000;0;0;0
SIG_CIPHER_ECDSA PAD_PKCS1_OAEP_SHA384 ALG_RIPEMD160;no;		0.015000;0;0;0
SIG_CIPHER_ECDSA PAD_PKCS1_OAEP_SHA384 ALG_SHA_256;no;		0.014000;0;0;0
SIG_CIPHER_ECDSA PAD_PKCS1_OAEP_SHA384 ALG_SHA_384;no;		0.014000;0;0;0
SIG_CIPHER_ECDSA PAD_PKCS1_OAEP_SHA384 ALG_SHA_512;no;		0.015000;0;0;0
SIG_CIPHER_ECDSA PAD_PKCS1_OAEP_SHA384 ALG_SHA_224;no;		0.014000;0;0;0
SIG_CIPHER_ECDSA PAD_PKCS1_OAEP_SHA384 ALG_SHA3_224;no;		0.015000;0;0;0
SIG_CIPHER_ECDSA PAD_PKCS1_OAEP_SHA384 ALG_SHA3_256;no;		0.014000;0;0;0
SIG_CIPHER_ECDSA PAD_PKCS1_OAEP_SHA384 ALG_SHA3_384;no;		0.014000;0;0;0
SIG_CIPHER_ECDSA PAD_PKCS1_OAEP_SHA384 ALG_SHA3_512;no;		0.015000;0;0;0
SIG_CIPHER_ECDSA PAD_PKCS1_OAEP_SHA512 ALG_NULL;no;		0.014000;0;0;0
SIG_CIPHER_ECDSA PAD_PKCS1_OAEP_SHA512 ALG_SHA;no;		0.014000;0;0;0
SIG_CIPHER_ECDSA PAD_PKCS1_OAEP_SHA512 ALG_MD5;no;		0.014000;0;0;0
SIG_CIPHER_ECDSA PAD_PKCS1_OAEP_SHA512 ALG_RIPEMD160;no;		0.014000;0;0;0
SIG_CIPHER_ECDSA PAD_PKCS1_OAEP_SHA512 ALG_SHA_256;no;		0.015000;0;0;0
SIG_CIPHER_ECDSA PAD_PKCS1_OAEP_SHA512 ALG_SHA_384;no;		0.014000;0;0;0
SIG_CIPHER_ECDSA PAD_PKCS1_OAEP_SHA512 ALG_SHA_512;no;		0.015000;0;0;0
SIG_CIPHER_ECDSA PAD_PKCS1_OAEP_SHA512 ALG_SHA_224;no;		0.014000;0;0;0
SIG_CIPHER_ECDSA PAD_PKCS1_OAEP_SHA512 ALG_SHA3_224;no;		0.014000;0;0;0
SIG_CIPHER_ECDSA PAD_PKCS1_OAEP_SHA512 ALG_SHA3_256;no;		0.015000;0;0;0
SIG_CIPHER_ECDSA PAD_PKCS1_OAEP_SHA512 ALG_SHA3_384;no;		0.014000;0;0;0
SIG_CIPHER_ECDSA PAD_PKCS1_OAEP_SHA512 ALG_SHA3_512;no;		0.014000;0;0;0
SIG_CIPHER_ECDSA PAD_PKCS1_OAEP_SHA3_224 ALG_NULL;no;		0.014000;0;0;0
SIG_CIPHER_ECDSA PAD_PKCS1_OAEP_SHA3_224 ALG_SHA;no;		0.015000;0;0;0
SIG_CIPHER_ECDSA PAD_PKCS1_OAEP_SHA3_224 ALG_MD5;no;		0.015000;0;0;0
SIG_CIPHER_ECDSA PAD_PKCS1_OAEP_SHA3_224 ALG_RIPEMD160;no;		0.014000;0;0;0
SIG_CIPHER_ECDSA PAD_PKCS1_OAEP_SHA3_224 ALG_SHA_256;no;		0.014000;0;0;0
SIG_CIPHER_ECDSA PAD_PKCS1_OAEP_SHA3_224 ALG_SHA_384;no;		0.015000;0;0;0
SIG_CIPHER_ECDSA PAD_PKCS1_OAEP_SHA3_224 ALG_SHA_512;no;		0.014000;0;0;0
SIG_CIPHER_ECDSA PAD_PKCS1_OAEP_SHA3_224 ALG_SHA_224;no;		0.014000;0;0;0
SIG_CIPHER_ECDSA PAD_PKCS1_OAEP_SHA3_224 ALG_SHA3_224;no;		0.014000;0;0;0
SIG_CIPHER_ECDSA PAD_PKCS1_OAEP_SHA3_224 ALG_SHA3_256;no;		0.014000;0;0;0
SIG_CIPHER_ECDSA PAD_PKCS1_OAEP_SHA3_224 ALG_SHA3_384;no;		0.014000;0;0;0
SIG_CIPHER_ECDSA PAD_PKCS1_OAEP_SHA3_224 ALG_SHA3_512;no;		0.015000;0;0;0
SIG_CIPHER_ECDSA PAD_PKCS1_OAEP_SHA3_256 ALG_NULL;no;		0.014000;0;0;0
SIG_CIPHER_ECDSA PAD_PKCS1_OAEP_SHA3_256 ALG_SHA;no;		0.015000;0;0;0
SIG_CIPHER_ECDSA PAD_PKCS1_OAEP_SHA3_256 ALG_MD5;no;		0.014000;0;0;0
SIG_CIPHER_ECDSA PAD_PKCS1_OAEP_SHA3_256 ALG_RIPEMD160;no;		0.014000;0;0;0
SIG_CIPHER_ECDSA PAD_PKCS1_OAEP_SHA3_256 ALG_SHA_256;no;		0.014000;0;0;0
SIG_CIPHER_ECDSA PAD_PKCS1_OAEP_SHA3_256 ALG_SHA_384;no;		0.014000;0;0;0
SIG_CIPHER_ECDSA PAD_PKCS1_OAEP_SHA3_256 ALG_SHA_512;no;		0.014000;0;0;0
SIG_CIPHER_ECDSA PAD_PKCS1_OAEP_SHA3_256 ALG_SHA_224;no;		0.015000;0;0;0
SIG_CIPHER_ECDSA PAD_PKCS1_OAEP_SHA3_256 ALG_SHA3_224;no;		0.014000;0;0;0
SIG_CIPHER_ECDSA PAD_PKCS1_OAEP_SHA3_256 ALG_SHA3_256;no;		0.015000;0;0;0
SIG_CIPHER_ECDSA PAD_PKCS1_OAEP_SHA3_256 ALG_SHA3_384;no;		0.015000;0;0;0
SIG_CIPHER_ECDSA PAD_PKCS1_OAEP_SHA3_256 ALG_SHA3_512;no;		0.015000;0;0;0
SIG_CIPHER_ECDSA PAD_PKCS1_OAEP_SHA3_384 ALG_NULL;no;		0.014000;0;0;0
SIG_CIPHER_ECDSA PAD_PKCS1_OAEP_SHA3_384 ALG_SHA;no;		0.015000;0;0;0
SIG_CIPHER_ECDSA PAD_PKCS1_OAEP_SHA3_384 ALG_MD5;no;		0.015000;0;0;0
SIG_CIPHER_ECDSA PAD_PKCS1_OAEP_SHA3_384 ALG_RIPEMD160;no;		0.014000;0;0;0
SIG_CIPHER_ECDSA PAD_PKCS1_OAEP_SHA3_384 ALG_SHA_256;no;		0.014000;0;0;0
SIG_CIPHER_ECDSA PAD_PKCS1_OAEP_SHA3_384 ALG_SHA_384;no;		0.014000;0;0;0
SIG_CIPHER_ECDSA PAD_PKCS1_OAEP_SHA3_384 ALG_SHA_512;no;		0.015000;0;0;0
SIG_CIPHER_ECDSA PAD_PKCS1_OAEP_SHA3_384 ALG_SHA_224;no;		0.015000;0;0;0
SIG_CIPHER_ECDSA PAD_PKCS1_OAEP_SHA3_384 ALG_SHA3_224;no;		0.014000;0;0;0
SIG_CIPHER_ECDSA PAD_PKCS1_OAEP_SHA3_384 ALG_SHA3_256;no;		0.014000;0;0;0
SIG_CIPHER_ECDSA PAD_PKCS1_OAEP_SHA3_384 ALG_SHA3_384;no;		0.014000;0;0;0
SIG_CIPHER_ECDSA PAD_PKCS1_OAEP_SHA3_384 ALG_SHA3_512;no;		0.014000;0;0;0
SIG_CIPHER_ECDSA PAD_PKCS1_OAEP_SHA3_512 ALG_NULL;no;		0.015000;0;0;0
SIG_CIPHER_ECDSA PAD_PKCS1_OAEP_SHA3_512 ALG_SHA;no;		0.014000;0;0;0
SIG_CIPHER_ECDSA PAD_PKCS1_OAEP_SHA3_512 ALG_MD5;no;		0.014000;0;0;0
SIG_CIPHER_ECDSA PAD_PKCS1_OAEP_SHA3_512 ALG_RIPEMD160;no;		0.014000;0;0;0
SIG_CIPHER_ECDSA PAD_PKCS1_OAEP_SHA3_512 ALG_SHA_256;no;		0.015000;0;0;0
SIG_CIPHER_ECDSA PAD_PKCS1_OAEP_SHA3_512 ALG_SHA_384;no;		0.014000;0;0;0
SIG_CIPHER_ECDSA PAD_PKCS1_OAEP_SHA3_512 ALG_SHA_512;no;		0.014000;0;0;0
SIG_CIPHER_ECDSA PAD_PKCS1_OAEP_SHA3_512 ALG_SHA_224;no;		0.015000;0;0;0
SIG_CIPHER_ECDSA PAD_PKCS1_OAEP_SHA3_512 ALG_SHA3_224;no;		0.014000;0;0;0
SIG_CIPHER_ECDSA PAD_PKCS1_OAEP_SHA3_512 ALG_SHA3_256;no;		0.014000;0;0;0
SIG_CIPHER_ECDSA PAD_PKCS1_OAEP_SHA3_512 ALG_SHA3_384;no;		0.013000;0;0;0
SIG_CIPHER_ECDSA PAD_PKCS1_OAEP_SHA3_512 ALG_SHA3_512;no;		0.014000;0;0;0
SIG_CIPHER_ECDSA PAD_ISO9796_MR_SCHEME_2 ALG_NULL;no;		0.014000;0;0;0
SIG_CIPHER_ECDSA PAD_ISO9796_MR_SCHEME_2 ALG_SHA;no;		0.014000;0;0;0
SIG_CIPHER_ECDSA PAD_ISO9796_MR_SCHEME_2 ALG_MD5;no;		0.015000;0;0;0
SIG_CIPHER_ECDSA PAD_ISO9796_MR_SCHEME_2 ALG_RIPEMD160;no;		0.014000;0;0;0
SIG_CIPHER_ECDSA PAD_ISO9796_MR_SCHEME_2 ALG_SHA_256;no;		0.014000;0;0;0
SIG_CIPHER_ECDSA PAD_ISO9796_MR_SCHEME_2 ALG_SHA_384;no;		0.014000;0;0;0
SIG_CIPHER_ECDSA PAD_ISO9796_MR_SCHEME_2 ALG_SHA_512;no;		0.015000;0;0;0
SIG_CIPHER_ECDSA PAD_ISO9796_MR_SCHEME_2 ALG_SHA_224;no;		0.014000;0;0;0
SIG_CIPHER_ECDSA PAD_ISO9796_MR_SCHEME_2 ALG_SHA3_224;no;		0.014000;0;0;0
SIG_CIPHER_ECDSA PAD_ISO9796_MR_SCHEME_2 ALG_SHA3_256;no;		0.015000;0;0;0
SIG_CIPHER_ECDSA PAD_ISO9796_MR_SCHEME_2 ALG_SHA3_384;no;		0.014000;0;0;0
SIG_CIPHER_ECDSA PAD_ISO9796_MR_SCHEME_2 ALG_SHA3_512;no;		0.014000;0;0;0
SIG_CIPHER_ECDSA PAD_ISO9796_MR_SCHEME_3 ALG_NULL;no;		0.015000;0;0;0
SIG_CIPHER_ECDSA PAD_ISO9796_MR_SCHEME_3 ALG_SHA;no;		0.014000;0;0;0
SIG_CIPHER_ECDSA PAD_ISO9796_MR_SCHEME_3 ALG_MD5;no;		0.014000;0;0;0
SIG_CIPHER_ECDSA PAD_ISO9796_MR_SCHEME_3 ALG_RIPEMD160;no;		0.014000;0;0;0
SIG_CIPHER_ECDSA PAD_ISO9796_MR_SCHEME_3 ALG_SHA_256;no;		0.014000;0;0;0
SIG_CIPHER_ECDSA PAD_ISO9796_MR_SCHEME_3 ALG_SHA_384;no;		0.014000;0;0;0
SIG_CIPHER_ECDSA PAD_ISO9796_MR_SCHEME_3 ALG_SHA_512;no;		0.014000;0;0;0
SIG_CIPHER_ECDSA PAD_ISO9796_MR_SCHEME_3 ALG_SHA_224;no;		0.015000;0;0;0
SIG_CIPHER_ECDSA PAD_ISO9796_MR_SCHEME_3 ALG_SHA3_224;no;		0.015000;0;0;0
SIG_CIPHER_ECDSA PAD_ISO9796_MR_SCHEME_3 ALG_SHA3_256;no;		0.015000;0;0;0
SIG_CIPHER_ECDSA PAD_ISO9796_MR_SCHEME_3 ALG_SHA3_384;no;		0.015000;0;0;0
SIG_CIPHER_ECDSA PAD_ISO9796_MR_SCHEME_3 ALG_SHA3_512;no;		0.014000;0;0;0
SIG_CIPHER_AES_MAC128 PAD_NULL ALG_NULL;no;		0.014000;0;0;0
SIG_CIPHER_AES_MAC128 PAD_NULL ALG_SHA;no;		0.015000;0;0;0
SIG_CIPHER_AES_MAC128 PAD_NULL ALG_MD5;no;		0.014000;0;0;0
SIG_CIPHER_AES_MAC128 PAD_NULL ALG_RIPEMD160;no;		0.014000;0;0;0
SIG_CIPHER_AES_MAC128 PAD_NULL ALG_SHA_256;no;		0.015000;0;0;0
SIG_CIPHER_AES_MAC128 PAD_NULL ALG_SHA_384;no;		0.014000;0;0;0
SIG_CIPHER_AES_MAC128 PAD_NULL ALG_SHA_512;no;		0.015000;0;0;0
SIG_CIPHER_AES_MAC128 PAD_NULL ALG_SHA_224;no;		0.014000;0;0;0
SIG_CIPHER_AES_MAC128 PAD_NULL ALG_SHA3_224;no;		0.015000;0;0;0
SIG_CIPHER_AES_MAC128 PAD_NULL ALG_SHA3_256;no;		0.014000;0;0;0
SIG_CIPHER_AES_MAC128 PAD_NULL ALG_SHA3_384;no;		0.014000;0;0;0
SIG_CIPHER_AES_MAC128 PAD_NULL ALG_SHA3_512;no;		0.014000;0;0;0
SIG_CIPHER_AES_MAC128 PAD_NOPAD ALG_NULL;yes;		0.049000;28;35;35
SIG_CIPHER_AES_MAC128 PAD_NOPAD ALG_SHA;no;		0.014000;0;0;0
SIG_CIPHER_AES_MAC128 PAD_NOPAD ALG_MD5;no;		0.013000;0;0;0
SIG_CIPHER_AES_MAC128 PAD_NOPAD ALG_RIPEMD160;no;		0.013000;0;0;0
SIG_CIPHER_AES_MAC128 PAD_NOPAD ALG_SHA_256;no;		0.014000;0;0;0
SIG_CIPHER_AES_MAC128 PAD_NOPAD ALG_SHA_384;no;		0.014000;0;0;0
SIG_CIPHER_AES_MAC128 PAD_NOPAD ALG_SHA_512;no;		0.014000;0;0;0
SIG_CIPHER_AES_MAC128 PAD_NOPAD ALG_SHA_224;no;		0.014000;0;0;0
SIG_CIPHER_AES_MAC128 PAD_NOPAD ALG_SHA3_224;no;		0.014000;0;0;0
SIG_CIPHER_AES_MAC128 PAD_NOPAD ALG_SHA3_256;no;		0.014000;0;0;0
SIG_CIPHER_AES_MAC128 PAD_NOPAD ALG_SHA3_384;no;		0.014000;0;0;0
SIG_CIPHER_AES_MAC128 PAD_NOPAD ALG_SHA3_512;no;		0.014000;0;0;0
SIG_CIPHER_AES_MAC128 PAD_ISO9797_M1 ALG_NULL;no;		0.014000;0;0;0
SIG_CIPHER_AES_MAC128 PAD_ISO9797_M1 ALG_SHA;no;		0.014000;0;0;0
SIG_CIPHER_AES_MAC128 PAD_ISO9797_M1 ALG_MD5;no;		0.014000;0;0;0
SIG_CIPHER_AES_MAC128 PAD_ISO9797_M1 ALG_RIPEMD160;no;		0.014000;0;0;0
SIG_CIPHER_AES_MAC128 PAD_ISO9797_M1 ALG_SHA_256;no;		0.014000;0;0;0
SIG_CIPHER_AES_MAC128 PAD_ISO9797_M1 ALG_SHA_384;no;		0.014000;0;0;0
SIG_CIPHER_AES_MAC128 PAD_ISO9797_M1 ALG_SHA_512;no;		0.015000;0;0;0
SIG_CIPHER_AES_MAC128 PAD_ISO9797_M1 ALG_SHA_224;no;		0.014000;0;0;0
SIG_CIPHER_AES_MAC128 PAD_ISO9797_M1 ALG_SHA3_224;no;		0.014000;0;0;0
SIG_CIPHER_AES_MAC128 PAD_ISO9797_M1 ALG_SHA3_256;no;		0.014000;0;0;0
SIG_CIPHER_AES_MAC128 PAD_ISO9797_M1 ALG_SHA3_384;no;		0.014000;0;0;0
SIG_CIPHER_AES_MAC128 PAD_ISO9797_M1 ALG_SHA3_512;no;		0.014000;0;0;0
SIG_CIPHER_AES_MAC128 PAD_ISO9797_M2 ALG_NULL;no;		0.014000;0;0;0
SIG_CIPHER_AES_MAC128 PAD_ISO9797_M2 ALG_SHA;no;		0.014000;0;0;0
SIG_CIPHER_AES_MAC128 PAD_ISO9797_M2 ALG_MD5;no;		0.014000;0;0;0
SIG_CIPHER_AES_MAC128 PAD_ISO9797_M2 ALG_RIPEMD160;no;		0.014000;0;0;0
SIG_CIPHER_AES_MAC128 PAD_ISO9797_M2 ALG_SHA_256;no;		0.014000;0;0;0
SIG_CIPHER_AES_MAC128 PAD_ISO9797_M2 ALG_SHA_384;no;		0.014000;0;0;0
SIG_CIPHER_AES_MAC128 PAD_ISO9797_M2 ALG_SHA_512;no;		0.014000;0;0;0
SIG_CIPHER_AES_MAC128 PAD_ISO9797_M2 ALG_SHA_224;no;		0.014000;0;0;0
SIG_CIPHER_AES_MAC128 PAD_ISO9797_M2 ALG_SHA3_224;no;		0.014000;0;0;0
SIG_CIPHER_AES_MAC128 PAD_ISO9797_M2 ALG_SHA3_256;no;		0.014000;0;0;0
SIG_CIPHER_AES_MAC128 PAD_ISO9797_M2 ALG_SHA3_384;no;		0.014000;0;0;0
SIG_CIPHER_AES_MAC128 PAD_ISO9797_M2 ALG_SHA3_512;no;		0.014000;0;0;0
SIG_CIPHER_AES_MAC128 PAD_ISO9797_1_M1_ALG3 ALG_NULL;no;		0.014000;0;0;0
SIG_CIPHER_AES_MAC128 PAD_ISO9797_1_M1_ALG3 ALG_SHA;no;		0.014000;0;0;0
SIG_CIPHER_AES_MAC128 PAD_ISO9797_1_M1_ALG3 ALG_MD5;no;		0.014000;0;0;0
SIG_CIPHER_AES_MAC128 PAD_ISO9797_1_M1_ALG3 ALG_RIPEMD160;no;		0.015000;0;0;0
SIG_CIPHER_AES_MAC128 PAD_ISO9797_1_M1_ALG3 ALG_SHA_256;no;		0.014000;0;0;0
SIG_CIPHER_AES_MAC128 PAD_ISO9797_1_M1_ALG3 ALG_SHA_384;no;		0.014000;0;0;0
SIG_CIPHER_AES_MAC128 PAD_ISO9797_1_M1_ALG3 ALG_SHA_512;no;		0.015000;0;0;0
SIG_CIPHER_AES_MAC128 PAD_ISO9797_1_M1_ALG3 ALG_SHA_224;no;		0.014000;0;0;0
SIG_CIPHER_AES_MAC128 PAD_ISO9797_1_M1_ALG3 ALG_SHA3_224;no;		0.014000;0;0;0
SIG_CIPHER_AES_MAC128 PAD_ISO9797_1_M1_ALG3 ALG_SHA3_256;no;		0.014000;0;0;0
SIG_CIPHER_AES_MAC128 PAD_ISO9797_1_M1_ALG3 ALG_SHA3_384;no;		0.015000;0;0;0
SIG_CIPHER_AES_MAC128 PAD_ISO9797_1_M1_ALG3 ALG_SHA3_512;no;		0.014000;0;0;0
SIG_CIPHER_AES_MAC128 PAD_ISO9797_1_M2_ALG3 ALG_NULL;no;		0.015000;0;0;0
SIG_CIPHER_AES_MAC128 PAD_ISO9797_1_M2_ALG3 ALG_SHA;no;		0.014000;0;0;0
SIG_CIPHER_AES_MAC128 PAD_ISO9797_1_M2_ALG3 ALG_MD5;no;		0.014000;0;0;0
SIG_CIPHER_AES_MAC128 PAD_ISO9797_1_M2_ALG3 ALG_RIPEMD160;no;		0.014000;0;0;0
SIG_CIPHER_AES_MAC128 PAD_ISO9797_1_M2_ALG3 ALG_SHA_256;no;		0.014000;0;0;0
SIG_CIPHER_AES_MAC128 PAD_ISO9797_1_M2_ALG3 ALG_SHA_384;no;		0.014000;0;0;0
SIG_CIPHER_AES_MAC128 PAD_ISO9797_1_M2_ALG3 ALG_SHA_512;no;		0.014000;0;0;0
SIG_CIPHER_AES_MAC128 PAD_ISO9797_1_M2_ALG3 ALG_SHA_224;no;		0.014000;0;0;0
SIG_CIPHER_AES_MAC128 PAD_ISO9797_1_M2_ALG3 ALG_SHA3_224;no;		0.014000;0;0;0
SIG_CIPHER_AES_MAC128 PAD_ISO9797_1_M2_ALG3 ALG_SHA3_256;no;		0.014000;0;0;0
SIG_CIPHER_AES_MAC128 PAD_ISO9797_1_M2_ALG3 ALG_SHA3_384;no;		0.013000;0;0;0
SIG_CIPHER_AES_MAC128 PAD_ISO9797_1_M2_ALG3 ALG_SHA3_512;no;		0.015000;0;0;0
SIG_CIPHER_AES_MAC128 PAD_PKCS5 ALG_NULL;yes;		0.048000;28;35;35
SIG_CIPHER_AES_MAC128 PAD_PKCS5 ALG_SHA;no;		0.014000;0;0;0
SIG_CIPHER_AES_MAC128 PAD_PKCS5 ALG_MD5;no;		0.014000;0;0;0
SIG_CIPHER_AES_MAC128 PAD_PKCS5 ALG_RIPEMD160;no;		0.014000;0;0;0
SIG_CIPHER_AES_MAC128 PAD_PKCS5 ALG_SHA_256;no;		0.015000;0;0;0
SIG_CIPHER_AES_MAC128 PAD_PKCS5 ALG_SHA_384;no;		0.014000;0;0;0
SIG_CIPHER_AES_MAC128 PAD_PKCS5 ALG_SHA_512;no;		0.014000;0;0;0
SIG_CIPHER_AES_MAC128 PAD_PKCS5 ALG_SHA_224;no;		0.014000;0;0;0
SIG_CIPHER_AES_MAC128 PAD_PKCS5 ALG_SHA3_224;no;		0.014000;0;0;0
SIG_CIPHER_AES_MAC128 PAD_PKCS5 ALG_SHA3_256;no;		0.014000;0;0;0
SIG_CIPHER_AES_MAC128 PAD_PKCS5 ALG_SHA3_384;no;		0.014000;0;0;0
SIG_CIPHER_AES_MAC128 PAD_PKCS5 ALG_SHA3_512;no;		0.014000;0;0;0
SIG_CIPHER_AES_MAC128 PAD_PKCS1 ALG_NULL;no;		0.015000;0;0;0
SIG_CIPHER_AES_MAC128 PAD_PKCS1 ALG_SHA;no;		0.014000;0;0;0
SIG_CIPHER_AES_MAC128 PAD_PKCS1 ALG_MD5;no;		0.014000;0;0;0
SIG_CIPHER_AES_MAC128 PAD_PKCS1 ALG_RIPEMD160;no;		0.014000;0;0;0
SIG_CIPHER_AES_MAC128 PAD_PKCS1 ALG_SHA_256;no;		0.015000;0;0;0
SIG_CIPHER_AES_MAC128 PAD_PKCS1 ALG_SHA_384;no;		0.014000;0;0;0
SIG_CIPHER_AES_MAC128 PAD_PKCS1 ALG_SHA_512;no;		0.015000;0;0;0
SIG_CIPHER_AES_MAC128 PAD_PKCS1 ALG_SHA_224;no;		0.014000;0;0;0
SIG_CIPHER_AES_MAC128 PAD_PKCS1 ALG_SHA3_224;no;		0.014000;0;0;0
SIG_CIPHER_AES_MAC128 PAD_PKCS1 ALG_SHA3_256;no;		0.014000;0;0;0
SIG_CIPHER_AES_MAC128 PAD_PKCS1 ALG_SHA3_384;no;		0.015000;0;0;0
SIG_CIPHER_AES_MAC128 PAD_PKCS1 ALG_SHA3_512;no;		0.014000;0;0;0
SIG_CIPHER_AES_MAC128 PAD_PKCS1_PSS ALG_NULL;no;		0.014000;0;0;0
SIG_CIPHER_AES_MAC128 PAD_PKCS1_PSS ALG_SHA;no;		0.015000;0;0;0
SIG_CIPHER_AES_MAC128 PAD_PKCS1_PSS ALG_MD5;no;		0.014000;0;0;0
SIG_CIPHER_AES_MAC128 PAD_PKCS1_PSS ALG_RIPEMD160;no;		0.014000;0;0;0
SIG_CIPHER_AES_MAC128 PAD_PKCS1_PSS ALG_SHA_256;no;		0.015000;0;0;0
SIG_CIPHER_AES_MAC128 PAD_PKCS1_PSS ALG_SHA_384;no;		0.014000;0;0;0
SIG_CIPHER_AES_MAC128 PAD_PKCS1_PSS ALG_SHA_512;no;		0.014000;0;0;0
SIG_CIPHER_AES_MAC128 PAD_PKCS1_PSS ALG_SHA_224;no;		0.014000;0;0;0
SIG_CIPHER_AES_MAC128 PAD_PKCS1_PSS ALG_SHA3_224;no;		0.015000;0;0;0
SIG_CIPHER_AES_MAC128 PAD_PKCS1_PSS ALG_SHA3_256;no;		0.015000;0;0;0
SIG_CIPHER_AES_MAC128 PAD_PKCS1_PSS ALG_SHA3_384;no;		0.015000;0;0;0
SIG_CIPHER_AES_MAC128 PAD_PKCS1_PSS ALG_SHA3_512;no;		0.015000;0;0;0
SIG_CIPHER_AES_MAC128 PAD_PKCS1_OAEP ALG_NULL;no;		0.015000;0;0;0
SIG_CIPHER_AES_MAC128 PAD_PKCS1_OAEP ALG_SHA;no;		0.014000;0;0;0
SIG_CIPHER_AES_MAC128 PAD_PKCS1_OAEP ALG_MD5;no;		0.015000;0;0;0
SIG_CIPHER_AES_MAC128 PAD_PKCS1_OAEP ALG_RIPEMD160;no;		0.014000;0;0;0
SIG_CIPHER_AES_MAC128 PAD_PKCS1_OAEP ALG_SHA_256;no;		0.014000;0;0;0
SIG_CIPHER_AES_MAC128 PAD_PKCS1_OAEP ALG_SHA_384;no;		0.014000;0;0;0
SIG_CIPHER_AES_MAC128 PAD_PKCS1_OAEP ALG_SHA_512;no;		0.014000;0;0;0
SIG_CIPHER_AES_MAC128 PAD_PKCS1_OAEP ALG_SHA_224;no;		0.014000;0;0;0
SIG_CIPHER_AES_MAC128 PAD_PKCS1_OAEP ALG_SHA3_224;no;		0.014000;0;0;0
SIG_CIPHER_AES_MAC128 PAD_PKCS1_OAEP ALG_SHA3_256;no;		0.014000;0;0;0
SIG_CIPHER_AES_MAC128 PAD_PKCS1_OAEP ALG_SHA3_384;no;		0.014000;0;0;0
SIG_CIPHER_AES_MAC128 PAD_PKCS1_OAEP ALG_SHA3_512;no;		0.014000;0;0;0
SIG_CIPHER_AES_MAC128 PAD_ISO9796 ALG_NULL;no;		0.014000;0;0;0
SIG_CIPHER_AES_MAC128 PAD_ISO9796 ALG_SHA;no;		0.014000;0;0;0
SIG_CIPHER_AES_MAC128 PAD_ISO9796 ALG_MD5;no;		0.014000;0;0;0
SIG_CIPHER_AES_MAC128 PAD_ISO9796 ALG_RIPEMD160;no;		0.014000;0;0;0
SIG_CIPHER_AES_MAC128 PAD_ISO9796 ALG_SHA_256;no;		0.014000;0;0;0
SIG_CIPHER_AES_MAC128 PAD_ISO9796 ALG_SHA_384;no;		0.014000;0;0;0
SIG_CIPHER_AES_MAC128 PAD_ISO9796 ALG_SHA_512;no;		0.014000;0;0;0
SIG_CIPHER_AES_MAC128 PAD_ISO9796 ALG_SHA_224;no;		0.014000;0;0;0
SIG_CIPHER_AES_MAC128 PAD_ISO9796 ALG_SHA3_224;no;		0.015000;0;0;0
SIG_CIPHER_AES_MAC128 PAD_ISO9796 ALG_SHA3_256;no;		0.015000;0;0;0
SIG_CIPHER_AES_MAC128 PAD_ISO9796 ALG_SHA3_384;no;		0.014000;0;0;0
SIG_CIPHER_AES_MAC128 PAD_ISO9796 ALG_SHA3_512;no;		0.014000;0;0;0
SIG_CIPHER_AES_MAC128 PAD_ISO9796_MR ALG_NULL;no;		0.014000;0;0;0
SIG_CIPHER_AES_MAC128 PAD_ISO9796_MR ALG_SHA;no;		0.014000;0;0;0
SIG_CIPHER_AES_MAC128 PAD_ISO9796_MR ALG_MD5;no;		0.015000;0;0;0
SIG_CIPHER_AES_MAC128 PAD_ISO9796_MR ALG_RIPEMD160;no;		0.015000;0;0;0
SIG_CIPHER_AES_MAC128 PAD_ISO9796_MR ALG_SHA_256;no;		0.014000;0;0;0
SIG_CIPHER_AES_MAC128 PAD_ISO9796_MR ALG_SHA_384;no;		0.014000;0;0;0
SIG_CIPHER_AES_MAC128 PAD_ISO9796_MR ALG_SHA_512;no;		0.014000;0;0;0
SIG_CIPHER_AES_MAC128 PAD_ISO9796_MR ALG_SHA_224;no;		0.014000;0;0;0
SIG_CIPHER_AES_MAC128 PAD_ISO9796_MR ALG_SHA3_224;no;		0.014000;0;0;0
SIG_CIPHER_AES_MAC128 PAD_ISO9796_MR ALG_SHA3_256;no;		0.014000;0;0;0
SIG_CIPHER_AES_MAC128 PAD_ISO9796_MR ALG_SHA3_384;no;		0.014000;0;0;0
SIG_CIPHER_AES_MAC128 PAD_ISO9796_MR ALG_SHA3_512;no;		0.014000;0;0;0
SIG_CIPHER_AES_MAC128 PAD_RFC2409 ALG_NULL;no;		0.014000;0;0;0
SIG_CIPHER_AES_MAC128 PAD_RFC2409 ALG_SHA;no;		0.014000;0;0;0
SIG_CIPHER_AES_MAC128 PAD_RFC2409 ALG_MD5;no;		0.014000;0;0;0
SIG_CIPHER_AES_MAC128 PAD_RFC2409 ALG_RIPEMD160;no;		0.014000;0;0;0
SIG_CIPHER_AES_MAC128 PAD_RFC2409 ALG_SHA_256;no;		0.014000;0;0;0
SIG_CIPHER_AES_MAC128 PAD_RFC2409 ALG_SHA_384;no;		0.014000;0;0;0
SIG_CIPHER_AES_MAC128 PAD_RFC2409 ALG_SHA_512;no;		0.015000;0;0;0
SIG_CIPHER_AES_MAC128 PAD_RFC2409 ALG_SHA_224;no;		0.015000;0;0;0
SIG_CIPHER_AES_MAC128 PAD_RFC2409 ALG_SHA3_224;no;		0.014000;0;0;0
SIG_CIPHER_AES_MAC128 PAD_RFC2409 ALG_SHA3_256;no;		0.014000;0;0;0
SIG_CIPHER_AES_MAC128 PAD_RFC2409 ALG_SHA3_384;no;		0.014000;0;0;0
SIG_CIPHER_AES_MAC128 PAD_RFC2409 ALG_SHA3_512;no;		0.015000;0;0;0
SIG_CIPHER_AES_MAC128 PAD_PKCS1_OAEP_SHA224 ALG_NULL;no;		0.015000;0;0;0
SIG_CIPHER_AES_MAC128 PAD_PKCS1_OAEP_SHA224 ALG_SHA;no;		0.014000;0;0;0
SIG_CIPHER_AES_MAC128 PAD_PKCS1_OAEP_SHA224 ALG_MD5;no;		0.014000;0;0;0
SIG_CIPHER_AES_MAC128 PAD_PKCS1_OAEP_SHA224 ALG_RIPEMD160;no;		0.014000;0;0;0
SIG_CIPHER_AES_MAC128 PAD_PKCS1_OAEP_SHA224 ALG_SHA_256;no;		0.015000;0;0;0
SIG_CIPHER_AES_MAC128 PAD_PKCS1_OAEP_SHA224 ALG_SHA_384;no;		0.014000;0;0;0
SIG_CIPHER_AES_MAC128 PAD_PKCS1_OAEP_SHA224 ALG_SHA_512;no;		0.014000;0;0;0
SIG_CIPHER_AES_MAC128 PAD_PKCS1_OAEP_SHA224 ALG_SHA_224;no;		0.014000;0;0;0
SIG_CIPHER_AES_MAC128 PAD_PKCS1_OAEP_SHA224 ALG_SHA3_224;no;		0.014000;0;0;0
SIG_CIPHER_AES_MAC128 PAD_PKCS1_OAEP_SHA224 ALG_SHA3_256;no;		0.015000;0;0;0
SIG_CIPHER_AES_MAC128 PAD_PKCS1_OAEP_SHA224 ALG_SHA3_384;no;		0.014000;0;0;0
SIG_CIPHER_AES_MAC128 PAD_PKCS1_OAEP_SHA224 ALG_SHA3_512;no;		0.015000;0;0;0
SIG_CIPHER_AES_MAC128 PAD_PKCS1_OAEP_SHA256 ALG_NULL;no;		0.014000;0;0;0
SIG_CIPHER_AES_MAC128 PAD_PKCS1_OAEP_SHA256 ALG_SHA;no;		0.015000;0;0;0
SIG_CIPHER_AES_MAC128 PAD_PKCS1_OAEP_SHA256 ALG_MD5;no;		0.014000;0;0;0
SIG_CIPHER_AES_MAC128 PAD_PKCS1_OAEP_SHA256 ALG_RIPEMD160;no;		0.014000;0;0;0
SIG_CIPHER_AES_MAC128 PAD_PKCS1_OAEP_SHA256 ALG_SHA_256;no;		0.014000;0;0;0
SIG_CIPHER_AES_MAC128 PAD_PKCS1_OAEP_SHA256 ALG_SHA_384;no;		0.015000;0;0;0
SIG_CIPHER_AES_MAC128 PAD_PKCS1_OAEP_SHA256 ALG_SHA_512;no;		0.014000;0;0;0
SIG_CIPHER_AES_MAC128 PAD_PKCS1_OAEP_SHA256 ALG_SHA_224;no;		0.015000;0;0;0
SIG_CIPHER_AES_MAC128 PAD_PKCS1_OAEP_SHA256 ALG_SHA3_224;no;		0.014000;0;0;0
SIG_CIPHER_AES_MAC128 PAD_PKCS1_OAEP_SHA256 ALG_SHA3_256;no;		0.014000;0;0;0
SIG_CIPHER_AES_MAC128 PAD_PKCS1_OAEP_SHA256 ALG_SHA3_384;no;		0.014000;0;0;0
SIG_CIPHER_AES_MAC128 PAD_PKCS1_OAEP_SHA256 ALG_SHA3_512;no;		0.014000;0;0;0
SIG_CIPHER_AES_MAC128 PAD_PKCS1_OAEP_SHA384 ALG_NULL;no;		0.014000;0;0;0
SIG_CIPHER_AES_MAC128 PAD_PKCS1_OAEP_SHA384 ALG_SHA;no;		0.014000;0;0;0
SIG_CIPHER_AES_MAC128 PAD_PKCS1_OAEP_SHA384 ALG_MD5;no;		0.015000;0;0;0
SIG_CIPHER_AES_MAC128 PAD_PKCS1_OAEP_SHA384 ALG_RIPEMD160;no;		0.014000;0;0;0
SIG_CIPHER_AES_MAC128 PAD_PKCS1_OAEP_SHA384 ALG_SHA_256;no;		0.014000;0;0;0
SIG_CIPHER_AES_MAC128 PAD_PKCS1_OAEP_SHA384 ALG_SHA_384;no;		0.014000;0;0;0
SIG_CIPHER_AES_MAC128 PAD_PKCS1_OAEP_SHA384 ALG_SHA_512;no;		0.014000;0;0;0
SIG_CIPHER_AES_MAC128 PAD_PKCS1_OAEP_SHA384 ALG_SHA_224;no;		0.015000;0;0;0
SIG_CIPHER_AES_MAC128 PAD_PKCS1_OAEP_SHA384 ALG_SHA3_224;no;		0.014000;0;0;0
SIG_CIPHER_AES_MAC128 PAD_PKCS1_OAEP_SHA384 ALG_SHA3_256;no;		0.015000;0;0;0
SIG_CIPHER_AES_MAC128 PAD_PKCS1_OAEP_SHA384 ALG_SHA3_384;no;		0.014000;0;0;0
SIG_CIPHER_AES_MAC128 PAD_PKCS1_OAEP_SHA384 ALG_SHA3_512;no;		0.014000;0;0;0
SIG_CIPHER_AES_MAC128 PAD_PKCS1_OAEP_SHA512 ALG_NULL;no;		0.014000;0;0;0
SIG_CIPHER_AES_MAC128 PAD_PKCS1_OAEP_SHA512 ALG_SHA;no;		0.014000;0;0;0
SIG_CIPHER_AES_MAC128 PAD_PKCS1_OAEP_SHA512 ALG_MD5;no;		0.015000;0;0;0
SIG_CIPHER_AES_MAC128 PAD_PKCS1_OAEP_SHA512 ALG_RIPEMD160;no;		0.014000;0;0;0
SIG_CIPHER_AES_MAC128 PAD_PKCS1_OAEP_SHA512 ALG_SHA_256;no;		0.015000;0;0;0
SIG_CIPHER_AES_MAC128 PAD_PKCS1_OAEP_SHA512 ALG_SHA_384;no;		0.014000;0;0;0
SIG_CIPHER_AES_MAC128 PAD_PKCS1_OAEP_SHA512 ALG_SHA_512;no;		0.014000;0;0;0
SIG_CIPHER_AES_MAC128 PAD_PKCS1_OAEP_SHA512 ALG_SHA_224;no;		0.015000;0;0;0
SIG_CIPHER_AES_MAC128 PAD_PKCS1_OAEP_SHA512 ALG_SHA3_224;no;		0.014000;0;0;0
SIG_CIPHER_AES_MAC128 PAD_PKCS1_OAEP_SHA512 ALG_SHA3_256;no;		0.014000;0;0;0
SIG_CIPHER_AES_MAC128 PAD_PKCS1_OAEP_SHA512 ALG_SHA3_384;no;		0.014000;0;0;0
SIG_CIPHER_AES_MAC128 PAD_PKCS1_OAEP_SHA512 ALG_SHA3_512;no;		0.015000;0;0;0
SIG_CIPHER_AES_MAC128 PAD_PKCS1_OAEP_SHA3_224 ALG_NULL;no;		0.014000;0;0;0
SIG_CIPHER_AES_MAC128 PAD_PKCS1_OAEP_SHA3_224 ALG_SHA;no;		0.014000;0;0;0
SIG_CIPHER_AES_MAC128 PAD_PKCS1_OAEP_SHA3_224 ALG_MD5;no;		0.014000;0;0;0
SIG_CIPHER_AES_MAC128 PAD_PKCS1_OAEP_SHA3_224 ALG_RIPEMD160;no;		0.014000;0;0;0
SIG_CIPHER_AES_MAC128 PAD_PKCS1_OAEP_SHA3_224 ALG_SHA_256;no;		0.014000;0;0;0
SIG_CIPHER_AES_MAC128 PAD_PKCS1_OAEP_SHA3_224 ALG_SHA_384;no;		0.014000;0;0;0
SIG_CIPHER_AES_MAC128 PAD_PKCS1_OAEP_SHA3_224 ALG_SHA_512;no;		0.015000;0;0;0
SIG_CIPHER_AES_MAC128 PAD_PKCS1_OAEP_SHA3_224 ALG_SHA_224;no;		0.015000;0;0;0
SIG_CIPHER_AES_MAC128 PAD_PKCS1_OAEP_SHA3_224 ALG_SHA3_224;no;		0.014000;0;0;0
SIG_CIPHER_AES_MAC128 PAD_PKCS1_OAEP_SHA3_224 ALG_SHA3_256;no;		0.014000;0;0;0
SIG_CIPHER_AES_MAC128 PAD_PKCS1_OAEP_SHA3_224 ALG_SHA3_384;no;		0.014000;0;0;0
SIG_CIPHER_AES_MAC128 PAD_PKCS1_OAEP_SHA3_224 ALG_SHA3_512;no;		0.014000;0;0;0
SIG_CIPHER_AES_MAC128 PAD_PKCS1_OAEP_SHA3_256 ALG_NULL;no;		0.015000;0;0;0
SIG_CIPHER_AES_MAC128 PAD_PKCS1_OAEP_SHA3_256 ALG_SHA;no;		0.014000;0;0;0
SIG_CIPHER_AES_MAC128 PAD_PKCS1_OAEP_SHA3_256 ALG_MD5;no;		0.014000;0;0;0
SIG_CIPHER_AES_MAC128 PAD_PKCS1_OAEP_SHA3_256 ALG_RIPEMD160;no;		0.014000;0;0;0
SIG_CIPHER_AES_MAC128 PAD_PKCS1_OAEP_SHA3_256 ALG_SHA_256;no;		0.014000;0;0;0
SIG_CIPHER_AES_MAC128 PAD_PKCS1_OAEP_SHA3_256 ALG_SHA_384;no;		0.014000;0;0;0
SIG_CIPHER_AES_MAC128 PAD_PKCS1_OAEP_SHA3_256 ALG_SHA_512;no;		0.014000;0;0;0
SIG_CIPHER_AES_MAC128 PAD_PKCS1_OAEP_SHA3_256 ALG_SHA_224;no;		0.014000;0;0;0
SIG_CIPHER_AES_MAC128 PAD_PKCS1_OAEP_SHA3_256 ALG_SHA3_224;no;		0.014000;0;0;0
SIG_CIPHER_AES_MAC128 PAD_PKCS1_OAEP_SHA3_256 ALG_SHA3_256;no;		0.014000;0;0;0
SIG_CIPHER_AES_MAC128 PAD_PKCS1_OAEP_SHA3_256 ALG_SHA3_384;no;		0.014000;0;0;0
SIG_CIPHER_AES_MAC128 PAD_PKCS1_OAEP_SHA3_256 ALG_SHA3_512;no;		0.014000;0;0;0
SIG_CIPHER_AES_MAC128 PAD_PKCS1_OAEP_SHA3_384 ALG_NULL;no;		0.014000;0;0;0
SIG_CIPHER_AES_MAC128 PAD_PKCS1_OAEP_SHA3_384 ALG_SHA;no;		0.014000;0;0;0
SIG_CIPHER_AES_MAC128 PAD_PKCS1_OAEP_SHA3_384 ALG_MD5;no;		0.014000;0;0;0
SIG_CIPHER_AES_MAC128 PAD_PKCS1_OAEP_SHA3_384 ALG_RIPEMD160;no;		0.014000;0;0;0
SIG_CIPHER_AES_MAC128 PAD_PKCS1_OAEP_SHA3_384 ALG_SHA_256;no;		0.014000;0;0;0
SIG_CIPHER_AES_MAC128 PAD_PKCS1_OAEP_SHA3_384 ALG_SHA_384;no;		0.014000;0;0;0
SIG_CIPHER_AES_MAC128 PAD_PKCS1_OAEP_SHA3_384 ALG_SHA_512;no;		0.015000;0;0;0
SIG_CIPHER_AES_MAC128 PAD_PKCS1_OAEP_SHA3_384 ALG_SHA_224;no;		0.014000;0;0;0
SIG_CIPHER_AES_MAC128 PAD_PKCS1_OAEP_SHA3_384 ALG_SHA3_224;no;		0.014000;0;0;0
SIG_CIPHER_AES_MAC128 PAD_PKCS1_OAEP_SHA3_384 ALG_SHA3_256;no;		0.014000;0;0;0
SIG_CIPHER_AES_MAC128 PAD_PKCS1_OAEP_SHA3_384 ALG_SHA3_384;no;		0.014000;0;0;0
SIG_CIPHER_AES_MAC128 PAD_PKCS1_OAEP_SHA3_384 ALG_SHA3_512;no;		0.014000;0;0;0
SIG_CIPHER_AES_MAC128 PAD_PKCS1_OAEP_SHA3_512 ALG_NULL;no;		0.014000;0;0;0
SIG_CIPHER_AES_MAC128 PAD_PKCS1_OAEP_SHA3_512 ALG_SHA;no;		0.014000;0;0;0
SIG_CIPHER_AES_MAC128 PAD_PKCS1_OAEP_SHA3_512 ALG_MD5;no;		0.014000;0;0;0
SIG_CIPHER_AES_MAC128 PAD_PKCS1_OAEP_SHA3_512 ALG_RIPEMD160;no;		0.015000;0;0;0
SIG_CIPHER_AES_MAC128 PAD_PKCS1_OAEP_SHA3_512 ALG_SHA_256;no;		0.014000;0;0;0
SIG_CIPHER_AES_MAC128 PAD_PKCS1_OAEP_SHA3_512 ALG_SHA_384;no;		0.014000;0;0;0
SIG_CIPHER_AES_MAC128 PAD_PKCS1_OAEP_SHA3_512 ALG_SHA_512;no;		0.014000;0;0;0
SIG_CIPHER_AES_MAC128 PAD_PKCS1_OAEP_SHA3_512 ALG_SHA_224;no;		0.015000;0;0;0
SIG_CIPHER_AES_MAC128 PAD_PKCS1_OAEP_SHA3_512 ALG_SHA3_224;no;		0.014000;0;0;0
SIG_CIPHER_AES_MAC128 PAD_PKCS1_OAEP_SHA3_512 ALG_SHA3_256;no;		0.014000;0;0;0
SIG_CIPHER_AES_MAC128 PAD_PKCS1_OAEP_SHA3_512 ALG_SHA3_384;no;		0.015000;0;0;0
SIG_CIPHER_AES_MAC128 PAD_PKCS1_OAEP_SHA3_512 ALG_SHA3_512;no;		0.014000;0;0;0
SIG_CIPHER_AES_MAC128 PAD_ISO9796_MR_SCHEME_2 ALG_NULL;no;		0.015000;0;0;0
SIG_CIPHER_AES_MAC128 PAD_ISO9796_MR_SCHEME_2 ALG_SHA;no;		0.014000;0;0;0
SIG_CIPHER_AES_MAC128 PAD_ISO9796_MR_SCHEME_2 ALG_MD5;no;		0.014000;0;0;0
SIG_CIPHER_AES_MAC128 PAD_ISO9796_MR_SCHEME_2 ALG_RIPEMD160;no;		0.014000;0;0;0
SIG_CIPHER_AES_MAC128 PAD_ISO9796_MR_SCHEME_2 ALG_SHA_256;no;		0.014000;0;0;0
SIG_CIPHER_AES_MAC128 PAD_ISO9796_MR_SCHEME_2 ALG_SHA_384;no;		0.014000;0;0;0
SIG_CIPHER_AES_MAC128 PAD_ISO9796_MR_SCHEME_2 ALG_SHA_512;no;		0.014000;0;0;0
SIG_CIPHER_AES_MAC128 PAD_ISO9796_MR_SCHEME_2 ALG_SHA_224;no;		0.014000;0;0;0
SIG_CIPHER_AES_MAC128 PAD_ISO9796_MR_SCHEME_2 ALG_SHA3_224;no;		0.014000;0;0;0
SIG_CIPHER_AES_MAC128 PAD_ISO9796_MR_SCHEME_2 ALG_SHA3_256;no;		0.014000;0;0;0
SIG_CIPHER_AES_MAC128 PAD_ISO9796_MR_SCHEME_2 ALG_SHA3_384;no;		0.014000;0;0;0
SIG_CIPHER_AES_MAC128 PAD_ISO9796_MR_SCHEME_2 ALG_SHA3_512;no;		0.014000;0;0;0
SIG_CIPHER_AES_MAC128 PAD_ISO9796_MR_SCHEME_3 ALG_NULL;no;		0.014000;0;0;0
SIG_CIPHER_AES_MAC128 PAD_ISO9796_MR_SCHEME_3 ALG_SHA;no;		0.015000;0;0;0
SIG_CIPHER_AES_MAC128 PAD_ISO9796_MR_SCHEME_3 ALG_MD5;no;		0.014000;0;0;0
SIG_CIPHER_AES_MAC128 PAD_ISO9796_MR_SCHEME_3 ALG_RIPEMD160;no;		0.014000;0;0;0
SIG_CIPHER_AES_MAC128 PAD_ISO9796_MR_SCHEME_3 ALG_SHA_256;no;		0.014000;0;0;0
SIG_CIPHER_AES_MAC128 PAD_ISO9796_MR_SCHEME_3 ALG_SHA_384;no;		0.015000;0;0;0
SIG_CIPHER_AES_MAC128 PAD_ISO9796_MR_SCHEME_3 ALG_SHA_512;no;		0.014000;0;0;0
SIG_CIPHER_AES_MAC128 PAD_ISO9796_MR_SCHEME_3 ALG_SHA_224;no;		0.014000;0;0;0
SIG_CIPHER_AES_MAC128 PAD_ISO9796_MR_SCHEME_3 ALG_SHA3_224;no;		0.014000;0;0;0
SIG_CIPHER_AES_MAC128 PAD_ISO9796_MR_SCHEME_3 ALG_SHA3_256;no;		0.014000;0;0;0
SIG_CIPHER_AES_MAC128 PAD_ISO9796_MR_SCHEME_3 ALG_SHA3_384;no;		0.014000;0;0;0
SIG_CIPHER_AES_MAC128 PAD_ISO9796_MR_SCHEME_3 ALG_SHA3_512;no;		0.014000;0;0;0
SIG_CIPHER_HMAC PAD_NULL ALG_NULL;no;		0.015000;0;0;0
SIG_CIPHER_HMAC PAD_NULL ALG_SHA;no;		0.014000;0;0;0
SIG_CIPHER_HMAC PAD_NULL ALG_MD5;no;		0.014000;0;0;0
SIG_CIPHER_HMAC PAD_NULL ALG_RIPEMD160;no;		0.014000;0;0;0
SIG_CIPHER_HMAC PAD_NULL ALG_SHA_256;no;		0.014000;0;0;0
SIG_CIPHER_HMAC PAD_NULL ALG_SHA_384;no;		0.015000;0;0;0
SIG_CIPHER_HMAC PAD_NULL ALG_SHA_512;no;		0.014000;0;0;0
SIG_CIPHER_HMAC PAD_NULL ALG_SHA_224;no;		0.015000;0;0;0
SIG_CIPHER_HMAC PAD_NULL ALG_SHA3_224;no;		0.014000;0;0;0
SIG_CIPHER_HMAC PAD_NULL ALG_SHA3_256;no;		0.014000;0;0;0
SIG_CIPHER_HMAC PAD_NULL ALG_SHA3_384;no;		0.014000;0;0;0
SIG_CIPHER_HMAC PAD_NULL ALG_SHA3_512;no;		0.014000;0;0;0
SIG_CIPHER_HMAC PAD_NOPAD ALG_NULL;no;		0.015000;0;0;0
SIG_CIPHER_HMAC PAD_NOPAD ALG_SHA;no;		0.014000;0;0;0
SIG_CIPHER_HMAC PAD_NOPAD ALG_MD5;no;		0.014000;0;0;0
SIG_CIPHER_HMAC PAD_NOPAD ALG_RIPEMD160;no;		0.014000;0;0;0
SIG_CIPHER_HMAC PAD_NOPAD ALG_SHA_256;no;		0.014000;0;0;0
SIG_CIPHER_HMAC PAD_NOPAD ALG_SHA_384;no;		0.014000;0;0;0
SIG_CIPHER_HMAC PAD_NOPAD ALG_SHA_512;no;		0.014000;0;0;0
SIG_CIPHER_HMAC PAD_NOPAD ALG_SHA_224;no;		0.014000;0;0;0
SIG_CIPHER_HMAC PAD_NOPAD ALG_SHA3_224;no;		0.014000;0;0;0
SIG_CIPHER_HMAC PAD_NOPAD ALG_SHA3_256;no;		0.014000;0;0;0
SIG_CIPHER_HMAC PAD_NOPAD ALG_SHA3_384;no;		0.014000;0;0;0
SIG_CIPHER_HMAC PAD_NOPAD ALG_SHA3_512;no;		0.014000;0;0;0
SIG_CIPHER_HMAC PAD_ISO9797_M1 ALG_NULL;no;		0.014000;0;0;0
SIG_CIPHER_HMAC PAD_ISO9797_M1 ALG_SHA;no;		0.014000;0;0;0
SIG_CIPHER_HMAC PAD_ISO9797_M1 ALG_MD5;no;		0.014000;0;0;0
SIG_CIPHER_HMAC PAD_ISO9797_M1 ALG_RIPEMD160;no;		0.014000;0;0;0
SIG_CIPHER_HMAC PAD_ISO9797_M1 ALG_SHA_256;no;		0.014000;0;0;0
SIG_CIPHER_HMAC PAD_ISO9797_M1 ALG_SHA_384;no;		0.014000;0;0;0
SIG_CIPHER_HMAC PAD_ISO9797_M1 ALG_SHA_512;no;		0.014000;0;0;0
SIG_CIPHER_HMAC PAD_ISO9797_M1 ALG_SHA_224;no;		0.014000;0;0;0
SIG_CIPHER_HMAC PAD_ISO9797_M1 ALG_SHA3_224;no;		0.014000;0;0;0
SIG_CIPHER_HMAC PAD_ISO9797_M1 ALG_SHA3_256;no;		0.014000;0;0;0
SIG_CIPHER_HMAC PAD_ISO9797_M1 ALG_SHA3_384;no;		0.014000;0;0;0
SIG_CIPHER_HMAC PAD_ISO9797_M1 ALG_SHA3_512;no;		0.014000;0;0;0
SIG_CIPHER_HMAC PAD_ISO9797_M2 ALG_NULL;no;		0.014000;0;0;0
SIG_CIPHER_HMAC PAD_ISO9797_M2 ALG_SHA;no;		0.014000;0;0;0
SIG_CIPHER_HMAC PAD_ISO9797_M2 ALG_MD5;no;		0.014000;0;0;0
SIG_CIPHER_HMAC PAD_ISO9797_M2 ALG_RIPEMD160;no;		0.014000;0;0;0
SIG_CIPHER_HMAC PAD_ISO9797_M2 ALG_SHA_256;no;		0.014000;0;0;0
SIG_CIPHER_HMAC PAD_ISO9797_M2 ALG_SHA_384;no;		0.014000;0;0;0
SIG_CIPHER_HMAC PAD_ISO9797_M2 ALG_SHA_512;no;		0.014000;0;0;0
SIG_CIPHER_HMAC PAD_ISO9797_M2 ALG_SHA_224;no;		0.014000;0;0;0
SIG_CIPHER_HMAC PAD_ISO9797_M2 ALG_SHA3_224;no;		0.014000;0;0;0
SIG_CIPHER_HMAC PAD_ISO9797_M2 ALG_SHA3_256;no;		0.014000;0;0;0
SIG_CIPHER_HMAC PAD_ISO9797_M2 ALG_SHA3_384;no;		0.013000;0;0;0
SIG_CIPHER_HMAC PAD_ISO9797_M2 ALG_SHA3_512;no;		0.014000;0;0;0
SIG_CIPHER_HMAC PAD_ISO9797_1_M1_ALG3 ALG_NULL;no;		0.014000;0;0;0
SIG_CIPHER_HMAC PAD_ISO9797_1_M1_ALG3 ALG_SHA;no;		0.014000;0;0;0
SIG_CIPHER_HMAC PAD_ISO9797_1_M1_ALG3 ALG_MD5;no;		0.014000;0;0;0
SIG_CIPHER_HMAC PAD_ISO9797_1_M1_ALG3 ALG_RIPEMD160;no;		0.015000;0;0;0
SIG_CIPHER_HMAC PAD_ISO9797_1_M1_ALG3 ALG_SHA_256;no;		0.015000;0;0;0
SIG_CIPHER_HMAC PAD_ISO9797_1_M1_ALG3 ALG_SHA_384;no;		0.014000;0;0;0
SIG_CIPHER_HMAC PAD_ISO9797_1_M1_ALG3 ALG_SHA_512;no;		0.014000;0;0;0
SIG_CIPHER_HMAC PAD_ISO9797_1_M1_ALG3 ALG_SHA_224;no;		0.014000;0;0;0
SIG_CIPHER_HMAC PAD_ISO9797_1_M1_ALG3 ALG_SHA3_224;no;		0.014000;0;0;0
SIG_CIPHER_HMAC PAD_ISO9797_1_M1_ALG3 ALG_SHA3_256;no;		0.014000;0;0;0
SIG_CIPHER_HMAC PAD_ISO9797_1_M1_ALG3 ALG_SHA3_384;no;		0.014000;0;0;0
SIG_CIPHER_HMAC PAD_ISO9797_1_M1_ALG3 ALG_SHA3_512;no;		0.014000;0;0;0
SIG_CIPHER_HMAC PAD_ISO9797_1_M2_ALG3 ALG_NULL;no;		0.015000;0;0;0
SIG_CIPHER_HMAC PAD_ISO9797_1_M2_ALG3 ALG_SHA;no;		0.015000;0;0;0
SIG_CIPHER_HMAC PAD_ISO9797_1_M2_ALG3 ALG_MD5;no;		0.014000;0;0;0
SIG_CIPHER_HMAC PAD_ISO9797_1_M2_ALG3 ALG_RIPEMD160;no;		0.014000;0;0;0
SIG_CIPHER_HMAC PAD_ISO9797_1_M2_ALG3 ALG_SHA_256;no;		0.014000;0;0;0
SIG_CIPHER_HMAC PAD_ISO9797_1_M2_ALG3 ALG_SHA_384;no;		0.014000;0;0;0
SIG_CIPHER_HMAC PAD_ISO9797_1_M2_ALG3 ALG_SHA_512;no;		0.015000;0;0;0
SIG_CIPHER_HMAC PAD_ISO9797_1_M2_ALG3 ALG_SHA_224;no;		0.015000;0;0;0
SIG_CIPHER_HMAC PAD_ISO9797_1_M2_ALG3 ALG_SHA3_224;no;		0.014000;0;0;0
SIG_CIPHER_HMAC PAD_ISO9797_1_M2_ALG3 ALG_SHA3_256;no;		0.014000;0;0;0
SIG_CIPHER_HMAC PAD_ISO9797_1_M2_ALG3 ALG_SHA3_384;no;		0.014000;0;0;0
SIG_CIPHER_HMAC PAD_ISO9797_1_M2_ALG3 ALG_SHA3_512;no;		0.014000;0;0;0
SIG_CIPHER_HMAC PAD_PKCS5 ALG_NULL;no;		0.014000;0;0;0
SIG_CIPHER_HMAC PAD_PKCS5 ALG_SHA;no;		0.015000;0;0;0
SIG_CIPHER_HMAC PAD_PKCS5 ALG_MD5;no;		0.014000;0;0;0
SIG_CIPHER_HMAC PAD_PKCS5 ALG_RIPEMD160;no;		0.014000;0;0;0
SIG_CIPHER_HMAC PAD_PKCS5 ALG_SHA_256;no;		0.014000;0;0;0
SIG_CIPHER_HMAC PAD_PKCS5 ALG_SHA_384;no;		0.014000;0;0;0
SIG_CIPHER_HMAC PAD_PKCS5 ALG_SHA_512;no;		0.015000;0;0;0
SIG_CIPHER_HMAC PAD_PKCS5 ALG_SHA_224;no;		0.014000;0;0;0
SIG_CIPHER_HMAC PAD_PKCS5 ALG_SHA3_224;no;		0.014000;0;0;0
SIG_CIPHER_HMAC PAD_PKCS5 ALG_SHA3_256;no;		0.014000;0;0;0
SIG_CIPHER_HMAC PAD_PKCS5 ALG_SHA3_384;no;		0.014000;0;0;0
SIG_CIPHER_HMAC PAD_PKCS5 ALG_SHA3_512;no;		0.014000;0;0;0
SIG_CIPHER_HMAC PAD_PKCS1 ALG_NULL;no;		0.014000;0;0;0
SIG_CIPHER_HMAC PAD_PKCS1 ALG_SHA;no;		0.015000;0;0;0
SIG_CIPHER_HMAC PAD_PKCS1 ALG_MD5;no;		0.014000;0;0;0
SIG_CIPHER_HMAC PAD_PKCS1 ALG_RIPEMD160;no;		0.015000;0;0;0
SIG_CIPHER_HMAC PAD_PKCS1 ALG_SHA_256;no;		0.015000;0;0;0
SIG_CIPHER_HMAC PAD_PKCS1 ALG_SHA_384;no;		0.014000;0;0;0
SIG_CIPHER_HMAC PAD_PKCS1 ALG_SHA_512;no;		0.014000;0;0;0
SIG_CIPHER_HMAC PAD_PKCS1 ALG_SHA_224;no;		0.015000;0;0;0
SIG_CIPHER_HMAC PAD_PKCS1 ALG_SHA3_224;no;		0.014000;0;0;0
SIG_CIPHER_HMAC PAD_PKCS1 ALG_SHA3_256;no;		0.014000;0;0;0
SIG_CIPHER_HMAC PAD_PKCS1 ALG_SHA3_384;no;		0.015000;0;0;0
SIG_CIPHER_HMAC PAD_PKCS1 ALG_SHA3_512;no;		0.015000;0;0;0
SIG_CIPHER_HMAC PAD_PKCS1_PSS ALG_NULL;no;		0.015000;0;0;0
SIG_CIPHER_HMAC PAD_PKCS1_PSS ALG_SHA;no;		0.015000;0;0;0
SIG_CIPHER_HMAC PAD_PKCS1_PSS ALG_MD5;no;		0.014000;0;0;0
SIG_CIPHER_HMAC PAD_PKCS1_PSS ALG_RIPEMD160;no;		0.014000;0;0;0
SIG_CIPHER_HMAC PAD_PKCS1_PSS ALG_SHA_256;no;		0.015000;0;0;0
SIG_CIPHER_HMAC PAD_PKCS1_PSS ALG_SHA_384;no;		0.014000;0;0;0
SIG_CIPHER_HMAC PAD_PKCS1_PSS ALG_SHA_512;no;		0.014000;0;0;0
SIG_CIPHER_HMAC PAD_PKCS1_PSS ALG_SHA_224;no;		0.014000;0;0;0
SIG_CIPHER_HMAC PAD_PKCS1_PSS ALG_SHA3_224;no;		0.014000;0;0;0
SIG_CIPHER_HMAC PAD_PKCS1_PSS ALG_SHA3_256;no;		0.014000;0;0;0
SIG_CIPHER_HMAC PAD_PKCS1_PSS ALG_SHA3_384;no;		0.014000;0;0;0
SIG_CIPHER_HMAC PAD_PKCS1_PSS ALG_SHA3_512;no;		0.014000;0;0;0
SIG_CIPHER_HMAC PAD_PKCS1_OAEP ALG_NULL;no;		0.014000;0;0;0
SIG_CIPHER_HMAC PAD_PKCS1_OAEP ALG_SHA;no;		0.014000;0;0;0
SIG_CIPHER_HMAC PAD_PKCS1_OAEP ALG_MD5;no;		0.015000;0;0;0
SIG_CIPHER_HMAC PAD_PKCS1_OAEP ALG_RIPEMD160;no;		0.014000;0;0;0
SIG_CIPHER_HMAC PAD_PKCS1_OAEP ALG_SHA_256;no;		0.014000;0;0;0
SIG_CIPHER_HMAC PAD_PKCS1_OAEP ALG_SHA_384;no;		0.015000;0;0;0
SIG_CIPHER_HMAC PAD_PKCS1_OAEP ALG_SHA_512;no;		0.014000;0;0;0
SIG_CIPHER_HMAC PAD_PKCS1_OAEP ALG_SHA_224;no;		0.014000;0;0;0
SIG_CIPHER_HMAC PAD_PKCS1_OAEP ALG_SHA3_224;no;		0.014000;0;0;0
SIG_CIPHER_HMAC PAD_PKCS1_OAEP ALG_SHA3_256;no;		0.014000;0;0;0
SIG_CIPHER_HMAC PAD_PKCS1_OAEP ALG_SHA3_384;no;		0.015000;0;0;0
SIG_CIPHER_HMAC PAD_PKCS1_OAEP ALG_SHA3_512;no;		0.014000;0;0;0
SIG_CIPHER_HMAC PAD_ISO9796 ALG_NULL;no;		0.014000;0;0;0
SIG_CIPHER_HMAC PAD_ISO9796 ALG_SHA;no;		0.014000;0;0;0
SIG_CIPHER_HMAC PAD_ISO9796 ALG_MD5;no;		0.014000;0;0;0
SIG_CIPHER_HMAC PAD_ISO9796 ALG_RIPEMD160;no;		0.014000;0;0;0
SIG_CIPHER_HMAC PAD_ISO9796 ALG_SHA_256;no;		0.014000;0;0;0
SIG_CIPHER_HMAC PAD_ISO9796 ALG_SHA_384;no;		0.015000;0;0;0
SIG_CIPHER_HMAC PAD_ISO9796 ALG_SHA_512;no;		0.014000;0;0;0
SIG_CIPHER_HMAC PAD_ISO9796 ALG_SHA_224;no;		0.014000;0;0;0
SIG_CIPHER_HMAC PAD_ISO9796 ALG_SHA3_224;no;		0.014000;0;0;0
SIG_CIPHER_HMAC PAD_ISO9796 ALG_SHA3_256;no;		0.015000;0;0;0
SIG_CIPHER_HMAC PAD_ISO9796 ALG_SHA3_384;no;		0.014000;0;0;0
SIG_CIPHER_HMAC PAD_ISO9796 ALG_SHA3_512;no;		0.014000;0;0;0
SIG_CIPHER_HMAC PAD_ISO9796_MR ALG_NULL;no;		0.014000;0;0;0
SIG_CIPHER_HMAC PAD_ISO9796_MR ALG_SHA;no;		0.014000;0;0;0
SIG_CIPHER_HMAC PAD_ISO9796_MR ALG_MD5;no;		0.014000;0;0;0
SIG_CIPHER_HMAC PAD_ISO9796_MR ALG_RIPEMD160;no;		0.015000;0;0;0
SIG_CIPHER_HMAC PAD_ISO9796_MR ALG_SHA_256;no;		0.014000;0;0;0
SIG_CIPHER_HMAC PAD_ISO9796_MR ALG_SHA_384;no;		0.014000;0;0;0
SIG_CIPHER_HMAC PAD_ISO9796_MR ALG_SHA_512;no;		0.014000;0;0;0
SIG_CIPHER_HMAC PAD_ISO9796_MR ALG_SHA_224;no;		0.014000;0;0;0
SIG_CIPHER_HMAC PAD_ISO9796_MR ALG_SHA3_224;no;		0.014000;0;0;0
SIG_CIPHER_HMAC PAD_ISO9796_MR ALG_SHA3_256;no;		0.014000;0;0;0
SIG_CIPHER_HMAC PAD_ISO9796_MR ALG_SHA3_384;no;		0.014000;0;0;0
SIG_CIPHER_HMAC PAD_ISO9796_MR ALG_SHA3_512;no;		0.015000;0;0;0
SIG_CIPHER_HMAC PAD_RFC2409 ALG_NULL;no;		0.015000;0;0;0
SIG_CIPHER_HMAC PAD_RFC2409 ALG_SHA;no;		0.014000;0;0;0
SIG_CIPHER_HMAC PAD_RFC2409 ALG_MD5;no;		0.014000;0;0;0
SIG_CIPHER_HMAC PAD_RFC2409 ALG_RIPEMD160;no;		0.014000;0;0;0
SIG_CIPHER_HMAC PAD_RFC2409 ALG_SHA_256;no;		0.014000;0;0;0
SIG_CIPHER_HMAC PAD_RFC2409 ALG_SHA_384;no;		0.014000;0;0;0
SIG_CIPHER_HMAC PAD_RFC2409 ALG_SHA_512;no;		0.014000;0;0;0
SIG_CIPHER_HMAC PAD_RFC2409 ALG_SHA_224;no;		0.014000;0;0;0
SIG_CIPHER_HMAC PAD_RFC2409 ALG_SHA3_224;no;		0.014000;0;0;0
SIG_CIPHER_HMAC PAD_RFC2409 ALG_SHA3_256;no;		0.015000;0;0;0
SIG_CIPHER_HMAC PAD_RFC2409 ALG_SHA3_384;no;		0.015000;0;0;0
SIG_CIPHER_HMAC PAD_RFC2409 ALG_SHA3_512;no;		0.014000;0;0;0
SIG_CIPHER_HMAC PAD_PKCS1_OAEP_SHA224 ALG_NULL;no;		0.014000;0;0;0
SIG_CIPHER_HMAC PAD_PKCS1_OAEP_SHA224 ALG_SHA;no;		0.014000;0;0;0
SIG_CIPHER_HMAC PAD_PKCS1_OAEP_SHA224 ALG_MD5;no;		0.014000;0;0;0
SIG_CIPHER_HMAC PAD_PKCS1_OAEP_SHA224 ALG_RIPEMD160;no;		0.014000;0;0;0
SIG_CIPHER_HMAC PAD_PKCS1_OAEP_SHA224 ALG_SHA_256;no;		0.014000;0;0;0
SIG_CIPHER_HMAC PAD_PKCS1_OAEP_SHA224 ALG_SHA_384;no;		0.014000;0;0;0
SIG_CIPHER_HMAC PAD_PKCS1_OAEP_SHA224 ALG_SHA_512;no;		0.015000;0;0;0
SIG_CIPHER_HMAC PAD_PKCS1_OAEP_SHA224 ALG_SHA_224;no;		0.014000;0;0;0
SIG_CIPHER_HMAC PAD_PKCS1_OAEP_SHA224 ALG_SHA3_224;no;		0.014000;0;0;0
SIG_CIPHER_HMAC PAD_PKCS1_OAEP_SHA224 ALG_SHA3_256;no;		0.014000;0;0;0
SIG_CIPHER_HMAC PAD_PKCS1_OAEP_SHA224 ALG_SHA3_384;no;		0.014000;0;0;0
SIG_CIPHER_HMAC PAD_PKCS1_OAEP_SHA224 ALG_SHA3_512;no;		0.015000;0;0;0
SIG_CIPHER_HMAC PAD_PKCS1_OAEP_SHA256 ALG_NULL;no;		0.013000;0;0;0
SIG_CIPHER_HMAC PAD_PKCS1_OAEP_SHA256 ALG_SHA;no;		0.014000;0;0;0
SIG_CIPHER_HMAC PAD_PKCS1_OAEP_SHA256 ALG_MD5;no;		0.014000;0;0;0
SIG_CIPHER_HMAC PAD_PKCS1_OAEP_SHA256 ALG_RIPEMD160;no;		0.014000;0;0;0
SIG_CIPHER_HMAC PAD_PKCS1_OAEP_SHA256 ALG_SHA_256;no;		0.015000;0;0;0
SIG_CIPHER_HMAC PAD_PKCS1_OAEP_SHA256 ALG_SHA_384;no;		0.014000;0;0;0
SIG_CIPHER_HMAC PAD_PKCS1_OAEP_SHA256 ALG_SHA_512;no;		0.014000;0;0;0
SIG_CIPHER_HMAC PAD_PKCS1_OAEP_SHA256 ALG_SHA_224;no;		0.014000;0;0;0
SIG_CIPHER_HMAC PAD_PKCS1_OAEP_SHA256 ALG_SHA3_224;no;		0.014000;0;0;0
SIG_CIPHER_HMAC PAD_PKCS1_OAEP_SHA256 ALG_SHA3_256;no;		0.014000;0;0;0
SIG_CIPHER_HMAC PAD_PKCS1_OAEP_SHA256 ALG_SHA3_384;no;		0.014000;0;0;0
SIG_CIPHER_HMAC PAD_PKCS1_OAEP_SHA256 ALG_SHA3_512;no;		0.014000;0;0;0
SIG_CIPHER_HMAC PAD_PKCS1_OAEP_SHA384 ALG_NULL;no;		0.014000;0;0;0
SIG_CIPHER_HMAC PAD_PKCS1_OAEP_SHA384 ALG_SHA;no;		0.015000;0;0;0
SIG_CIPHER_HMAC PAD_PKCS1_OAEP_SHA384 ALG_MD5;no;		0.014000;0;0;0
SIG_CIPHER_HMAC PAD_PKCS1_OAEP_SHA384 ALG_RIPEMD160;no;		0.014000;0;0;0
SIG_CIPHER_HMAC PAD_PKCS1_OAEP_SHA384 ALG_SHA_256;no;		0.014000;0;0;0
SIG_CIPHER_HMAC PAD_PKCS1_OAEP_SHA384 ALG_SHA_384;no;		0.014000;0;0;0
SIG_CIPHER_HMAC PAD_PKCS1_OAEP_SHA384 ALG_SHA_512;no;		0.014000;0;0;0
SIG_CIPHER_HMAC PAD_PKCS1_OAEP_SHA384 ALG_SHA_224;no;		0.014000;0;0;0
SIG_CIPHER_HMAC PAD_PKCS1_OAEP_SHA384 ALG_SHA3_224;no;		0.014000;0;0;0
SIG_CIPHER_HMAC PAD_PKCS1_OAEP_SHA384 ALG_SHA3_256;no;		0.014000;0;0;0
SIG_CIPHER_HMAC PAD_PKCS1_OAEP_SHA384 ALG_SHA3_384;no;		0.014000;0;0;0
SIG_CIPHER_HMAC PAD_PKCS1_OAEP_SHA384 ALG_SHA3_512;no;		0.014000;0;0;0
SIG_CIPHER_HMAC PAD_PKCS1_OAEP_SHA512 ALG_NULL;no;		0.015000;0;0;0
SIG_CIPHER_HMAC PAD_PKCS1_OAEP_SHA512 ALG_SHA;no;		0.014000;0;0;0
SIG_CIPHER_HMAC PAD_PKCS1_OAEP_SHA512 ALG_MD5;no;		0.014000;0;0;0
SIG_CIPHER_HMAC PAD_PKCS1_OAEP_SHA512 ALG_RIPEMD160;no;		0.014000;0;0;0
SIG_CIPHER_HMAC PAD_PKCS1_OAEP_SHA512 ALG_SHA_256;no;		0.014000;0;0;0
SIG_CIPHER_HMAC PAD_PKCS1_OAEP_SHA512 ALG_SHA_384;no;		0.014000;0;0;0
SIG_CIPHER_HMAC PAD_PKCS1_OAEP_SHA512 ALG_SHA_512;no;		0.014000;0;0;0
SIG_CIPHER_HMAC PAD_PKCS1_OAEP_SHA512 ALG_SHA_224;no;		0.015000;0;0;0
SIG_CIPHER_HMAC PAD_PKCS1_OAEP_SHA512 ALG_SHA3_224;no;		0.013000;0;0;0
SIG_CIPHER_HMAC PAD_PKCS1_OAEP_SHA512 ALG_SHA3_256;no;		0.014000;0;0;0
SIG_CIPHER_HMAC PAD_PKCS1_OAEP_SHA512 ALG_SHA3_384;no;		0.014000;0;0;0
SIG_CIPHER_HMAC PAD_PKCS1_OAEP_SHA512 ALG_SHA3_512;no;		0.014000;0;0;0
SIG_CIPHER_HMAC PAD_PKCS1_OAEP_SHA3_224 ALG_NULL;no;		0.014000;0;0;0
SIG_CIPHER_HMAC PAD_PKCS1_OAEP_SHA3_224 ALG_SHA;no;		0.014000;0;0;0
SIG_CIPHER_HMAC PAD_PKCS1_OAEP_SHA3_224 ALG_MD5;no;		0.015000;0;0;0
SIG_CIPHER_HMAC PAD_PKCS1_OAEP_SHA3_224 ALG_RIPEMD160;no;		0.014000;0;0;0
SIG_CIPHER_HMAC PAD_PKCS1_OAEP_SHA3_224 ALG_SHA_256;no;		0.014000;0;0;0
SIG_CIPHER_HMAC PAD_PKCS1_OAEP_SHA3_224 ALG_SHA_384;no;		0.014000;0;0;0
SIG_CIPHER_HMAC PAD_PKCS1_OAEP_SHA3_224 ALG_SHA_512;no;		0.015000;0;0;0
SIG_CIPHER_HMAC PAD_PKCS1_OAEP_SHA3_224 ALG_SHA_224;no;		0.014000;0;0;0
SIG_CIPHER_HMAC PAD_PKCS1_OAEP_SHA3_224 ALG_SHA3_224;no;		0.014000;0;0;0
SIG_CIPHER_HMAC PAD_PKCS1_OAEP_SHA3_224 ALG_SHA3_256;no;		0.014000;0;0;0
SIG_CIPHER_HMAC PAD_PKCS1_OAEP_SHA3_224 ALG_SHA3_384;no;		0.014000;0;0;0
SIG_CIPHER_HMAC PAD_PKCS1_OAEP_SHA3_224 ALG_SHA3_512;no;		0.015000;0;0;0
SIG_CIPHER_HMAC PAD_PKCS1_OAEP_SHA3_256 ALG_NULL;no;		0.014000;0;0;0
SIG_CIPHER_HMAC PAD_PKCS1_OAEP_SHA3_256 ALG_SHA;no;		0.014000;0;0;0
SIG_CIPHER_HMAC PAD_PKCS1_OAEP_SHA3_256 ALG_MD5;no;		0.015000;0;0;0
SIG_CIPHER_HMAC PAD_PKCS1_OAEP_SHA3_256 ALG_RIPEMD160;no;		0.014000;0;0;0
SIG_CIPHER_HMAC PAD_PKCS1_OAEP_SHA3_256 ALG_SHA_256;no;		0.014000;0;0;0
SIG_CIPHER_HMAC PAD_PKCS1_OAEP_SHA3_256 ALG_SHA_384;no;		0.015000;0;0;0
SIG_CIPHER_HMAC PAD_PKCS1_OAEP_SHA3_256 ALG_SHA_512;no;		0.015000;0;0;0
SIG_CIPHER_HMAC PAD_PKCS1_OAEP_SHA3_256 ALG_SHA_224;no;		0.015000;0;0;0
SIG_CIPHER_HMAC PAD_PKCS1_OAEP_SHA3_256 ALG_SHA3_224;no;		0.014000;0;0;0
SIG_CIPHER_HMAC PAD_PKCS1_OAEP_SHA3_256 ALG_SHA3_256;no;		0.014000;0;0;0
SIG_CIPHER_HMAC PAD_PKCS1_OAEP_SHA3_256 ALG_SHA3_384;no;		0.014000;0;0;0
SIG_CIPHER_HMAC PAD_PKCS1_OAEP_SHA3_256 ALG_SHA3_512;no;		0.014000;0;0;0
SIG_CIPHER_HMAC PAD_PKCS1_OAEP_SHA3_384 ALG_NULL;no;		0.014000;0;0;0
SIG_CIPHER_HMAC PAD_PKCS1_OAEP_SHA3_384 ALG_SHA;no;		0.014000;0;0;0
SIG_CIPHER_HMAC PAD_PKCS1_OAEP_SHA3_384 ALG_MD5;no;		0.014000;0;0;0
SIG_CIPHER_HMAC PAD_PKCS1_OAEP_SHA3_384 ALG_RIPEMD160;no;		0.015000;0;0;0
SIG_CIPHER_HMAC PAD_PKCS1_OAEP_SHA3_384 ALG_SHA_256;no;		0.014000;0;0;0
SIG_CIPHER_HMAC PAD_PKCS1_OAEP_SHA3_384 ALG_SHA_384;no;		0.014000;0;0;0
SIG_CIPHER_HMAC PAD_PKCS1_OAEP_SHA3_384 ALG_SHA_512;no;		0.014000;0;0;0
SIG_CIPHER_HMAC PAD_PKCS1_OAEP_SHA3_384 ALG_SHA_224;no;		0.014000;0;0;0
SIG_CIPHER_HMAC PAD_PKCS1_OAEP_SHA3_384 ALG_SHA3_224;no;		0.014000;0;0;0
SIG_CIPHER_HMAC PAD_PKCS1_OAEP_SHA3_384 ALG_SHA3_256;no;		0.014000;0;0;0
SIG_CIPHER_HMAC PAD_PKCS1_OAEP_SHA3_384 ALG_SHA3_384;no;		0.014000;0;0;0
SIG_CIPHER_HMAC PAD_PKCS1_OAEP_SHA3_384 ALG_SHA3_512;no;		0.014000;0;0;0
SIG_CIPHER_HMAC PAD_PKCS1_OAEP_SHA3_512 ALG_NULL;no;		0.014000;0;0;0
SIG_CIPHER_HMAC PAD_PKCS1_OAEP_SHA3_512 ALG_SHA;no;		0.014000;0;0;0
SIG_CIPHER_HMAC PAD_PKCS1_OAEP_SHA3_512 ALG_MD5;no;		0.014000;0;0;0
SIG_CIPHER_HMAC PAD_PKCS1_OAEP_SHA3_512 ALG_RIPEMD160;no;		0.014000;0;0;0
SIG_CIPHER_HMAC PAD_PKCS1_OAEP_SHA3_512 ALG_SHA_256;no;		0.014000;0;0;0
SIG_CIPHER_HMAC PAD_PKCS1_OAEP_SHA3_512 ALG_SHA_384;no;		0.014000;0;0;0
SIG_CIPHER_HMAC PAD_PKCS1_OAEP_SHA3_512 ALG_SHA_512;no;		0.014000;0;0;0
SIG_CIPHER_HMAC PAD_PKCS1_OAEP_SHA3_512 ALG_SHA_224;no;		0.014000;0;0;0
SIG_CIPHER_HMAC PAD_PKCS1_OAEP_SHA3_512 ALG_SHA3_224;no;		0.014000;0;0;0
SIG_CIPHER_HMAC PAD_PKCS1_OAEP_SHA3_512 ALG_SHA3_256;no;		0.014000;0;0;0
SIG_CIPHER_HMAC PAD_PKCS1_OAEP_SHA3_512 ALG_SHA3_384;no;		0.014000;0;0;0
SIG_CIPHER_HMAC PAD_PKCS1_OAEP_SHA3_512 ALG_SHA3_512;no;		0.014000;0;0;0
SIG_CIPHER_HMAC PAD_ISO9796_MR_SCHEME_2 ALG_NULL;no;		0.014000;0;0;0
SIG_CIPHER_HMAC PAD_ISO9796_MR_SCHEME_2 ALG_SHA;no;		0.014000;0;0;0
SIG_CIPHER_HMAC PAD_ISO9796_MR_SCHEME_2 ALG_MD5;no;		0.014000;0;0;0
SIG_CIPHER_HMAC PAD_ISO9796_MR_SCHEME_2 ALG_RIPEMD160;no;		0.015000;0;0;0
SIG_CIPHER_HMAC PAD_ISO9796_MR_SCHEME_2 ALG_SHA_256;no;		0.014000;0;0;0
SIG_CIPHER_HMAC PAD_ISO9796_MR_SCHEME_2 ALG_SHA_384;no;		0.014000;0;0;0
SIG_CIPHER_HMAC PAD_ISO9796_MR_SCHEME_2 ALG_SHA_512;no;		0.014000;0;0;0
SIG_CIPHER_HMAC PAD_ISO9796_MR_SCHEME_2 ALG_SHA_224;no;		0.014000;0;0;0
SIG_CIPHER_HMAC PAD_ISO9796_MR_SCHEME_2 ALG_SHA3_224;no;		0.014000;0;0;0
SIG_CIPHER_HMAC PAD_ISO9796_MR_SCHEME_2 ALG_SHA3_256;no;		0.014000;0;0;0
SIG_CIPHER_HMAC PAD_ISO9796_MR_SCHEME_2 ALG_SHA3_384;no;		0.014000;0;0;0
SIG_CIPHER_HMAC PAD_ISO9796_MR_SCHEME_2 ALG_SHA3_512;no;		0.015000;0;0;0
SIG_CIPHER_HMAC PAD_ISO9796_MR_SCHEME_3 ALG_NULL;no;		0.015000;0;0;0
SIG_CIPHER_HMAC PAD_ISO9796_MR_SCHEME_3 ALG_SHA;no;		0.014000;0;0;0
SIG_CIPHER_HMAC PAD_ISO9796_MR_SCHEME_3 ALG_MD5;no;		0.014000;0;0;0
SIG_CIPHER_HMAC PAD_ISO9796_MR_SCHEME_3 ALG_RIPEMD160;no;		0.014000;0;0;0
SIG_CIPHER_HMAC PAD_ISO9796_MR_SCHEME_3 ALG_SHA_256;no;		0.014000;0;0;0
SIG_CIPHER_HMAC PAD_ISO9796_MR_SCHEME_3 ALG_SHA_384;no;		0.014000;0;0;0
SIG_CIPHER_HMAC PAD_ISO9796_MR_SCHEME_3 ALG_SHA_512;no;		0.014000;0;0;0
SIG_CIPHER_HMAC PAD_ISO9796_MR_SCHEME_3 ALG_SHA_224;no;		0.014000;0;0;0
SIG_CIPHER_HMAC PAD_ISO9796_MR_SCHEME_3 ALG_SHA3_224;no;		0.014000;0;0;0
SIG_CIPHER_HMAC PAD_ISO9796_MR_SCHEME_3 ALG_SHA3_256;no;		0.014000;0;0;0
SIG_CIPHER_HMAC PAD_ISO9796_MR_SCHEME_3 ALG_SHA3_384;no;		0.015000;0;0;0
SIG_CIPHER_HMAC PAD_ISO9796_MR_SCHEME_3 ALG_SHA3_512;no;		0.015000;0;0;0
SIG_CIPHER_KOREAN_SEED_MAC PAD_NULL ALG_NULL;no;		0.014000;0;0;0
SIG_CIPHER_KOREAN_SEED_MAC PAD_NULL ALG_SHA;no;		0.014000;0;0;0
SIG_CIPHER_KOREAN_SEED_MAC PAD_NULL ALG_MD5;no;		0.014000;0;0;0
SIG_CIPHER_KOREAN_SEED_MAC PAD_NULL ALG_RIPEMD160;no;		0.014000;0;0;0
SIG_CIPHER_KOREAN_SEED_MAC PAD_NULL ALG_SHA_256;no;		0.014000;0;0;0
SIG_CIPHER_KOREAN_SEED_MAC PAD_NULL ALG_SHA_384;no;		0.015000;0;0;0
SIG_CIPHER_KOREAN_SEED_MAC PAD_NULL ALG_SHA_512;no;		0.014000;0;0;0
SIG_CIPHER_KOREAN_SEED_MAC PAD_NULL ALG_SHA_224;no;		0.014000;0;0;0
SIG_CIPHER_KOREAN_SEED_MAC PAD_NULL ALG_SHA3_224;no;		0.014000;0;0;0
SIG_CIPHER_KOREAN_SEED_MAC PAD_NULL ALG_SHA3_256;no;		0.014000;0;0;0
SIG_CIPHER_KOREAN_SEED_MAC PAD_NULL ALG_SHA3_384;no;		0.015000;0;0;0
SIG_CIPHER_KOREAN_SEED_MAC PAD_NULL ALG_SHA3_512;no;		0.014000;0;0;0
SIG_CIPHER_KOREAN_SEED_MAC PAD_NOPAD ALG_NULL;no;		0.015000;0;0;0
SIG_CIPHER_KOREAN_SEED_MAC PAD_NOPAD ALG_SHA;no;		0.014000;0;0;0
SIG_CIPHER_KOREAN_SEED_MAC PAD_NOPAD ALG_MD5;no;		0.014000;0;0;0
SIG_CIPHER_KOREAN_SEED_MAC PAD_NOPAD ALG_RIPEMD160;no;		0.014000;0;0;0
SIG_CIPHER_KOREAN_SEED_MAC PAD_NOPAD ALG_SHA_256;no;		0.014000;0;0;0
SIG_CIPHER_KOREAN_SEED_MAC PAD_NOPAD ALG_SHA_384;no;		0.014000;0;0;0
SIG_CIPHER_KOREAN_SEED_MAC PAD_NOPAD ALG_SHA_512;no;		0.014000;0;0;0
SIG_CIPHER_KOREAN_SEED_MAC PAD_NOPAD ALG_SHA_224;no;		0.014000;0;0;0
SIG_CIPHER_KOREAN_SEED_MAC PAD_NOPAD ALG_SHA3_224;no;		0.014000;0;0;0
SIG_CIPHER_KOREAN_SEED_MAC PAD_NOPAD ALG_SHA3_256;no;		0.014000;0;0;0
SIG_CIPHER_KOREAN_SEED_MAC PAD_NOPAD ALG_SHA3_384;no;		0.015000;0;0;0
SIG_CIPHER_KOREAN_SEED_MAC PAD_NOPAD ALG_SHA3_512;no;		0.015000;0;0;0
SIG_CIPHER_KOREAN_SEED_MAC PAD_ISO9797_M1 ALG_NULL;no;		0.014000;0;0;0
SIG_CIPHER_KOREAN_SEED_MAC PAD_ISO9797_M1 ALG_SHA;no;		0.014000;0;0;0
SIG_CIPHER_KOREAN_SEED_MAC PAD_ISO9797_M1 ALG_MD5;no;		0.014000;0;0;0
SIG_CIPHER_KOREAN_SEED_MAC PAD_ISO9797_M1 ALG_RIPEMD160;no;		0.014000;0;0;0
SIG_CIPHER_KOREAN_SEED_MAC PAD_ISO9797_M1 ALG_SHA_256;no;		0.015000;0;0;0
SIG_CIPHER_KOREAN_SEED_MAC PAD_ISO9797_M1 ALG_SHA_384;no;		0.014000;0;0;0
SIG_CIPHER_KOREAN_SEED_MAC PAD_ISO9797_M1 ALG_SHA_512;no;		0.014000;0;0;0
SIG_CIPHER_KOREAN_SEED_MAC PAD_ISO9797_M1 ALG_SHA_224;no;		0.015000;0;0;0
SIG_CIPHER_KOREAN_SEED_MAC PAD_ISO9797_M1 ALG_SHA3_224;no;		0.014000;0;0;0
SIG_CIPHER_KOREAN_SEED_MAC PAD_ISO9797_M1 ALG_SHA3_256;no;		0.015000;0;0;0
SIG_CIPHER_KOREAN_SEED_MAC PAD_ISO9797_M1 ALG_SHA3_384;no;		0.014000;0;0;0
SIG_CIPHER_KOREAN_SEED_MAC PAD_ISO9797_M1 ALG_SHA3_512;no;		0.014000;0;0;0
SIG_CIPHER_KOREAN_SEED_MAC PAD_ISO9797_M2 ALG_NULL;no;		0.014000;0;0;0
SIG_CIPHER_KOREAN_SEED_MAC PAD_ISO9797_M2 ALG_SHA;no;		0.014000;0;0;0
SIG_CIPHER_KOREAN_SEED_MAC PAD_ISO9797_M2 ALG_MD5;no;		0.014000;0;0;0
SIG_CIPHER_KOREAN_SEED_MAC PAD_ISO9797_M2 ALG_RIPEMD160;no;		0.014000;0;0;0
SIG_CIPHER_KOREAN_SEED_MAC PAD_ISO9797_M2 ALG_SHA_256;no;		0.014000;0;0;0
SIG_CIPHER_KOREAN_SEED_MAC PAD_ISO9797_M2 ALG_SHA_384;no;		0.015000;0;0;0
SIG_CIPHER_KOREAN_SEED_MAC PAD_ISO9797_M2 ALG_SHA_512;no;		0.014000;0;0;0
SIG_CIPHER_KOREAN_SEED_MAC PAD_ISO9797_M2 ALG_SHA_224;no;		0.014000;0;0;0
SIG_CIPHER_KOREAN_SEED_MAC PAD_ISO9797_M2 ALG_SHA3_224;no;		0.014000;0;0;0
SIG_CIPHER_KOREAN_SEED_MAC PAD_ISO9797_M2 ALG_SHA3_256;no;		0.014000;0;0;0
SIG_CIPHER_KOREAN_SEED_MAC PAD_ISO9797_M2 ALG_SHA3_384;no;		0.014000;0;0;0
SIG_CIPHER_KOREAN_SEED_MAC PAD_ISO9797_M2 ALG_SHA3_512;no;		0.015000;0;0;0
SIG_CIPHER_KOREAN_SEED_MAC PAD_ISO9797_1_M1_ALG3 ALG_NULL;no;		0.014000;0;0;0
SIG_CIPHER_KOREAN_SEED_MAC PAD_ISO9797_1_M1_ALG3 ALG_SHA;no;		0.014000;0;0;0
SIG_CIPHER_KOREAN_SEED_MAC PAD_ISO9797_1_M1_ALG3 ALG_MD5;no;		0.014000;0;0;0
SIG_CIPHER_KOREAN_SEED_MAC PAD_ISO9797_1_M1_ALG3 ALG_RIPEMD160;no;		0.014000;0;0;0
SIG_CIPHER_KOREAN_SEED_MAC PAD_ISO9797_1_M1_ALG3 ALG_SHA_256;no;		0.014000;0;0;0
SIG_CIPHER_KOREAN_SEED_MAC PAD_ISO9797_1_M1_ALG3 ALG_SHA_384;no;		0.014000;0;0;0
SIG_CIPHER_KOREAN_SEED_MAC PAD_ISO9797_1_M1_ALG3 ALG_SHA_512;no;		0.014000;0;0;0
SIG_CIPHER_KOREAN_SEED_MAC PAD_ISO9797_1_M1_ALG3 ALG_SHA_224;no;		0.014000;0;0;0
SIG_CIPHER_KOREAN_SEED_MAC PAD_ISO9797_1_M1_ALG3 ALG_SHA3_224;no;		0.014000;0;0;0
SIG_CIPHER_KOREAN_SEED_MAC PAD_ISO9797_1_M1_ALG3 ALG_SHA3_256;no;		0.014000;0;0;0
SIG_CIPHER_KOREAN_SEED_MAC PAD_ISO9797_1_M1_ALG3 ALG_SHA3_384;no;		0.014000;0;0;0
SIG_CIPHER_KOREAN_SEED_MAC PAD_ISO9797_1_M1_ALG3 ALG_SHA3_512;no;		0.014000;0;0;0
SIG_CIPHER_KOREAN_SEED_MAC PAD_ISO9797_1_M2_ALG3 ALG_NULL;no;		0.014000;0;0;0
SIG_CIPHER_KOREAN_SEED_MAC PAD_ISO9797_1_M2_ALG3 ALG_SHA;no;		0.014000;0;0;0
SIG_CIPHER_KOREAN_SEED_MAC PAD_ISO9797_1_M2_ALG3 ALG_MD5;no;		0.014000;0;0;0
SIG_CIPHER_KOREAN_SEED_MAC PAD_ISO9797_1_M2_ALG3 ALG_RIPEMD160;no;		0.014000;0;0;0
SIG_CIPHER_KOREAN_SEED_MAC PAD_ISO9797_1_M2_ALG3 ALG_SHA_256;no;		0.015000;0;0;0
SIG_CIPHER_KOREAN_SEED_MAC PAD_ISO9797_1_M2_ALG3 ALG_SHA_384;no;		0.014000;0;0;0
SIG_CIPHER_KOREAN_SEED_MAC PAD_ISO9797_1_M2_ALG3 ALG_SHA_512;no;		0.014000;0;0;0
SIG_CIPHER_KOREAN_SEED_MAC PAD_ISO9797_1_M2_ALG3 ALG_SHA_224;no;		0.014000;0;0;0
SIG_CIPHER_KOREAN_SEED_MAC PAD_ISO9797_1_M2_ALG3 ALG_SHA3_224;no;		0.014000;0;0;0
SIG_CIPHER_KOREAN_SEED_MAC PAD_ISO9797_1_M2_ALG3 ALG_SHA3_256;no;		0.014000;0;0;0
SIG_CIPHER_KOREAN_SEED_MAC PAD_ISO9797_1_M2_ALG3 ALG_SHA3_384;no;		0.014000;0;0;0
SIG_CIPHER_KOREAN_SEED_MAC PAD_ISO9797_1_M2_ALG3 ALG_SHA3_512;no;		0.014000;0;0;0
SIG_CIPHER_KOREAN_SEED_MAC PAD_PKCS5 ALG_NULL;no;		0.015000;0;0;0
SIG_CIPHER_KOREAN_SEED_MAC PAD_PKCS5 ALG_SHA;no;		0.014000;0;0;0
SIG_CIPHER_KOREAN_SEED_MAC PAD_PKCS5 ALG_MD5;no;		0.015000;0;0;0
SIG_CIPHER_KOREAN_SEED_MAC PAD_PKCS5 ALG_RIPEMD160;no;		0.014000;0;0;0
SIG_CIPHER_KOREAN_SEED_MAC PAD_PKCS5 ALG_SHA_256;no;		0.014000;0;0;0
SIG_CIPHER_KOREAN_SEED_MAC PAD_PKCS5 ALG_SHA_384;no;		0.014000;0;0;0
SIG_CIPHER_KOREAN_SEED_MAC PAD_PKCS5 ALG_SHA_512;no;		0.014000;0;0;0
SIG_CIPHER_KOREAN_SEED_MAC PAD_PKCS5 ALG_SHA_224;no;		0.014000;0;0;0
SIG_CIPHER_KOREAN_SEED_MAC PAD_PKCS5 ALG_SHA3_224;no;		0.015000;0;0;0
SIG_CIPHER_KOREAN_SEED_MAC PAD_PKCS5 ALG_SHA3_256;no;		0.014000;0;0;0
SIG_CIPHER_KOREAN_SEED_MAC PAD_PKCS5 ALG_SHA3_384;no;		0.014000;0;0;0
SIG_CIPHER_KOREAN_SEED_MAC PAD_PKCS5 ALG_SHA3_512;no;		0.015000;0;0;0
SIG_CIPHER_KOREAN_SEED_MAC PAD_PKCS1 ALG_NULL;no;		0.014000;0;0;0
SIG_CIPHER_KOREAN_SEED_MAC PAD_PKCS1 ALG_SHA;no;		0.015000;0;0;0
SIG_CIPHER_KOREAN_SEED_MAC PAD_PKCS1 ALG_MD5;no;		0.014000;0;0;0
SIG_CIPHER_KOREAN_SEED_MAC PAD_PKCS1 ALG_RIPEMD160;no;		0.015000;0;0;0
SIG_CIPHER_KOREAN_SEED_MAC PAD_PKCS1 ALG_SHA_256;no;		0.014000;0;0;0
SIG_CIPHER_KOREAN_SEED_MAC PAD_PKCS1 ALG_SHA_384;no;		0.014000;0;0;0
SIG_CIPHER_KOREAN_SEED_MAC PAD_PKCS1 ALG_SHA_512;no;		0.014000;0;0;0
SIG_CIPHER_KOREAN_SEED_MAC PAD_PKCS1 ALG_SHA_224;no;		0.015000;0;0;0
SIG_CIPHER_KOREAN_SEED_MAC PAD_PKCS1 ALG_SHA3_224;no;		0.015000;0;0;0
SIG_CIPHER_KOREAN_SEED_MAC PAD_PKCS1 ALG_SHA3_256;no;		0.014000;0;0;0
SIG_CIPHER_KOREAN_SEED_MAC PAD_PKCS1 ALG_SHA3_384;no;		0.014000;0;0;0
SIG_CIPHER_KOREAN_SEED_MAC PAD_PKCS1 ALG_SHA3_512;no;		0.014000;0;0;0
SIG_CIPHER_KOREAN_SEED_MAC PAD_PKCS1_PSS ALG_NULL;no;		0.014000;0;0;0
SIG_CIPHER_KOREAN_SEED_MAC PAD_PKCS1_PSS ALG_SHA;no;		0.014000;0;0;0
SIG_CIPHER_KOREAN_SEED_MAC PAD_PKCS1_PSS ALG_MD5;no;		0.014000;0;0;0
SIG_CIPHER_KOREAN_SEED_MAC PAD_PKCS1_PSS ALG_RIPEMD160;no;		0.014000;0;0;0
SIG_CIPHER_KOREAN_SEED_MAC PAD_PKCS1_PSS ALG_SHA_256;no;		0.014000;0;0;0
SIG_CIPHER_KOREAN_SEED_MAC PAD_PKCS1_PSS ALG_SHA_384;no;		0.014000;0;0;0
SIG_CIPHER_KOREAN_SEED_MAC PAD_PKCS1_PSS ALG_SHA_512;no;		0.014000;0;0;0
SIG_CIPHER_KOREAN_SEED_MAC PAD_PKCS1_PSS ALG_SHA_224;no;		0.014000;0;0;0
SIG_CIPHER_KOREAN_SEED_MAC PAD_PKCS1_PSS ALG_SHA3_224;no;		0.014000;0;0;0
SIG_CIPHER_KOREAN_SEED_MAC PAD_PKCS1_PSS ALG_SHA3_256;no;		0.014000;0;0;0
SIG_CIPHER_KOREAN_SEED_MAC PAD_PKCS1_PSS ALG_SHA3_384;no;		0.014000;0;0;0
SIG_CIPHER_KOREAN_SEED_MAC PAD_PKCS1_PSS ALG_SHA3_512;no;		0.014000;0;0;0
SIG_CIPHER_KOREAN_SEED_MAC PAD_PKCS1_OAEP ALG_NULL;no;		0.014000;0;0;0
SIG_CIPHER_KOREAN_SEED_MAC PAD_PKCS1_OAEP ALG_SHA;no;		0.014000;0;0;0
SIG_CIPHER_KOREAN_SEED_MAC PAD_PKCS1_OAEP ALG_MD5;no;		0.014000;0;0;0
SIG_CIPHER_KOREAN_SEED_MAC PAD_PKCS1_OAEP ALG_RIPEMD160;no;		0.014000;0;0;0
SIG_CIPHER_KOREAN_SEED_MAC PAD_PKCS1_OAEP ALG_SHA_256;no;		0.014000;0;0;0
SIG_CIPHER_KOREAN_SEED_MAC PAD_PKCS1_OAEP ALG_SHA_384;no;		0.014000;0;0;0
SIG_CIPHER_KOREAN_SEED_MAC PAD_PKCS1_OAEP ALG_SHA_512;no;		0.015000;0;0;0
SIG_CIPHER_KOREAN_SEED_MAC PAD_PKCS1_OAEP ALG_SHA_224;no;		0.014000;0;0;0
SIG_CIPHER_KOREAN_SEED_MAC PAD_PKCS1_OAEP ALG_SHA3_224;no;		0.014000;0;0;0
SIG_CIPHER_KOREAN_SEED_MAC PAD_PKCS1_OAEP ALG_SHA3_256;no;		0.014000;0;0;0
SIG_CIPHER_KOREAN_SEED_MAC PAD_PKCS1_OAEP ALG_SHA3_384;no;		0.014000;0;0;0
SIG_CIPHER_KOREAN_SEED_MAC PAD_PKCS1_OAEP ALG_SHA3_512;no;		0.014000;0;0;0
SIG_CIPHER_KOREAN_SEED_MAC PAD_ISO9796 ALG_NULL;no;		0.014000;0;0;0
SIG_CIPHER_KOREAN_SEED_MAC PAD_ISO9796 ALG_SHA;no;		0.015000;0;0;0
SIG_CIPHER_KOREAN_SEED_MAC PAD_ISO9796 ALG_MD5;no;		0.014000;0;0;0
SIG_CIPHER_KOREAN_SEED_MAC PAD_ISO9796 ALG_RIPEMD160;no;		0.014000;0;0;0
SIG_CIPHER_KOREAN_SEED_MAC PAD_ISO9796 ALG_SHA_256;no;		0.014000;0;0;0
SIG_CIPHER_KOREAN_SEED_MAC PAD_ISO9796 ALG_SHA_384;no;		0.013000;0;0;0
SIG_CIPHER_KOREAN_SEED_MAC PAD_ISO9796 ALG_SHA_512;no;		0.014000;0;0;0
SIG_CIPHER_KOREAN_SEED_MAC PAD_ISO9796 ALG_SHA_224;no;		0.014000;0;0;0
SIG_CIPHER_KOREAN_SEED_MAC PAD_ISO9796 ALG_SHA3_224;no;		0.014000;0;0;0
SIG_CIPHER_KOREAN_SEED_MAC PAD_ISO9796 ALG_SHA3_256;no;		0.014000;0;0;0
SIG_CIPHER_KOREAN_SEED_MAC PAD_ISO9796 ALG_SHA3_384;no;		0.014000;0;0;0
SIG_CIPHER_KOREAN_SEED_MAC PAD_ISO9796 ALG_SHA3_512;no;		0.014000;0;0;0
SIG_CIPHER_KOREAN_SEED_MAC PAD_ISO9796_MR ALG_NULL;no;		0.014000;0;0;0
SIG_CIPHER_KOREAN_SEED_MAC PAD_ISO9796_MR ALG_SHA;no;		0.014000;0;0;0
SIG_CIPHER_KOREAN_SEED_MAC PAD_ISO9796_MR ALG_MD5;no;		0.014000;0;0;0
SIG_CIPHER_KOREAN_SEED_MAC PAD_ISO9796_MR ALG_RIPEMD160;no;		0.014000;0;0;0
SIG_CIPHER_KOREAN_SEED_MAC PAD_ISO9796_MR ALG_SHA_256;no;		0.014000;0;0;0
SIG_CIPHER_KOREAN_SEED_MAC PAD_ISO9796_MR ALG_SHA_384;no;		0.015000;0;0;0
SIG_CIPHER_KOREAN_SEED_MAC PAD_ISO9796_MR ALG_SHA_512;no;		0.014000;0;0;0
SIG_CIPHER_KOREAN_SEED_MAC PAD_ISO9796_MR ALG_SHA_224;no;		0.014000;0;0;0
SIG_CIPHER_KOREAN_SEED_MAC PAD_ISO9796_MR ALG_SHA3_224;no;		0.014000;0;0;0
SIG_CIPHER_KOREAN_SEED_MAC PAD_ISO9796_MR ALG_SHA3_256;no;		0.014000;0;0;0
SIG_CIPHER_KOREAN_SEED_MAC PAD_ISO9796_MR ALG_SHA3_384;no;		0.014000;0;0;0
SIG_CIPHER_KOREAN_SEED_MAC PAD_ISO9796_MR ALG_SHA3_512;no;		0.014000;0;0;0
SIG_CIPHER_KOREAN_SEED_MAC PAD_RFC2409 ALG_NULL;no;		0.014000;0;0;0
SIG_CIPHER_KOREAN_SEED_MAC PAD_RFC2409 ALG_SHA;no;		0.015000;0;0;0
SIG_CIPHER_KOREAN_SEED_MAC PAD_RFC2409 ALG_MD5;no;		0.015000;0;0;0
SIG_CIPHER_KOREAN_SEED_MAC PAD_RFC2409 ALG_RIPEMD160;no;		0.014000;0;0;0
SIG_CIPHER_KOREAN_SEED_MAC PAD_RFC2409 ALG_SHA_256;no;		0.014000;0;0;0
SIG_CIPHER_KOREAN_SEED_MAC PAD_RFC2409 ALG_SHA_384;no;		0.014000;0;0;0
SIG_CIPHER_KOREAN_SEED_MAC PAD_RFC2409 ALG_SHA_512;no;		0.014000;0;0;0
SIG_CIPHER_KOREAN_SEED_MAC PAD_RFC2409 ALG_SHA_224;no;		0.014000;0;0;0
SIG_CIPHER_KOREAN_SEED_MAC PAD_RFC2409 ALG_SHA3_224;no;		0.015000;0;0;0
SIG_CIPHER_KOREAN_SEED_MAC PAD_RFC2409 ALG_SHA3_256;no;		0.014000;0;0;0
SIG_CIPHER_KOREAN_SEED_MAC PAD_RFC2409 ALG_SHA3_384;no;		0.015000;0;0;0
SIG_CIPHER_KOREAN_SEED_MAC PAD_RFC2409 ALG_SHA3_512;no;		0.015000;0;0;0
SIG_CIPHER_KOREAN_SEED_MAC PAD_PKCS1_OAEP_SHA224 ALG_NULL;no;		0.015000;0;0;0
SIG_CIPHER_KOREAN_SEED_MAC PAD_PKCS1_OAEP_SHA224 ALG_SHA;no;		0.014000;0;0;0
SIG_CIPHER_KOREAN_SEED_MAC PAD_PKCS1_OAEP_SHA224 ALG_MD5;no;		0.015000;0;0;0
SIG_CIPHER_KOREAN_SEED_MAC PAD_PKCS1_OAEP_SHA224 ALG_RIPEMD160;no;		0.014000;0;0;0
SIG_CIPHER_KOREAN_SEED_MAC PAD_PKCS1_OAEP_SHA224 ALG_SHA_256;no;		0.014000;0;0;0
SIG_CIPHER_KOREAN_SEED_MAC PAD_PKCS1_OAEP_SHA224 ALG_SHA_384;no;		0.015000;0;0;0
SIG_CIPHER_KOREAN_SEED_MAC PAD_PKCS1_OAEP_SHA224 ALG_SHA_512;no;		0.014000;0;0;0
SIG_CIPHER_KOREAN_SEED_MAC PAD_PKCS1_OAEP_SHA224 ALG_SHA_224;no;		0.014000;0;0;0
SIG_CIPHER_KOREAN_SEED_MAC PAD_PKCS1_OAEP_SHA224 ALG_SHA3_224;no;		0.015000;0;0;0
SIG_CIPHER_KOREAN_SEED_MAC PAD_PKCS1_OAEP_SHA224 ALG_SHA3_256;no;		0.014000;0;0;0
SIG_CIPHER_KOREAN_SEED_MAC PAD_PKCS1_OAEP_SHA224 ALG_SHA3_384;no;		0.014000;0;0;0
SIG_CIPHER_KOREAN_SEED_MAC PAD_PKCS1_OAEP_SHA224 ALG_SHA3_512;no;		0.014000;0;0;0
SIG_CIPHER_KOREAN_SEED_MAC PAD_PKCS1_OAEP_SHA256 ALG_NULL;no;		0.014000;0;0;0
SIG_CIPHER_KOREAN_SEED_MAC PAD_PKCS1_OAEP_SHA256 ALG_SHA;no;		0.014000;0;0;0
SIG_CIPHER_KOREAN_SEED_MAC PAD_PKCS1_OAEP_SHA256 ALG_MD5;no;		0.014000;0;0;0
SIG_CIPHER_KOREAN_SEED_MAC PAD_PKCS1_OAEP_SHA256 ALG_RIPEMD160;no;		0.014000;0;0;0
SIG_CIPHER_KOREAN_SEED_MAC PAD_PKCS1_OAEP_SHA256 ALG_SHA_256;no;		0.015000;0;0;0
SIG_CIPHER_KOREAN_SEED_MAC PAD_PKCS1_OAEP_SHA256 ALG_SHA_384;no;		0.014000;0;0;0
SIG_CIPHER_KOREAN_SEED_MAC PAD_PKCS1_OAEP_SHA256 ALG_SHA_512;no;		0.014000;0;0;0
SIG_CIPHER_KOREAN_SEED_MAC PAD_PKCS1_OAEP_SHA256 ALG_SHA_224;no;		0.015000;0;0;0
SIG_CIPHER_KOREAN_SEED_MAC PAD_PKCS1_OAEP_SHA256 ALG_SHA3_224;no;		0.014000;0;0;0
SIG_CIPHER_KOREAN_SEED_MAC PAD_PKCS1_OAEP_SHA256 ALG_SHA3_256;no;		0.014000;0;0;0
SIG_CIPHER_KOREAN_SEED_MAC PAD_PKCS1_OAEP_SHA256 ALG_SHA3_384;no;		0.014000;0;0;0
SIG_CIPHER_KOREAN_SEED_MAC PAD_PKCS1_OAEP_SHA256 ALG_SHA3_512;no;		0.014000;0;0;0
SIG_CIPHER_KOREAN_SEED_MAC PAD_PKCS1_OAEP_SHA384 ALG_NULL;no;		0.014000;0;0;0
SIG_CIPHER_KOREAN_SEED_MAC PAD_PKCS1_OAEP_SHA384 ALG_SHA;no;		0.014000;0;0;0
SIG_CIPHER_KOREAN_SEED_MAC PAD_PKCS1_OAEP_SHA384 ALG_MD5;no;		0.014000;0;0;0
SIG_CIPHER_KOREAN_SEED_MAC PAD_PKCS1_OAEP_SHA384 ALG_RIPEMD160;no;		0.014000;0;0;0
SIG_CIPHER_KOREAN_SEED_MAC PAD_PKCS1_OAEP_SHA384 ALG_SHA_256;no;		0.014000;0;0;0
SIG_CIPHER_KOREAN_SEED_MAC PAD_PKCS1_OAEP_SHA384 ALG_SHA_384;no;		0.014000;0;0;0
SIG_CIPHER_KOREAN_SEED_MAC PAD_PKCS1_OAEP_SHA384 ALG_SHA_512;no;		0.014000;0;0;0
SIG_CIPHER_KOREAN_SEED_MAC PAD_PKCS1_OAEP_SHA384 ALG_SHA_224;no;		0.015000;0;0;0
SIG_CIPHER_KOREAN_SEED_MAC PAD_PKCS1_OAEP_SHA384 ALG_SHA3_224;no;		0.014000;0;0;0
SIG_CIPHER_KOREAN_SEED_MAC PAD_PKCS1_OAEP_SHA384 ALG_SHA3_256;no;		0.014000;0;0;0
SIG_CIPHER_KOREAN_SEED_MAC PAD_PKCS1_OAEP_SHA384 ALG_SHA3_384;no;		0.014000;0;0;0
SIG_CIPHER_KOREAN_SEED_MAC PAD_PKCS1_OAEP_SHA384 ALG_SHA3_512;no;		0.015000;0;0;0
SIG_CIPHER_KOREAN_SEED_MAC PAD_PKCS1_OAEP_SHA512 ALG_NULL;no;		0.014000;0;0;0
SIG_CIPHER_KOREAN_SEED_MAC PAD_PKCS1_OAEP_SHA512 ALG_SHA;no;		0.015000;0;0;0
SIG_CIPHER_KOREAN_SEED_MAC PAD_PKCS1_OAEP_SHA512 ALG_MD5;no;		0.014000;0;0;0
SIG_CIPHER_KOREAN_SEED_MAC PAD_PKCS1_OAEP_SHA512 ALG_RIPEMD160;no;		0.014000;0;0;0
SIG_CIPHER_KOREAN_SEED_MAC PAD_PKCS1_OAEP_SHA512 ALG_SHA_256;no;		0.015000;0;0;0
SIG_CIPHER_KOREAN_SEED_MAC PAD_PKCS1_OAEP_SHA512 ALG_SHA_384;no;		0.015000;0;0;0
SIG_CIPHER_KOREAN_SEED_MAC PAD_PKCS1_OAEP_SHA512 ALG_SHA_512;no;		0.014000;0;0;0
SIG_CIPHER_KOREAN_SEED_MAC PAD_PKCS1_OAEP_SHA512 ALG_SHA_224;no;		0.014000;0;0;0
SIG_CIPHER_KOREAN_SEED_MAC PAD_PKCS1_OAEP_SHA512 ALG_SHA3_224;no;		0.014000;0;0;0
SIG_CIPHER_KOREAN_SEED_MAC PAD_PKCS1_OAEP_SHA512 ALG_SHA3_256;no;		0.015000;0;0;0
SIG_CIPHER_KOREAN_SEED_MAC PAD_PKCS1_OAEP_SHA512 ALG_SHA3_384;no;		0.014000;0;0;0
SIG_CIPHER_KOREAN_SEED_MAC PAD_PKCS1_OAEP_SHA512 ALG_SHA3_512;no;		0.014000;0;0;0
SIG_CIPHER_KOREAN_SEED_MAC PAD_PKCS1_OAEP_SHA3_224 ALG_NULL;no;		0.014000;0;0;0
SIG_CIPHER_KOREAN_SEED_MAC PAD_PKCS1_OAEP_SHA3_224 ALG_SHA;no;		0.015000;0;0;0
SIG_CIPHER_KOREAN_SEED_MAC PAD_PKCS1_OAEP_SHA3_224 ALG_MD5;no;		0.014000;0;0;0
SIG_CIPHER_KOREAN_SEED_MAC PAD_PKCS1_OAEP_SHA3_224 ALG_RIPEMD160;no;		0.014000;0;0;0
SIG_CIPHER_KOREAN_SEED_MAC PAD_PKCS1_OAEP_SHA3_224 ALG_SHA_256;no;		0.014000;0;0;0
SIG_CIPHER_KOREAN_SEED_MAC PAD_PKCS1_OAEP_SHA3_224 ALG_SHA_384;no;		0.014000;0;0;0
SIG_CIPHER_KOREAN_SEED_MAC PAD_PKCS1_OAEP_SHA3_224 ALG_SHA_512;no;		0.014000;0;0;0
SIG_CIPHER_KOREAN_SEED_MAC PAD_PKCS1_OAEP_SHA3_224 ALG_SHA_224;no;		0.014000;0;0;0
SIG_CIPHER_KOREAN_SEED_MAC PAD_PKCS1_OAEP_SHA3_224 ALG_SHA3_224;no;		0.014000;0;0;0
SIG_CIPHER_KOREAN_SEED_MAC PAD_PKCS1_OAEP_SHA3_224 ALG_SHA3_256;no;		0.014000;0;0;0
SIG_CIPHER_KOREAN_SEED_MAC PAD_PKCS1_OAEP_SHA3_224 ALG_SHA3_384;no;		0.015000;0;0;0
SIG_CIPHER_KOREAN_SEED_MAC PAD_PKCS1_OAEP_SHA3_224 ALG_SHA3_512;no;		0.014000;0;0;0
SIG_CIPHER_KOREAN_SEED_MAC PAD_PKCS1_OAEP_SHA3_256 ALG_NULL;no;		0.014000;0;0;0
SIG_CIPHER_KOREAN_SEED_MAC PAD_PKCS1_OAEP_SHA3_256 ALG_SHA;no;		0.014000;0;0;0
SIG_CIPHER_KOREAN_SEED_MAC PAD_PKCS1_OAEP_SHA3_256 ALG_MD5;no;		0.015000;0;0;0
SIG_CIPHER_KOREAN_SEED_MAC PAD_PKCS1_OAEP_SHA3_256 ALG_RIPEMD160;no;		0.015000;0;0;0
SIG_CIPHER_KOREAN_SEED_MAC PAD_PKCS1_OAEP_SHA3_256 ALG_SHA_256;no;		0.014000;0;0;0
SIG_CIPHER_KOREAN_SEED_MAC PAD_PKCS1_OAEP_SHA3_256 ALG_SHA_384;no;		0.015000;0;0;0
SIG_CIPHER_KOREAN_SEED_MAC PAD_PKCS1_OAEP_SHA3_256 ALG_SHA_512;no;		0.015000;0;0;0
SIG_CIPHER_KOREAN_SEED_MAC PAD_PKCS1_OAEP_SHA3_256 ALG_SHA_224;no;		0.014000;0;0;0
SIG_CIPHER_KOREAN_SEED_MAC PAD_PKCS1_OAEP_SHA3_256 ALG_SHA3_224;no;		0.014000;0;0;0
SIG_CIPHER_KOREAN_SEED_MAC PAD_PKCS1_OAEP_SHA3_256 ALG_SHA3_256;no;		0.014000;0;0;0
SIG_CIPHER_KOREAN_SEED_MAC PAD_PKCS1_OAEP_SHA3_256 ALG_SHA3_384;no;		0.014000;0;0;0
SIG_CIPHER_KOREAN_SEED_MAC PAD_PKCS1_OAEP_SHA3_256 ALG_SHA3_512;no;		0.014000;0;0;0
SIG_CIPHER_KOREAN_SEED_MAC PAD_PKCS1_OAEP_SHA3_384 ALG_NULL;no;		0.014000;0;0;0
SIG_CIPHER_KOREAN_SEED_MAC PAD_PKCS1_OAEP_SHA3_384 ALG_SHA;no;		0.014000;0;0;0
SIG_CIPHER_KOREAN_SEED_MAC PAD_PKCS1_OAEP_SHA3_384 ALG_MD5;no;		0.014000;0;0;0
SIG_CIPHER_KOREAN_SEED_MAC PAD_PKCS1_OAEP_SHA3_384 ALG_RIPEMD160;no;		0.014000;0;0;0
SIG_CIPHER_KOREAN_SEED_MAC PAD_PKCS1_OAEP_SHA3_384 ALG_SHA_256;no;		0.014000;0;0;0
SIG_CIPHER_KOREAN_SEED_MAC PAD_PKCS1_OAEP_SHA3_384 ALG_SHA_384;no;		0.015000;0;0;0
SIG_CIPHER_KOREAN_SEED_MAC PAD_PKCS1_OAEP_SHA3_384 ALG_SHA_512;no;		0.015000;0;0;0
SIG_CIPHER_KOREAN_SEED_MAC PAD_PKCS1_OAEP_SHA3_384 ALG_SHA_224;no;		0.014000;0;0;0
SIG_CIPHER_KOREAN_SEED_MAC PAD_PKCS1_OAEP_SHA3_384 ALG_SHA3_224;no;		0.014000;0;0;0
SIG_CIPHER_KOREAN_SEED_MAC PAD_PKCS1_OAEP_SHA3_384 ALG_SHA3_256;no;		0.015000;0;0;0
SIG_CIPHER_KOREAN_SEED_MAC PAD_PKCS1_OAEP_SHA3_384 ALG_SHA3_384;no;		0.015000;0;0;0
SIG_CIPHER_KOREAN_SEED_MAC PAD_PKCS1_OAEP_SHA3_384 ALG_SHA3_512;no;		0.014000;0;0;0
SIG_CIPHER_KOREAN_SEED_MAC PAD_PKCS1_OAEP_SHA3_512 ALG_NULL;no;		0.015000;0;0;0
SIG_CIPHER_KOREAN_SEED_MAC PAD_PKCS1_OAEP_SHA3_512 ALG_SHA;no;		0.014000;0;0;0
SIG_CIPHER_KOREAN_SEED_MAC PAD_PKCS1_OAEP_SHA3_512 ALG_MD5;no;		0.014000;0;0;0
SIG_CIPHER_KOREAN_SEED_MAC PAD_PKCS1_OAEP_SHA3_512 ALG_RIPEMD160;no;		0.014000;0;0;0
SIG_CIPHER_KOREAN_SEED_MAC PAD_PKCS1_OAEP_SHA3_512 ALG_SHA_256;no;		0.014000;0;0;0
SIG_CIPHER_KOREAN_SEED_MAC PAD_PKCS1_OAEP_SHA3_512 ALG_SHA_384;no;		0.014000;0;0;0
SIG_CIPHER_KOREAN_SEED_MAC PAD_PKCS1_OAEP_SHA3_512 ALG_SHA_512;no;		0.014000;0;0;0
SIG_CIPHER_KOREAN_SEED_MAC PAD_PKCS1_OAEP_SHA3_512 ALG_SHA_224;no;		0.013000;0;0;0
SIG_CIPHER_KOREAN_SEED_MAC PAD_PKCS1_OAEP_SHA3_512 ALG_SHA3_224;no;		0.014000;0;0;0
SIG_CIPHER_KOREAN_SEED_MAC PAD_PKCS1_OAEP_SHA3_512 ALG_SHA3_256;no;		0.014000;0;0;0
SIG_CIPHER_KOREAN_SEED_MAC PAD_PKCS1_OAEP_SHA3_512 ALG_SHA3_384;no;		0.014000;0;0;0
SIG_CIPHER_KOREAN_SEED_MAC PAD_PKCS1_OAEP_SHA3_512 ALG_SHA3_512;no;		0.014000;0;0;0
SIG_CIPHER_KOREAN_SEED_MAC PAD_ISO9796_MR_SCHEME_2 ALG_NULL;no;		0.014000;0;0;0
SIG_CIPHER_KOREAN_SEED_MAC PAD_ISO9796_MR_SCHEME_2 ALG_SHA;no;		0.014000;0;0;0
SIG_CIPHER_KOREAN_SEED_MAC PAD_ISO9796_MR_SCHEME_2 ALG_MD5;no;		0.014000;0;0;0
SIG_CIPHER_KOREAN_SEED_MAC PAD_ISO9796_MR_SCHEME_2 ALG_RIPEMD160;no;		0.014000;0;0;0
SIG_CIPHER_KOREAN_SEED_MAC PAD_ISO9796_MR_SCHEME_2 ALG_SHA_256;no;		0.014000;0;0;0
SIG_CIPHER_KOREAN_SEED_MAC PAD_ISO9796_MR_SCHEME_2 ALG_SHA_384;no;		0.014000;0;0;0
SIG_CIPHER_KOREAN_SEED_MAC PAD_ISO9796_MR_SCHEME_2 ALG_SHA_512;no;		0.014000;0;0;0
SIG_CIPHER_KOREAN_SEED_MAC PAD_ISO9796_MR_SCHEME_2 ALG_SHA_224;no;		0.014000;0;0;0
SIG_CIPHER_KOREAN_SEED_MAC PAD_ISO9796_MR_SCHEME_2 ALG_SHA3_224;no;		0.014000;0;0;0
SIG_CIPHER_KOREAN_SEED_MAC PAD_ISO9796_MR_SCHEME_2 ALG_SHA3_256;no;		0.014000;0;0;0
SIG_CIPHER_KOREAN_SEED_MAC PAD_ISO9796_MR_SCHEME_2 ALG_SHA3_384;no;		0.014000;0;0;0
SIG_CIPHER_KOREAN_SEED_MAC PAD_ISO9796_MR_SCHEME_2 ALG_SHA3_512;no;		0.014000;0;0;0
SIG_CIPHER_KOREAN_SEED_MAC PAD_ISO9796_MR_SCHEME_3 ALG_NULL;no;		0.014000;0;0;0
SIG_CIPHER_KOREAN_SEED_MAC PAD_ISO9796_MR_SCHEME_3 ALG_SHA;no;		0.014000;0;0;0
SIG_CIPHER_KOREAN_SEED_MAC PAD_ISO9796_MR_SCHEME_3 ALG_MD5;no;		0.014000;0;0;0
SIG_CIPHER_KOREAN_SEED_MAC PAD_ISO9796_MR_SCHEME_3 ALG_RIPEMD160;no;		0.014000;0;0;0
SIG_CIPHER_KOREAN_SEED_MAC PAD_ISO9796_MR_SCHEME_3 ALG_SHA_256;no;		0.014000;0;0;0
SIG_CIPHER_KOREAN_SEED_MAC PAD_ISO9796_MR_SCHEME_3 ALG_SHA_384;no;		0.015000;0;0;0
SIG_CIPHER_KOREAN_SEED_MAC PAD_ISO9796_MR_SCHEME_3 ALG_SHA_512;no;		0.014000;0;0;0
SIG_CIPHER_KOREAN_SEED_MAC PAD_ISO9796_MR_SCHEME_3 ALG_SHA_224;no;		0.014000;0;0;0
SIG_CIPHER_KOREAN_SEED_MAC PAD_ISO9796_MR_SCHEME_3 ALG_SHA3_224;no;		0.014000;0;0;0
SIG_CIPHER_KOREAN_SEED_MAC PAD_ISO9796_MR_SCHEME_3 ALG_SHA3_256;no;		0.014000;0;0;0
SIG_CIPHER_KOREAN_SEED_MAC PAD_ISO9796_MR_SCHEME_3 ALG_SHA3_384;no;		0.014000;0;0;0
SIG_CIPHER_KOREAN_SEED_MAC PAD_ISO9796_MR_SCHEME_3 ALG_SHA3_512;no;		0.014000;0;0;0
SIG_CIPHER_ECDSA_PLAIN PAD_NULL ALG_NULL;no;		0.014000;0;0;0
SIG_CIPHER_ECDSA_PLAIN PAD_NULL ALG_SHA;no;		0.015000;0;0;0
SIG_CIPHER_ECDSA_PLAIN PAD_NULL ALG_MD5;no;		0.014000;0;0;0
SIG_CIPHER_ECDSA_PLAIN PAD_NULL ALG_RIPEMD160;no;		0.014000;0;0;0
SIG_CIPHER_ECDSA_PLAIN PAD_NULL ALG_SHA_256;no;		0.014000;0;0;0
SIG_CIPHER_ECDSA_PLAIN PAD_NULL ALG_SHA_384;no;		0.014000;0;0;0
SIG_CIPHER_ECDSA_PLAIN PAD_NULL ALG_SHA_512;no;		0.014000;0;0;0
SIG_CIPHER_ECDSA_PLAIN PAD_NULL ALG_SHA_224;no;		0.015000;0;0;0
SIG_CIPHER_ECDSA_PLAIN PAD_NULL ALG_SHA3_224;no;		0.014000;0;0;0
SIG_CIPHER_ECDSA_PLAIN PAD_NULL ALG_SHA3_256;no;		0.014000;0;0;0
SIG_CIPHER_ECDSA_PLAIN PAD_NULL ALG_SHA3_384;no;		0.014000;0;0;0
SIG_CIPHER_ECDSA_PLAIN PAD_NULL ALG_SHA3_512;no;		0.013000;0;0;0
SIG_CIPHER_ECDSA_PLAIN PAD_NOPAD ALG_NULL;no;		0.014000;0;0;0
SIG_CIPHER_ECDSA_PLAIN PAD_NOPAD ALG_SHA;no;		0.014000;0;0;0
SIG_CIPHER_ECDSA_PLAIN PAD_NOPAD ALG_MD5;no;		0.014000;0;0;0
SIG_CIPHER_ECDSA_PLAIN PAD_NOPAD ALG_RIPEMD160;no;		0.014000;0;0;0
SIG_CIPHER_ECDSA_PLAIN PAD_NOPAD ALG_SHA_256;no;		0.014000;0;0;0
SIG_CIPHER_ECDSA_PLAIN PAD_NOPAD ALG_SHA_384;no;		0.013000;0;0;0
SIG_CIPHER_ECDSA_PLAIN PAD_NOPAD ALG_SHA_512;no;		0.014000;0;0;0
SIG_CIPHER_ECDSA_PLAIN PAD_NOPAD ALG_SHA_224;no;		0.013000;0;0;0
SIG_CIPHER_ECDSA_PLAIN PAD_NOPAD ALG_SHA3_224;no;		0.014000;0;0;0
SIG_CIPHER_ECDSA_PLAIN PAD_NOPAD ALG_SHA3_256;no;		0.014000;0;0;0
SIG_CIPHER_ECDSA_PLAIN PAD_NOPAD ALG_SHA3_384;no;		0.014000;0;0;0
SIG_CIPHER_ECDSA_PLAIN PAD_NOPAD ALG_SHA3_512;no;		0.014000;0;0;0
SIG_CIPHER_ECDSA_PLAIN PAD_ISO9797_M1 ALG_NULL;no;		0.014000;0;0;0
SIG_CIPHER_ECDSA_PLAIN PAD_ISO9797_M1 ALG_SHA;no;		0.014000;0;0;0
SIG_CIPHER_ECDSA_PLAIN PAD_ISO9797_M1 ALG_MD5;no;		0.014000;0;0;0
SIG_CIPHER_ECDSA_PLAIN PAD_ISO9797_M1 ALG_RIPEMD160;no;		0.014000;0;0;0
SIG_CIPHER_ECDSA_PLAIN PAD_ISO9797_M1 ALG_SHA_256;no;		0.014000;0;0;0
SIG_CIPHER_ECDSA_PLAIN PAD_ISO9797_M1 ALG_SHA_384;no;		0.014000;0;0;0
SIG_CIPHER_ECDSA_PLAIN PAD_ISO9797_M1 ALG_SHA_512;no;		0.014000;0;0;0
SIG_CIPHER_ECDSA_PLAIN PAD_ISO9797_M1 ALG_SHA_224;no;		0.015000;0;0;0
SIG_CIPHER_ECDSA_PLAIN PAD_ISO9797_M1 ALG_SHA3_224;no;		0.014000;0;0;0
SIG_CIPHER_ECDSA_PLAIN PAD_ISO9797_M1 ALG_SHA3_256;no;		0.014000;0;0;0
SIG_CIPHER_ECDSA_PLAIN PAD_ISO9797_M1 ALG_SHA3_384;no;		0.014000;0;0;0
SIG_CIPHER_ECDSA_PLAIN PAD_ISO9797_M1 ALG_SHA3_512;no;		0.014000;0;0;0
SIG_CIPHER_ECDSA_PLAIN PAD_ISO9797_M2 ALG_NULL;no;		0.014000;0;0;0
SIG_CIPHER_ECDSA_PLAIN PAD_ISO9797_M2 ALG_SHA;no;		0.014000;0;0;0
SIG_CIPHER_ECDSA_PLAIN PAD_ISO9797_M2 ALG_MD5;no;		0.014000;0;0;0
SIG_CIPHER_ECDSA_PLAIN PAD_ISO9797_M2 ALG_RIPEMD160;no;		0.014000;0;0;0
SIG_CIPHER_ECDSA_PLAIN PAD_ISO9797_M2 ALG_SHA_256;no;		0.014000;0;0;0
SIG_CIPHER_ECDSA_PLAIN PAD_ISO9797_M2 ALG_SHA_384;no;		0.014000;0;0;0
SIG_CIPHER_ECDSA_PLAIN PAD_ISO9797_M2 ALG_SHA_512;no;		0.014000;0;0;0
SIG_CIPHER_ECDSA_PLAIN PAD_ISO9797_M2 ALG_SHA_224;no;		0.014000;0;0;0
SIG_CIPHER_ECDSA_PLAIN PAD_ISO9797_M2 ALG_SHA3_224;no;		0.014000;0;0;0
SIG_CIPHER_ECDSA_PLAIN PAD_ISO9797_M2 ALG_SHA3_256;no;		0.014000;0;0;0
SIG_CIPHER_ECDSA_PLAIN PAD_ISO9797_M2 ALG_SHA3_384;no;		0.014000;0;0;0
SIG_CIPHER_ECDSA_PLAIN PAD_ISO9797_M2 ALG_SHA3_512;no;		0.014000;0;0;0
SIG_CIPHER_ECDSA_PLAIN PAD_ISO9797_1_M1_ALG3 ALG_NULL;no;		0.014000;0;0;0
SIG_CIPHER_ECDSA_PLAIN PAD_ISO9797_1_M1_ALG3 ALG_SHA;no;		0.015000;0;0;0
SIG_CIPHER_ECDSA_PLAIN PAD_ISO9797_1_M1_ALG3 ALG_MD5;no;		0.014000;0;0;0
SIG_CIPHER_ECDSA_PLAIN PAD_ISO9797_1_M1_ALG3 ALG_RIPEMD160;no;		0.014000;0;0;0
SIG_CIPHER_ECDSA_PLAIN PAD_ISO9797_1_M1_ALG3 ALG_SHA_256;no;		0.014000;0;0;0
SIG_CIPHER_ECDSA_PLAIN PAD_ISO9797_1_M1_ALG3 ALG_SHA_384;no;		0.014000;0;0;0
SIG_CIPHER_ECDSA_PLAIN PAD_ISO9797_1_M1_ALG3 ALG_SHA_512;no;		0.014000;0;0;0
SIG_CIPHER_ECDSA_PLAIN PAD_ISO9797_1_M1_ALG3 ALG_SHA_224;no;		0.014000;0;0;0
SIG_CIPHER_ECDSA_PLAIN PAD_ISO9797_1_M1_ALG3 ALG_SHA3_224;no;		0.014000;0;0;0
SIG_CIPHER_ECDSA_PLAIN PAD_ISO9797_1_M1_ALG3 ALG_SHA3_256;no;		0.014000;0;0;0
SIG_CIPHER_ECDSA_PLAIN PAD_ISO9797_1_M1_ALG3 ALG_SHA3_384;no;		0.014000;0;0;0
SIG_CIPHER_ECDSA_PLAIN PAD_ISO9797_1_M1_ALG3 ALG_SHA3_512;no;		0.014000;0;0;0
SIG_CIPHER_ECDSA_PLAIN PAD_ISO9797_1_M2_ALG3 ALG_NULL;no;		0.014000;0;0;0
SIG_CIPHER_ECDSA_PLAIN PAD_ISO9797_1_M2_ALG3 ALG_SHA;no;		0.014000;0;0;0
SIG_CIPHER_ECDSA_PLAIN PAD_ISO9797_1_M2_ALG3 ALG_MD5;no;		0.014000;0;0;0
SIG_CIPHER_ECDSA_PLAIN PAD_ISO9797_1_M2_ALG3 ALG_RIPEMD160;no;		0.014000;0;0;0
SIG_CIPHER_ECDSA_PLAIN PAD_ISO9797_1_M2_ALG3 ALG_SHA_256;no;		0.014000;0;0;0
SIG_CIPHER_ECDSA_PLAIN PAD_ISO9797_1_M2_ALG3 ALG_SHA_384;no;		0.014000;0;0;0
SIG_CIPHER_ECDSA_PLAIN PAD_ISO9797_1_M2_ALG3 ALG_SHA_512;no;		0.014000;0;0;0
SIG_CIPHER_ECDSA_PLAIN PAD_ISO9797_1_M2_ALG3 ALG_SHA_224;no;		0.014000;0;0;0
SIG_CIPHER_ECDSA_PLAIN PAD_ISO9797_1_M2_ALG3 ALG_SHA3_224;no;		0.014000;0;0;0
SIG_CIPHER_ECDSA_PLAIN PAD_ISO9797_1_M2_ALG3 ALG_SHA3_256;no;		0.014000;0;0;0
SIG_CIPHER_ECDSA_PLAIN PAD_ISO9797_1_M2_ALG3 ALG_SHA3_384;no;		0.014000;0;0;0
SIG_CIPHER_ECDSA_PLAIN PAD_ISO9797_1_M2_ALG3 ALG_SHA3_512;no;		0.014000;0;0;0
SIG_CIPHER_ECDSA_PLAIN PAD_PKCS5 ALG_NULL;no;		0.015000;0;0;0
SIG_CIPHER_ECDSA_PLAIN PAD_PKCS5 ALG_SHA;no;		0.014000;0;0;0
SIG_CIPHER_ECDSA_PLAIN PAD_PKCS5 ALG_MD5;no;		0.014000;0;0;0
SIG_CIPHER_ECDSA_PLAIN PAD_PKCS5 ALG_RIPEMD160;no;		0.015000;0;0;0
SIG_CIPHER_ECDSA_PLAIN PAD_PKCS5 ALG_SHA_256;no;		0.014000;0;0;0
SIG_CIPHER_ECDSA_PLAIN PAD_PKCS5 ALG_SHA_384;no;		0.014000;0;0;0
SIG_CIPHER_ECDSA_PLAIN PAD_PKCS5 ALG_SHA_512;no;		0.014000;0;0;0
SIG_CIPHER_ECDSA_PLAIN PAD_PKCS5 ALG_SHA_224;no;		0.014000;0;0;0
SIG_CIPHER_ECDSA_PLAIN PAD_PKCS5 ALG_SHA3_224;no;		0.014000;0;0;0
SIG_CIPHER_ECDSA_PLAIN PAD_PKCS5 ALG_SHA3_256;no;		0.014000;0;0;0
SIG_CIPHER_ECDSA_PLAIN PAD_PKCS5 ALG_SHA3_384;no;		0.015000;0;0;0
SIG_CIPHER_ECDSA_PLAIN PAD_PKCS5 ALG_SHA3_512;no;		0.014000;0;0;0
SIG_CIPHER_ECDSA_PLAIN PAD_PKCS1 ALG_NULL;no;		0.014000;0;0;0
SIG_CIPHER_ECDSA_PLAIN PAD_PKCS1 ALG_SHA;no;		0.015000;0;0;0
SIG_CIPHER_ECDSA_PLAIN PAD_PKCS1 ALG_MD5;no;		0.014000;0;0;0
SIG_CIPHER_ECDSA_PLAIN PAD_PKCS1 ALG_RIPEMD160;no;		0.014000;0;0;0
SIG_CIPHER_ECDSA_PLAIN PAD_PKCS1 ALG_SHA_256;no;		0.014000;0;0;0
SIG_CIPHER_ECDSA_PLAIN PAD_PKCS1 ALG_SHA_384;no;		0.014000;0;0;0
SIG_CIPHER_ECDSA_PLAIN PAD_PKCS1 ALG_SHA_512;no;		0.014000;0;0;0
SIG_CIPHER_ECDSA_PLAIN PAD_PKCS1 ALG_SHA_224;no;		0.014000;0;0;0
SIG_CIPHER_ECDSA_PLAIN PAD_PKCS1 ALG_SHA3_224;no;		0.014000;0;0;0
SIG_CIPHER_ECDSA_PLAIN PAD_PKCS1 ALG_SHA3_256;no;		0.015000;0;0;0
SIG_CIPHER_ECDSA_PLAIN PAD_PKCS1 ALG_SHA3_384;no;		0.015000;0;0;0
SIG_CIPHER_ECDSA_PLAIN PAD_PKCS1 ALG_SHA3_512;no;		0.014000;0;0;0
SIG_CIPHER_ECDSA_PLAIN PAD_PKCS1_PSS ALG_NULL;no;		0.014000;0;0;0
SIG_CIPHER_ECDSA_PLAIN PAD_PKCS1_PSS ALG_SHA;no;		0.014000;0;0;0
SIG_CIPHER_ECDSA_PLAIN PAD_PKCS1_PSS ALG_MD5;no;		0.014000;0;0;0
SIG_CIPHER_ECDSA_PLAIN PAD_PKCS1_PSS ALG_RIPEMD160;no;		0.015000;0;0;0
SIG_CIPHER_ECDSA_PLAIN PAD_PKCS1_PSS ALG_SHA_256;no;		0.014000;0;0;0
SIG_CIPHER_ECDSA_PLAIN PAD_PKCS1_PSS ALG_SHA_384;no;		0.015000;0;0;0
SIG_CIPHER_ECDSA_PLAIN PAD_PKCS1_PSS ALG_SHA_512;no;		0.014000;0;0;0
SIG_CIPHER_ECDSA_PLAIN PAD_PKCS1_PSS ALG_SHA_224;no;		0.015000;0;0;0
SIG_CIPHER_ECDSA_PLAIN PAD_PKCS1_PSS ALG_SHA3_224;no;		0.014000;0;0;0
SIG_CIPHER_ECDSA_PLAIN PAD_PKCS1_PSS ALG_SHA3_256;no;		0.014000;0;0;0
SIG_CIPHER_ECDSA_PLAIN PAD_PKCS1_PSS ALG_SHA3_384;no;		0.014000;0;0;0
SIG_CIPHER_ECDSA_PLAIN PAD_PKCS1_PSS ALG_SHA3_512;no;		0.014000;0;0;0
SIG_CIPHER_ECDSA_PLAIN PAD_PKCS1_OAEP ALG_NULL;no;		0.014000;0;0;0
SIG_CIPHER_ECDSA_PLAIN PAD_PKCS1_OAEP ALG_SHA;no;		0.015000;0;0;0
SIG_CIPHER_ECDSA_PLAIN PAD_PKCS1_OAEP ALG_MD5;no;		0.015000;0;0;0
SIG_CIPHER_ECDSA_PLAIN PAD_PKCS1_OAEP ALG_RIPEMD160;no;		0.014000;0;0;0
SIG_CIPHER_ECDSA_PLAIN PAD_PKCS1_OAEP ALG_SHA_256;no;		0.014000;0;0;0
SIG_CIPHER_ECDSA_PLAIN PAD_PKCS1_OAEP ALG_SHA_384;no;		0.014000;0;0;0
SIG_CIPHER_ECDSA_PLAIN PAD_PKCS1_OAEP ALG_SHA_512;no;		0.014000;0;0;0
SIG_CIPHER_ECDSA_PLAIN PAD_PKCS1_OAEP ALG_SHA_224;no;		0.015000;0;0;0
SIG_CIPHER_ECDSA_PLAIN PAD_PKCS1_OAEP ALG_SHA3_224;no;		0.014000;0;0;0
SIG_CIPHER_ECDSA_PLAIN PAD_PKCS1_OAEP ALG_SHA3_256;no;		0.014000;0;0;0
SIG_CIPHER_ECDSA_PLAIN PAD_PKCS1_OAEP ALG_SHA3_384;no;		0.014000;0;0;0
SIG_CIPHER_ECDSA_PLAIN PAD_PKCS1_OAEP ALG_SHA3_512;no;		0.015000;0;0;0
SIG_CIPHER_ECDSA_PLAIN PAD_ISO9796 ALG_NULL;no;		0.014000;0;0;0
SIG_CIPHER_ECDSA_PLAIN PAD_ISO9796 ALG_SHA;no;		0.014000;0;0;0
SIG_CIPHER_ECDSA_PLAIN PAD_ISO9796 ALG_MD5;no;		0.014000;0;0;0
SIG_CIPHER_ECDSA_PLAIN PAD_ISO9796 ALG_RIPEMD160;no;		0.014000;0;0;0
SIG_CIPHER_ECDSA_PLAIN PAD_ISO9796 ALG_SHA_256;no;		0.014000;0;0;0
SIG_CIPHER_ECDSA_PLAIN PAD_ISO9796 ALG_SHA_384;no;		0.015000;0;0;0
SIG_CIPHER_ECDSA_PLAIN PAD_ISO9796 ALG_SHA_512;no;		0.014000;0;0;0
SIG_CIPHER_ECDSA_PLAIN PAD_ISO9796 ALG_SHA_224;no;		0.014000;0;0;0
SIG_CIPHER_ECDSA_PLAIN PAD_ISO9796 ALG_SHA3_224;no;		0.014000;0;0;0
SIG_CIPHER_ECDSA_PLAIN PAD_ISO9796 ALG_SHA3_256;no;		0.014000;0;0;0
SIG_CIPHER_ECDSA_PLAIN PAD_ISO9796 ALG_SHA3_384;no;		0.014000;0;0;0
SIG_CIPHER_ECDSA_PLAIN PAD_ISO9796 ALG_SHA3_512;no;		0.015000;0;0;0
SIG_CIPHER_ECDSA_PLAIN PAD_ISO9796_MR ALG_NULL;no;		0.014000;0;0;0
SIG_CIPHER_ECDSA_PLAIN PAD_ISO9796_MR ALG_SHA;no;		0.014000;0;0;0
SIG_CIPHER_ECDSA_PLAIN PAD_ISO9796_MR ALG_MD5;no;		0.014000;0;0;0
SIG_CIPHER_ECDSA_PLAIN PAD_ISO9796_MR ALG_RIPEMD160;no;		0.014000;0;0;0
SIG_CIPHER_ECDSA_PLAIN PAD_ISO9796_MR ALG_SHA_256;no;		0.014000;0;0;0
SIG_CIPHER_ECDSA_PLAIN PAD_ISO9796_MR ALG_SHA_384;no;		0.014000;0;0;0
SIG_CIPHER_ECDSA_PLAIN PAD_ISO9796_MR ALG_SHA_512;no;		0.014000;0;0;0
SIG_CIPHER_ECDSA_PLAIN PAD_ISO9796_MR ALG_SHA_224;no;		0.014000;0;0;0
SIG_CIPHER_ECDSA_PLAIN PAD_ISO9796_MR ALG_SHA3_224;no;		0.014000;0;0;0
SIG_CIPHER_ECDSA_PLAIN PAD_ISO9796_MR ALG_SHA3_256;no;		0.014000;0;0;0
SIG_CIPHER_ECDSA_PLAIN PAD_ISO9796_MR ALG_SHA3_384;no;		0.014000;0;0;0
SIG_CIPHER_ECDSA_PLAIN PAD_ISO9796_MR ALG_SHA3_512;no;		0.014000;0;0;0
SIG_CIPHER_ECDSA_PLAIN PAD_RFC2409 ALG_NULL;no;		0.014000;0;0;0
SIG_CIPHER_ECDSA_PLAIN PAD_RFC2409 ALG_SHA;no;		0.014000;0;0;0
SIG_CIPHER_ECDSA_PLAIN PAD_RFC2409 ALG_MD5;no;		0.014000;0;0;0
SIG_CIPHER_ECDSA_PLAIN PAD_RFC2409 ALG_RIPEMD160;no;		0.014000;0;0;0
SIG_CIPHER_ECDSA_PLAIN PAD_RFC2409 ALG_SHA_256;no;		0.015000;0;0;0
SIG_CIPHER_ECDSA_PLAIN PAD_RFC2409 ALG_SHA_384;no;		0.014000;0;0;0
SIG_CIPHER_ECDSA_PLAIN PAD_RFC2409 ALG_SHA_512;no;		0.014000;0;0;0
SIG_CIPHER_ECDSA_PLAIN PAD_RFC2409 ALG_SHA_224;no;		0.015000;0;0;0
SIG_CIPHER_ECDSA_PLAIN PAD_RFC2409 ALG_SHA3_224;no;		0.014000;0;0;0
SIG_CIPHER_ECDSA_PLAIN PAD_RFC2409 ALG_SHA3_256;no;		0.014000;0;0;0
SIG_CIPHER_ECDSA_PLAIN PAD_RFC2409 ALG_SHA3_384;no;		0.015000;0;0;0
SIG_CIPHER_ECDSA_PLAIN PAD_RFC2409 ALG_SHA3_512;no;		0.014000;0;0;0
SIG_CIPHER_ECDSA_PLAIN PAD_PKCS1_OAEP_SHA224 ALG_NULL;no;		0.015000;0;0;0
SIG_CIPHER_ECDSA_PLAIN PAD_PKCS1_OAEP_SHA224 ALG_SHA;no;		0.014000;0;0;0
SIG_CIPHER_ECDSA_PLAIN PAD_PKCS1_OAEP_SHA224 ALG_MD5;no;		0.014000;0;0;0
SIG_CIPHER_ECDSA_PLAIN PAD_PKCS1_OAEP_SHA224 ALG_RIPEMD160;no;		0.015000;0;0;0
SIG_CIPHER_ECDSA_PLAIN PAD_PKCS1_OAEP_SHA224 ALG_SHA_256;no;		0.014000;0;0;0
SIG_CIPHER_ECDSA_PLAIN PAD_PKCS1_OAEP_SHA224 ALG_SHA_384;no;		0.014000;0;0;0
SIG_CIPHER_ECDSA_PLAIN PAD_PKCS1_OAEP_SHA224 ALG_SHA_512;no;		0.014000;0;0;0
SIG_CIPHER_ECDSA_PLAIN PAD_PKCS1_OAEP_SHA224 ALG_SHA_224;no;		0.014000;0;0;0
SIG_CIPHER_ECDSA_PLAIN PAD_PKCS1_OAEP_SHA224 ALG_SHA3_224;no;		0.014000;0;0;0
SIG_CIPHER_ECDSA_PLAIN PAD_PKCS1_OAEP_SHA224 ALG_SHA3_256;no;		0.014000;0;0;0
SIG_CIPHER_ECDSA_PLAIN PAD_PKCS1_OAEP_SHA224 ALG_SHA3_384;no;		0.015000;0;0;0
SIG_CIPHER_ECDSA_PLAIN PAD_PKCS1_OAEP_SHA224 ALG_SHA3_512;no;		0.014000;0;0;0
SIG_CIPHER_ECDSA_PLAIN PAD_PKCS1_OAEP_SHA256 ALG_NULL;no;		0.014000;0;0;0
SIG_CIPHER_ECDSA_PLAIN PAD_PKCS1_OAEP_SHA256 ALG_SHA;no;		0.015000;0;0;0
SIG_CIPHER_ECDSA_PLAIN PAD_PKCS1_OAEP_SHA256 ALG_MD5;no;		0.014000;0;0;0
SIG_CIPHER_ECDSA_PLAIN PAD_PKCS1_OAEP_SHA256 ALG_RIPEMD160;no;		0.014000;0;0;0
SIG_CIPHER_ECDSA_PLAIN PAD_PKCS1_OAEP_SHA256 ALG_SHA_256;no;		0.015000;0;0;0
SIG_CIPHER_ECDSA_PLAIN PAD_PKCS1_OAEP_SHA256 ALG_SHA_384;no;		0.014000;0;0;0
SIG_CIPHER_ECDSA_PLAIN PAD_PKCS1_OAEP_SHA256 ALG_SHA_512;no;		0.014000;0;0;0
SIG_CIPHER_ECDSA_PLAIN PAD_PKCS1_OAEP_SHA256 ALG_SHA_224;no;		0.014000;0;0;0
SIG_CIPHER_ECDSA_PLAIN PAD_PKCS1_OAEP_SHA256 ALG_SHA3_224;no;		0.014000;0;0;0
SIG_CIPHER_ECDSA_PLAIN PAD_PKCS1_OAEP_SHA256 ALG_SHA3_256;no;		0.015000;0;0;0
SIG_CIPHER_ECDSA_PLAIN PAD_PKCS1_OAEP_SHA256 ALG_SHA3_384;no;		0.015000;0;0;0
SIG_CIPHER_ECDSA_PLAIN PAD_PKCS1_OAEP_SHA256 ALG_SHA3_512;no;		0.014000;0;0;0
SIG_CIPHER_ECDSA_PLAIN PAD_PKCS1_OAEP_SHA384 ALG_NULL;no;		0.014000;0;0;0
SIG_CIPHER_ECDSA_PLAIN PAD_PKCS1_OAEP_SHA384 ALG_SHA;no;		0.014000;0;0;0
SIG_CIPHER_ECDSA_PLAIN PAD_PKCS1_OAEP_SHA384 ALG_MD5;no;		0.014000;0;0;0
SIG_CIPHER_ECDSA_PLAIN PAD_PKCS1_OAEP_SHA384 ALG_RIPEMD160;no;		0.014000;0;0;0
SIG_CIPHER_ECDSA_PLAIN PAD_PKCS1_OAEP_SHA384 ALG_SHA_256;no;		0.015000;0;0;0
SIG_CIPHER_ECDSA_PLAIN PAD_PKCS1_OAEP_SHA384 ALG_SHA_384;no;		0.015000;0;0;0
SIG_CIPHER_ECDSA_PLAIN PAD_PKCS1_OAEP_SHA384 ALG_SHA_512;no;		0.014000;0;0;0
SIG_CIPHER_ECDSA_PLAIN PAD_PKCS1_OAEP_SHA384 ALG_SHA_224;no;		0.014000;0;0;0
SIG_CIPHER_ECDSA_PLAIN PAD_PKCS1_OAEP_SHA384 ALG_SHA3_224;no;		0.015000;0;0;0
SIG_CIPHER_ECDSA_PLAIN PAD_PKCS1_OAEP_SHA384 ALG_SHA3_256;no;		0.014000;0;0;0
SIG_CIPHER_ECDSA_PLAIN PAD_PKCS1_OAEP_SHA384 ALG_SHA3_384;no;		0.014000;0;0;0
SIG_CIPHER_ECDSA_PLAIN PAD_PKCS1_OAEP_SHA384 ALG_SHA3_512;no;		0.015000;0;0;0
SIG_CIPHER_ECDSA_PLAIN PAD_PKCS1_OAEP_SHA512 ALG_NULL;no;		0.014000;0;0;0
SIG_CIPHER_ECDSA_PLAIN PAD_PKCS1_OAEP_SHA512 ALG_SHA;no;		0.014000;0;0;0
SIG_CIPHER_ECDSA_PLAIN PAD_PKCS1_OAEP_SHA512 ALG_MD5;no;		0.014000;0;0;0
SIG_CIPHER_ECDSA_PLAIN PAD_PKCS1_OAEP_SHA512 ALG_RIPEMD160;no;		0.015000;0;0;0
SIG_CIPHER_ECDSA_PLAIN PAD_PKCS1_OAEP_SHA512 ALG_SHA_256;no;		0.014000;0;0;0
SIG_CIPHER_ECDSA_PLAIN PAD_PKCS1_OAEP_SHA512 ALG_SHA_384;no;		0.014000;0;0;0
SIG_CIPHER_ECDSA_PLAIN PAD_PKCS1_OAEP_SHA512 ALG_SHA_512;no;		0.015000;0;0;0
SIG_CIPHER_ECDSA_PLAIN PAD_PKCS1_OAEP_SHA512 ALG_SHA_224;no;		0.014000;0;0;0
SIG_CIPHER_ECDSA_PLAIN PAD_PKCS1_OAEP_SHA512 ALG_SHA3_224;no;		0.014000;0;0;0
SIG_CIPHER_ECDSA_PLAIN PAD_PKCS1_OAEP_SHA512 ALG_SHA3_256;no;		0.014000;0;0;0
SIG_CIPHER_ECDSA_PLAIN PAD_PKCS1_OAEP_SHA512 ALG_SHA3_384;no;		0.014000;0;0;0
SIG_CIPHER_ECDSA_PLAIN PAD_PKCS1_OAEP_SHA512 ALG_SHA3_512;no;		0.014000;0;0;0
SIG_CIPHER_ECDSA_PLAIN PAD_PKCS1_OAEP_SHA3_224 ALG_NULL;no;		0.014000;0;0;0
SIG_CIPHER_ECDSA_PLAIN PAD_PKCS1_OAEP_SHA3_224 ALG_SHA;no;		0.014000;0;0;0
SIG_CIPHER_ECDSA_PLAIN PAD_PKCS1_OAEP_SHA3_224 ALG_MD5;no;		0.015000;0;0;0
SIG_CIPHER_ECDSA_PLAIN PAD_PKCS1_OAEP_SHA3_224 ALG_RIPEMD160;no;		0.014000;0;0;0
SIG_CIPHER_ECDSA_PLAIN PAD_PKCS1_OAEP_SHA3_224 ALG_SHA_256;no;		0.015000;0;0;0
SIG_CIPHER_ECDSA_PLAIN PAD_PKCS1_OAEP_SHA3_224 ALG_SHA_384;no;		0.014000;0;0;0
SIG_CIPHER_ECDSA_PLAIN PAD_PKCS1_OAEP_SHA3_224 ALG_SHA_512;no;		0.014000;0;0;0
SIG_CIPHER_ECDSA_PLAIN PAD_PKCS1_OAEP_SHA3_224 ALG_SHA_224;no;		0.014000;0;0;0
SIG_CIPHER_ECDSA_PLAIN PAD_PKCS1_OAEP_SHA3_224 ALG_SHA3_224;no;		0.015000;0;0;0
SIG_CIPHER_ECDSA_PLAIN PAD_PKCS1_OAEP_SHA3_224 ALG_SHA3_256;no;		0.014000;0;0;0
SIG_CIPHER_ECDSA_PLAIN PAD_PKCS1_OAEP_SHA3_224 ALG_SHA3_384;no;		0.014000;0;0;0
SIG_CIPHER_ECDSA_PLAIN PAD_PKCS1_OAEP_SHA3_224 ALG_SHA3_512;no;		0.014000;0;0;0
SIG_CIPHER_ECDSA_PLAIN PAD_PKCS1_OAEP_SHA3_256 ALG_NULL;no;		0.014000;0;0;0
SIG_CIPHER_ECDSA_PLAIN PAD_PKCS1_OAEP_SHA3_256 ALG_SHA;no;		0.014000;0;0;0
SIG_CIPHER_ECDSA_PLAIN PAD_PKCS1_OAEP_SHA3_256 ALG_MD5;no;		0.014000;0;0;0
SIG_CIPHER_ECDSA_PLAIN PAD_PKCS1_OAEP_SHA3_256 ALG_RIPEMD160;no;		0.014000;0;0;0
SIG_CIPHER_ECDSA_PLAIN PAD_PKCS1_OAEP_SHA3_256 ALG_SHA_256;no;		0.014000;0;0;0
SIG_CIPHER_ECDSA_PLAIN PAD_PKCS1_OAEP_SHA3_256 ALG_SHA_384;no;		0.014000;0;0;0
SIG_CIPHER_ECDSA_PLAIN PAD_PKCS1_OAEP_SHA3_256 ALG_SHA_512;no;		0.014000;0;0;0
SIG_CIPHER_ECDSA_PLAIN PAD_PKCS1_OAEP_SHA3_256 ALG_SHA_224;no;		0.014000;0;0;0
SIG_CIPHER_ECDSA_PLAIN PAD_PKCS1_OAEP_SHA3_256 ALG_SHA3_224;no;		0.014000;0;0;0
SIG_CIPHER_ECDSA_PLAIN PAD_PKCS1_OAEP_SHA3_256 ALG_SHA3_256;no;		0.014000;0;0;0
SIG_CIPHER_ECDSA_PLAIN PAD_PKCS1_OAEP_SHA3_256 ALG_SHA3_384;no;		0.014000;0;0;0
SIG_CIPHER_ECDSA_PLAIN PAD_PKCS1_OAEP_SHA3_256 ALG_SHA3_512;no;		0.014000;0;0;0
SIG_CIPHER_ECDSA_PLAIN PAD_PKCS1_OAEP_SHA3_384 ALG_NULL;no;		0.014000;0;0;0
SIG_CIPHER_ECDSA_PLAIN PAD_PKCS1_OAEP_SHA3_384 ALG_SHA;no;		0.014000;0;0;0
SIG_CIPHER_ECDSA_PLAIN PAD_PKCS1_OAEP_SHA3_384 ALG_MD5;no;		0.015000;0;0;0
SIG_CIPHER_ECDSA_PLAIN PAD_PKCS1_OAEP_SHA3_384 ALG_RIPEMD160;no;		0.014000;0;0;0
SIG_CIPHER_ECDSA_PLAIN PAD_PKCS1_OAEP_SHA3_384 ALG_SHA_256;no;		0.014000;0;0;0
SIG_CIPHER_ECDSA_PLAIN PAD_PKCS1_OAEP_SHA3_384 ALG_SHA_384;no;		0.015000;0;0;0
SIG_CIPHER_ECDSA_PLAIN PAD_PKCS1_OAEP_SHA3_384 ALG_SHA_512;no;		0.014000;0;0;0
SIG_CIPHER_ECDSA_PLAIN PAD_PKCS1_OAEP_SHA3_384 ALG_SHA_224;no;		0.014000;0;0;0
SIG_CIPHER_ECDSA_PLAIN PAD_PKCS1_OAEP_SHA3_384 ALG_SHA3_224;no;		0.014000;0;0;0
SIG_CIPHER_ECDSA_PLAIN PAD_PKCS1_OAEP_SHA3_384 ALG_SHA3_256;no;		0.015000;0;0;0
SIG_CIPHER_ECDSA_PLAIN PAD_PKCS1_OAEP_SHA3_384 ALG_SHA3_384;no;		0.014000;0;0;0
SIG_CIPHER_ECDSA_PLAIN PAD_PKCS1_OAEP_SHA3_384 ALG_SHA3_512;no;		0.015000;0;0;0
SIG_CIPHER_ECDSA_PLAIN PAD_PKCS1_OAEP_SHA3_512 ALG_NULL;no;		0.014000;0;0;0
SIG_CIPHER_ECDSA_PLAIN PAD_PKCS1_OAEP_SHA3_512 ALG_SHA;no;		0.015000;0;0;0
SIG_CIPHER_ECDSA_PLAIN PAD_PKCS1_OAEP_SHA3_512 ALG_MD5;no;		0.014000;0;0;0
SIG_CIPHER_ECDSA_PLAIN PAD_PKCS1_OAEP_SHA3_512 ALG_RIPEMD160;no;		0.014000;0;0;0
SIG_CIPHER_ECDSA_PLAIN PAD_PKCS1_OAEP_SHA3_512 ALG_SHA_256;no;		0.015000;0;0;0
SIG_CIPHER_ECDSA_PLAIN PAD_PKCS1_OAEP_SHA3_512 ALG_SHA_384;no;		0.014000;0;0;0
SIG_CIPHER_ECDSA_PLAIN PAD_PKCS1_OAEP_SHA3_512 ALG_SHA_512;no;		0.014000;0;0;0
SIG_CIPHER_ECDSA_PLAIN PAD_PKCS1_OAEP_SHA3_512 ALG_SHA_224;no;		0.014000;0;0;0
SIG_CIPHER_ECDSA_PLAIN PAD_PKCS1_OAEP_SHA3_512 ALG_SHA3_224;no;		0.014000;0;0;0
SIG_CIPHER_ECDSA_PLAIN PAD_PKCS1_OAEP_SHA3_512 ALG_SHA3_256;no;		0.014000;0;0;0
SIG_CIPHER_ECDSA_PLAIN PAD_PKCS1_OAEP_SHA3_512 ALG_SHA3_384;no;		0.014000;0;0;0
SIG_CIPHER_ECDSA_PLAIN PAD_PKCS1_OAEP_SHA3_512 ALG_SHA3_512;no;		0.014000;0;0;0
SIG_CIPHER_ECDSA_PLAIN PAD_ISO9796_MR_SCHEME_2 ALG_NULL;no;		0.014000;0;0;0
SIG_CIPHER_ECDSA_PLAIN PAD_ISO9796_MR_SCHEME_2 ALG_SHA;no;		0.014000;0;0;0
SIG_CIPHER_ECDSA_PLAIN PAD_ISO9796_MR_SCHEME_2 ALG_MD5;no;		0.014000;0;0;0
SIG_CIPHER_ECDSA_PLAIN PAD_ISO9796_MR_SCHEME_2 ALG_RIPEMD160;no;		0.015000;0;0;0
SIG_CIPHER_ECDSA_PLAIN PAD_ISO9796_MR_SCHEME_2 ALG_SHA_256;no;		0.015000;0;0;0
SIG_CIPHER_ECDSA_PLAIN PAD_ISO9796_MR_SCHEME_2 ALG_SHA_384;no;		0.014000;0;0;0
SIG_CIPHER_ECDSA_PLAIN PAD_ISO9796_MR_SCHEME_2 ALG_SHA_512;no;		0.014000;0;0;0
SIG_CIPHER_ECDSA_PLAIN PAD_ISO9796_MR_SCHEME_2 ALG_SHA_224;no;		0.015000;0;0;0
SIG_CIPHER_ECDSA_PLAIN PAD_ISO9796_MR_SCHEME_2 ALG_SHA3_224;no;		0.014000;0;0;0
SIG_CIPHER_ECDSA_PLAIN PAD_ISO9796_MR_SCHEME_2 ALG_SHA3_256;no;		0.014000;0;0;0
SIG_CIPHER_ECDSA_PLAIN PAD_ISO9796_MR_SCHEME_2 ALG_SHA3_384;no;		0.014000;0;0;0
SIG_CIPHER_ECDSA_PLAIN PAD_ISO9796_MR_SCHEME_2 ALG_SHA3_512;no;		0.014000;0;0;0
SIG_CIPHER_ECDSA_PLAIN PAD_ISO9796_MR_SCHEME_3 ALG_NULL;no;		0.014000;0;0;0
SIG_CIPHER_ECDSA_PLAIN PAD_ISO9796_MR_SCHEME_3 ALG_SHA;no;		0.014000;0;0;0
SIG_CIPHER_ECDSA_PLAIN PAD_ISO9796_MR_SCHEME_3 ALG_MD5;no;		0.014000;0;0;0
SIG_CIPHER_ECDSA_PLAIN PAD_ISO9796_MR_SCHEME_3 ALG_RIPEMD160;no;		0.015000;0;0;0
SIG_CIPHER_ECDSA_PLAIN PAD_ISO9796_MR_SCHEME_3 ALG_SHA_256;no;		0.014000;0;0;0
SIG_CIPHER_ECDSA_PLAIN PAD_ISO9796_MR_SCHEME_3 ALG_SHA_384;no;		0.013000;0;0;0
SIG_CIPHER_ECDSA_PLAIN PAD_ISO9796_MR_SCHEME_3 ALG_SHA_512;no;		0.014000;0;0;0
SIG_CIPHER_ECDSA_PLAIN PAD_ISO9796_MR_SCHEME_3 ALG_SHA_224;no;		0.014000;0;0;0
SIG_CIPHER_ECDSA_PLAIN PAD_ISO9796_MR_SCHEME_3 ALG_SHA3_224;no;		0.014000;0;0;0
SIG_CIPHER_ECDSA_PLAIN PAD_ISO9796_MR_SCHEME_3 ALG_SHA3_256;no;		0.014000;0;0;0
SIG_CIPHER_ECDSA_PLAIN PAD_ISO9796_MR_SCHEME_3 ALG_SHA3_384;no;		0.015000;0;0;0
SIG_CIPHER_ECDSA_PLAIN PAD_ISO9796_MR_SCHEME_3 ALG_SHA3_512;no;		0.015000;0;0;0
SIG_CIPHER_AES_CMAC128 PAD_NULL ALG_NULL;no;		0.014000;0;0;0
SIG_CIPHER_AES_CMAC128 PAD_NULL ALG_SHA;no;		0.014000;0;0;0
SIG_CIPHER_AES_CMAC128 PAD_NULL ALG_MD5;no;		0.014000;0;0;0
SIG_CIPHER_AES_CMAC128 PAD_NULL ALG_RIPEMD160;no;		0.014000;0;0;0
SIG_CIPHER_AES_CMAC128 PAD_NULL ALG_SHA_256;no;		0.014000;0;0;0
SIG_CIPHER_AES_CMAC128 PAD_NULL ALG_SHA_384;no;		0.014000;0;0;0
SIG_CIPHER_AES_CMAC128 PAD_NULL ALG_SHA_512;no;		0.014000;0;0;0
SIG_CIPHER_AES_CMAC128 PAD_NULL ALG_SHA_224;no;		0.014000;0;0;0
SIG_CIPHER_AES_CMAC128 PAD_NULL ALG_SHA3_224;no;		0.014000;0;0;0
SIG_CIPHER_AES_CMAC128 PAD_NULL ALG_SHA3_256;no;		0.014000;0;0;0
SIG_CIPHER_AES_CMAC128 PAD_NULL ALG_SHA3_384;no;		0.014000;0;0;0
SIG_CIPHER_AES_CMAC128 PAD_NULL ALG_SHA3_512;no;		0.014000;0;0;0
SIG_CIPHER_AES_CMAC128 PAD_NOPAD ALG_NULL;no;		0.014000;0;0;0
SIG_CIPHER_AES_CMAC128 PAD_NOPAD ALG_SHA;no;		0.014000;0;0;0
SIG_CIPHER_AES_CMAC128 PAD_NOPAD ALG_MD5;no;		0.014000;0;0;0
SIG_CIPHER_AES_CMAC128 PAD_NOPAD ALG_RIPEMD160;no;		0.014000;0;0;0
SIG_CIPHER_AES_CMAC128 PAD_NOPAD ALG_SHA_256;no;		0.015000;0;0;0
SIG_CIPHER_AES_CMAC128 PAD_NOPAD ALG_SHA_384;no;		0.014000;0;0;0
SIG_CIPHER_AES_CMAC128 PAD_NOPAD ALG_SHA_512;no;		0.014000;0;0;0
SIG_CIPHER_AES_CMAC128 PAD_NOPAD ALG_SHA_224;no;		0.015000;0;0;0
SIG_CIPHER_AES_CMAC128 PAD_NOPAD ALG_SHA3_224;no;		0.014000;0;0;0
SIG_CIPHER_AES_CMAC128 PAD_NOPAD ALG_SHA3_256;no;		0.014000;0;0;0
SIG_CIPHER_AES_CMAC128 PAD_NOPAD ALG_SHA3_384;no;		0.015000;0;0;0
SIG_CIPHER_AES_CMAC128 PAD_NOPAD ALG_SHA3_512;no;		0.014000;0;0;0
SIG_CIPHER_AES_CMAC128 PAD_ISO9797_M1 ALG_NULL;no;		0.014000;0;0;0
SIG_CIPHER_AES_CMAC128 PAD_ISO9797_M1 ALG_SHA;no;		0.015000;0;0;0
SIG_CIPHER_AES_CMAC128 PAD_ISO9797_M1 ALG_MD5;no;		0.014000;0;0;0
SIG_CIPHER_AES_CMAC128 PAD_ISO9797_M1 ALG_RIPEMD160;no;		0.014000;0;0;0
SIG_CIPHER_AES_CMAC128 PAD_ISO9797_M1 ALG_SHA_256;no;		0.014000;0;0;0
SIG_CIPHER_AES_CMAC128 PAD_ISO9797_M1 ALG_SHA_384;no;		0.015000;0;0;0
SIG_CIPHER_AES_CMAC128 PAD_ISO9797_M1 ALG_SHA_512;no;		0.014000;0;0;0
SIG_CIPHER_AES_CMAC128 PAD_ISO9797_M1 ALG_SHA_224;no;		0.014000;0;0;0
SIG_CIPHER_AES_CMAC128 PAD_ISO9797_M1 ALG_SHA3_224;no;		0.015000;0;0;0
SIG_CIPHER_AES_CMAC128 PAD_ISO9797_M1 ALG_SHA3_256;no;		0.014000;0;0;0
SIG_CIPHER_AES_CMAC128 PAD_ISO9797_M1 ALG_SHA3_384;no;		0.014000;0;0;0
SIG_CIPHER_AES_CMAC128 PAD_ISO9797_M1 ALG_SHA3_512;no;		0.014000;0;0;0
SIG_CIPHER_AES_CMAC128 PAD_ISO9797_M2 ALG_NULL;no;		0.014000;0;0;0
SIG_CIPHER_AES_CMAC128 PAD_ISO9797_M2 ALG_SHA;no;		0.014000;0;0;0
SIG_CIPHER_AES_CMAC128 PAD_ISO9797_M2 ALG_MD5;no;		0.014000;0;0;0
SIG_CIPHER_AES_CMAC128 PAD_ISO9797_M2 ALG_RIPEMD160;no;		0.014000;0;0;0
SIG_CIPHER_AES_CMAC128 PAD_ISO9797_M2 ALG_SHA_256;no;		0.014000;0;0;0
SIG_CIPHER_AES_CMAC128 PAD_ISO9797_M2 ALG_SHA_384;no;		0.014000;0;0;0
SIG_CIPHER_AES_CMAC128 PAD_ISO9797_M2 ALG_SHA_512;no;		0.014000;0;0;0
SIG_CIPHER_AES_CMAC128 PAD_ISO9797_M2 ALG_SHA_224;no;		0.014000;0;0;0
SIG_CIPHER_AES_CMAC128 PAD_ISO9797_M2 ALG_SHA3_224;no;		0.015000;0;0;0
SIG_CIPHER_AES_CMAC128 PAD_ISO9797_M2 ALG_SHA3_256;no;		0.014000;0;0;0
SIG_CIPHER_AES_CMAC128 PAD_ISO9797_M2 ALG_SHA3_384;no;		0.014000;0;0;0
SIG_CIPHER_AES_CMAC128 PAD_ISO9797_M2 ALG_SHA3_512;no;		0.014000;0;0;0
SIG_CIPHER_AES_CMAC128 PAD_ISO9797_1_M1_ALG3 ALG_NULL;no;		0.015000;0;0;0
SIG_CIPHER_AES_CMAC128 PAD_ISO9797_1_M1_ALG3 ALG_SHA;no;		0.014000;0;0;0
SIG_CIPHER_AES_CMAC128 PAD_ISO9797_1_M1_ALG3 ALG_MD5;no;		0.014000;0;0;0
SIG_CIPHER_AES_CMAC128 PAD_ISO9797_1_M1_ALG3 ALG_RIPEMD160;no;		0.015000;0;0;0
SIG_CIPHER_AES_CMAC128 PAD_ISO9797_1_M1_ALG3 ALG_SHA_256;no;		0.014000;0;0;0
SIG_CIPHER_AES_CMAC128 PAD_ISO9797_1_M1_ALG3 ALG_SHA_384;no;		0.014000;0;0;0
SIG_CIPHER_AES_CMAC128 PAD_ISO9797_1_M1_ALG3 ALG_SHA_512;no;		0.014000;0;0;0
SIG_CIPHER_AES_CMAC128 PAD_ISO9797_1_M1_ALG3 ALG_SHA_224;no;		0.015000;0;0;0
SIG_CIPHER_AES_CMAC128 PAD_ISO9797_1_M1_ALG3 ALG_SHA3_224;no;		0.014000;0;0;0
SIG_CIPHER_AES_CMAC128 PAD_ISO9797_1_M1_ALG3 ALG_SHA3_256;no;		0.014000;0;0;0
SIG_CIPHER_AES_CMAC128 PAD_ISO9797_1_M1_ALG3 ALG_SHA3_384;no;		0.014000;0;0;0
SIG_CIPHER_AES_CMAC128 PAD_ISO9797_1_M1_ALG3 ALG_SHA3_512;no;		0.014000;0;0;0
SIG_CIPHER_AES_CMAC128 PAD_ISO9797_1_M2_ALG3 ALG_NULL;no;		0.015000;0;0;0
SIG_CIPHER_AES_CMAC128 PAD_ISO9797_1_M2_ALG3 ALG_SHA;no;		0.014000;0;0;0
SIG_CIPHER_AES_CMAC128 PAD_ISO9797_1_M2_ALG3 ALG_MD5;no;		0.014000;0;0;0
SIG_CIPHER_AES_CMAC128 PAD_ISO9797_1_M2_ALG3 ALG_RIPEMD160;no;		0.014000;0;0;0
SIG_CIPHER_AES_CMAC128 PAD_ISO9797_1_M2_ALG3 ALG_SHA_256;no;		0.014000;0;0;0
SIG_CIPHER_AES_CMAC128 PAD_ISO9797_1_M2_ALG3 ALG_SHA_384;no;		0.014000;0;0;0
SIG_CIPHER_AES_CMAC128 PAD_ISO9797_1_M2_ALG3 ALG_SHA_512;no;		0.014000;0;0;0
SIG_CIPHER_AES_CMAC128 PAD_ISO9797_1_M2_ALG3 ALG_SHA_224;no;		0.014000;0;0;0
SIG_CIPHER_AES_CMAC128 PAD_ISO9797_1_M2_ALG3 ALG_SHA3_224;no;		0.015000;0;0;0
SIG_CIPHER_AES_CMAC128 PAD_ISO9797_1_M2_ALG3 ALG_SHA3_256;no;		0.014000;0;0;0
SIG_CIPHER_AES_CMAC128 PAD_ISO9797_1_M2_ALG3 ALG_SHA3_384;no;		0.014000;0;0;0
SIG_CIPHER_AES_CMAC128 PAD_ISO9797_1_M2_ALG3 ALG_SHA3_512;no;		0.014000;0;0;0
SIG_CIPHER_AES_CMAC128 PAD_PKCS5 ALG_NULL;no;		0.014000;0;0;0
SIG_CIPHER_AES_CMAC128 PAD_PKCS5 ALG_SHA;no;		0.014000;0;0;0
SIG_CIPHER_AES_CMAC128 PAD_PKCS5 ALG_MD5;no;		0.014000;0;0;0
SIG_CIPHER_AES_CMAC128 PAD_PKCS5 ALG_RIPEMD160;no;		0.015000;0;0;0
SIG_CIPHER_AES_CMAC128 PAD_PKCS5 ALG_SHA_256;no;		0.014000;0;0;0
SIG_CIPHER_AES_CMAC128 PAD_PKCS5 ALG_SHA_384;no;		0.014000;0;0;0
SIG_CIPHER_AES_CMAC128 PAD_PKCS5 ALG_SHA_512;no;		0.015000;0;0;0
SIG_CIPHER_AES_CMAC128 PAD_PKCS5 ALG_SHA_224;no;		0.014000;0;0;0
SIG_CIPHER_AES_CMAC128 PAD_PKCS5 ALG_SHA3_224;no;		0.015000;0;0;0
SIG_CIPHER_AES_CMAC128 PAD_PKCS5 ALG_SHA3_256;no;		0.014000;0;0;0
SIG_CIPHER_AES_CMAC128 PAD_PKCS5 ALG_SHA3_384;no;		0.014000;0;0;0
SIG_CIPHER_AES_CMAC128 PAD_PKCS5 ALG_SHA3_512;no;		0.014000;0;0;0
SIG_CIPHER_AES_CMAC128 PAD_PKCS1 ALG_NULL;no;		0.014000;0;0;0
SIG_CIPHER_AES_CMAC128 PAD_PKCS1 ALG_SHA;no;		0.014000;0;0;0
SIG_CIPHER_AES_CMAC128 PAD_PKCS1 ALG_MD5;no;		0.014000;0;0;0
SIG_CIPHER_AES_CMAC128 PAD_PKCS1 ALG_RIPEMD160;no;		0.014000;0;0;0
SIG_CIPHER_AES_CMAC128 PAD_PKCS1 ALG_SHA_256;no;		0.014000;0;0;0
SIG_CIPHER_AES_CMAC128 PAD_PKCS1 ALG_SHA_384;no;		0.014000;0;0;0
SIG_CIPHER_AES_CMAC128 PAD_PKCS1 ALG_SHA_512;no;		0.014000;0;0;0
SIG_CIPHER_AES_CMAC128 PAD_PKCS1 ALG_SHA_224;no;		0.014000;0;0;0
SIG_CIPHER_AES_CMAC128 PAD_PKCS1 ALG_SHA3_224;no;		0.014000;0;0;0
SIG_CIPHER_AES_CMAC128 PAD_PKCS1 ALG_SHA3_256;no;		0.015000;0;0;0
SIG_CIPHER_AES_CMAC128 PAD_PKCS1 ALG_SHA3_384;no;		0.014000;0;0;0
SIG_CIPHER_AES_CMAC128 PAD_PKCS1 ALG_SHA3_512;no;		0.014000;0;0;0
SIG_CIPHER_AES_CMAC128 PAD_PKCS1_PSS ALG_NULL;no;		0.014000;0;0;0
SIG_CIPHER_AES_CMAC128 PAD_PKCS1_PSS ALG_SHA;no;		0.014000;0;0;0
SIG_CIPHER_AES_CMAC128 PAD_PKCS1_PSS ALG_MD5;no;		0.014000;0;0;0
SIG_CIPHER_AES_CMAC128 PAD_PKCS1_PSS ALG_RIPEMD160;no;		0.015000;0;0;0
SIG_CIPHER_AES_CMAC128 PAD_PKCS1_PSS ALG_SHA_256;no;		0.014000;0;0;0
SIG_CIPHER_AES_CMAC128 PAD_PKCS1_PSS ALG_SHA_384;no;		0.014000;0;0;0
SIG_CIPHER_AES_CMAC128 PAD_PKCS1_PSS ALG_SHA_512;no;		0.014000;0;0;0
SIG_CIPHER_AES_CMAC128 PAD_PKCS1_PSS ALG_SHA_224;no;		0.014000;0;0;0
SIG_CIPHER_AES_CMAC128 PAD_PKCS1_PSS ALG_SHA3_224;no;		0.015000;0;0;0
SIG_CIPHER_AES_CMAC128 PAD_PKCS1_PSS ALG_SHA3_256;no;		0.014000;0;0;0
SIG_CIPHER_AES_CMAC128 PAD_PKCS1_PSS ALG_SHA3_384;no;		0.014000;0;0;0
SIG_CIPHER_AES_CMAC128 PAD_PKCS1_PSS ALG_SHA3_512;no;		0.014000;0;0;0
SIG_CIPHER_AES_CMAC128 PAD_PKCS1_OAEP ALG_NULL;no;		0.014000;0;0;0
SIG_CIPHER_AES_CMAC128 PAD_PKCS1_OAEP ALG_SHA;no;		0.014000;0;0;0
SIG_CIPHER_AES_CMAC128 PAD_PKCS1_OAEP ALG_MD5;no;		0.014000;0;0;0
SIG_CIPHER_AES_CMAC128 PAD_PKCS1_OAEP ALG_RIPEMD160;no;		0.014000;0;0;0
SIG_CIPHER_AES_CMAC128 PAD_PKCS1_OAEP ALG_SHA_256;no;		0.014000;0;0;0
SIG_CIPHER_AES_CMAC128 PAD_PKCS1_OAEP ALG_SHA_384;no;		0.014000;0;0;0
SIG_CIPHER_AES_CMAC128 PAD_PKCS1_OAEP ALG_SHA_512;no;		0.014000;0;0;0
SIG_CIPHER_AES_CMAC128 PAD_PKCS1_OAEP ALG_SHA_224;no;		0.014000;0;0;0
SIG_CIPHER_AES_CMAC128 PAD_PKCS1_OAEP ALG_SHA3_224;no;		0.014000;0;0;0
SIG_CIPHER_AES_CMAC128 PAD_PKCS1_OAEP ALG_SHA3_256;no;		0.014000;0;0;0
SIG_CIPHER_AES_CMAC128 PAD_PKCS1_OAEP ALG_SHA3_384;no;		0.014000;0;0;0
SIG_CIPHER_AES_CMAC128 PAD_PKCS1_OAEP ALG_SHA3_512;no;		0.014000;0;0;0
SIG_CIPHER_AES_CMAC128 PAD_ISO9796 ALG_NULL;no;		0.014000;0;0;0
SIG_CIPHER_AES_CMAC128 PAD_ISO9796 ALG_SHA;no;		0.014000;0;0;0
SIG_CIPHER_AES_CMAC128 PAD_ISO9796 ALG_MD5;no;		0.014000;0;0;0
SIG_CIPHER_AES_CMAC128 PAD_ISO9796 ALG_RIPEMD160;no;		0.014000;0;0;0
SIG_CIPHER_AES_CMAC128 PAD_ISO9796 ALG_SHA_256;no;		0.014000;0;0;0
SIG_CIPHER_AES_CMAC128 PAD_ISO9796 ALG_SHA_384;no;		0.013000;0;0;0
SIG_CIPHER_AES_CMAC128 PAD_ISO9796 ALG_SHA_512;no;		0.014000;0;0;0
SIG_CIPHER_AES_CMAC128 PAD_ISO9796 ALG_SHA_224;no;		0.014000;0;0;0
SIG_CIPHER_AES_CMAC128 PAD_ISO9796 ALG_SHA3_224;no;		0.014000;0;0;0
SIG_CIPHER_AES_CMAC128 PAD_ISO9796 ALG_SHA3_256;no;		0.015000;0;0;0
SIG_CIPHER_AES_CMAC128 PAD_ISO9796 ALG_SHA3_384;no;		0.013000;0;0;0
SIG_CIPHER_AES_CMAC128 PAD_ISO9796 ALG_SHA3_512;no;		0.014000;0;0;0
SIG_CIPHER_AES_CMAC128 PAD_ISO9796_MR ALG_NULL;no;		0.014000;0;0;0
SIG_CIPHER_AES_CMAC128 PAD_ISO9796_MR ALG_SHA;no;		0.014000;0;0;0
SIG_CIPHER_AES_CMAC128 PAD_ISO9796_MR ALG_MD5;no;		0.014000;0;0;0
SIG_CIPHER_AES_CMAC128 PAD_ISO9796_MR ALG_RIPEMD160;no;		0.013000;0;0;0
SIG_CIPHER_AES_CMAC128 PAD_ISO9796_MR ALG_SHA_256;no;		0.014000;0;0;0
SIG_CIPHER_AES_CMAC128 PAD_ISO9796_MR ALG_SHA_384;no;		0.014000;0;0;0
SIG_CIPHER_AES_CMAC128 PAD_ISO9796_MR ALG_SHA_512;no;		0.014000;0;0;0
SIG_CIPHER_AES_CMAC128 PAD_ISO9796_MR ALG_SHA_224;no;		0.014000;0;0;0
SIG_CIPHER_AES_CMAC128 PAD_ISO9796_MR ALG_SHA3_224;no;		0.015000;0;0;0
SIG_CIPHER_AES_CMAC128 PAD_ISO9796_MR ALG_SHA3_256;no;		0.014000;0;0;0
SIG_CIPHER_AES_CMAC128 PAD_ISO9796_MR ALG_SHA3_384;no;		0.014000;0;0;0
SIG_CIPHER_AES_CMAC128 PAD_ISO9796_MR ALG_SHA3_512;no;		0.014000;0;0;0
SIG_CIPHER_AES_CMAC128 PAD_RFC2409 ALG_NULL;no;		0.014000;0;0;0
SIG_CIPHER_AES_CMAC128 PAD_RFC2409 ALG_SHA;no;		0.014000;0;0;0
SIG_CIPHER_AES_CMAC128 PAD_RFC2409 ALG_MD5;no;		0.015000;0;0;0
SIG_CIPHER_AES_CMAC128 PAD_RFC2409 ALG_RIPEMD160;no;		0.014000;0;0;0
SIG_CIPHER_AES_CMAC128 PAD_RFC2409 ALG_SHA_256;no;		0.014000;0;0;0
SIG_CIPHER_AES_CMAC128 PAD_RFC2409 ALG_SHA_384;no;		0.014000;0;0;0
SIG_CIPHER_AES_CMAC128 PAD_RFC2409 ALG_SHA_512;no;		0.015000;0;0;0
SIG_CIPHER_AES_CMAC128 PAD_RFC2409 ALG_SHA_224;no;		0.014000;0;0;0
SIG_CIPHER_AES_CMAC128 PAD_RFC2409 ALG_SHA3_224;no;		0.014000;0;0;0
SIG_CIPHER_AES_CMAC128 PAD_RFC2409 ALG_SHA3_256;no;		0.013000;0;0;0
SIG_CIPHER_AES_CMAC128 PAD_RFC2409 ALG_SHA3_384;no;		0.014000;0;0;0
SIG_CIPHER_AES_CMAC128 PAD_RFC2409 ALG_SHA3_512;no;		0.014000;0;0;0
SIG_CIPHER_AES_CMAC128 PAD_PKCS1_OAEP_SHA224 ALG_NULL;no;		0.015000;0;0;0
SIG_CIPHER_AES_CMAC128 PAD_PKCS1_OAEP_SHA224 ALG_SHA;no;		0.015000;0;0;0
SIG_CIPHER_AES_CMAC128 PAD_PKCS1_OAEP_SHA224 ALG_MD5;no;		0.014000;0;0;0
SIG_CIPHER_AES_CMAC128 PAD_PKCS1_OAEP_SHA224 ALG_RIPEMD160;no;		0.014000;0;0;0
SIG_CIPHER_AES_CMAC128 PAD_PKCS1_OAEP_SHA224 ALG_SHA_256;no;		0.014000;0;0;0
SIG_CIPHER_AES_CMAC128 PAD_PKCS1_OAEP_SHA224 ALG_SHA_384;no;		0.014000;0;0;0
SIG_CIPHER_AES_CMAC128 PAD_PKCS1_OAEP_SHA224 ALG_SHA_512;no;		0.014000;0;0;0
SIG_CIPHER_AES_CMAC128 PAD_PKCS1_OAEP_SHA224 ALG_SHA_224;no;		0.014000;0;0;0
SIG_CIPHER_AES_CMAC128 PAD_PKCS1_OAEP_SHA224 ALG_SHA3_224;no;		0.014000;0;0;0
SIG_CIPHER_AES_CMAC128 PAD_PKCS1_OAEP_SHA224 ALG_SHA3_256;no;		0.014000;0;0;0
SIG_CIPHER_AES_CMAC128 PAD_PKCS1_OAEP_SHA224 ALG_SHA3_384;no;		0.014000;0;0;0
SIG_CIPHER_AES_CMAC128 PAD_PKCS1_OAEP_SHA224 ALG_SHA3_512;no;		0.014000;0;0;0
SIG_CIPHER_AES_CMAC128 PAD_PKCS1_OAEP_SHA256 ALG_NULL;no;		0.014000;0;0;0
SIG_CIPHER_AES_CMAC128 PAD_PKCS1_OAEP_SHA256 ALG_SHA;no;		0.015000;0;0;0
SIG_CIPHER_AES_CMAC128 PAD_PKCS1_OAEP_SHA256 ALG_MD5;no;		0.014000;0;0;0
SIG_CIPHER_AES_CMAC128 PAD_PKCS1_OAEP_SHA256 ALG_RIPEMD160;no;		0.015000;0;0;0
SIG_CIPHER_AES_CMAC128 PAD_PKCS1_OAEP_SHA256 ALG_SHA_256;no;		0.014000;0;0;0
SIG_CIPHER_AES_CMAC128 PAD_PKCS1_OAEP_SHA256 ALG_SHA_384;no;		0.015000;0;0;0
SIG_CIPHER_AES_CMAC128 PAD_PKCS1_OAEP_SHA256 ALG_SHA_512;no;		0.014000;0;0;0
SIG_CIPHER_AES_CMAC128 PAD_PKCS1_OAEP_SHA256 ALG_SHA_224;no;		0.014000;0;0;0
SIG_CIPHER_AES_CMAC128 PAD_PKCS1_OAEP_SHA256 ALG_SHA3_224;no;		0.014000;0;0;0
SIG_CIPHER_AES_CMAC128 PAD_PKCS1_OAEP_SHA256 ALG_SHA3_256;no;		0.014000;0;0;0
SIG_CIPHER_AES_CMAC128 PAD_PKCS1_OAEP_SHA256 ALG_SHA3_384;no;		0.014000;0;0;0
SIG_CIPHER_AES_CMAC128 PAD_PKCS1_OAEP_SHA256 ALG_SHA3_512;no;		0.015000;0;0;0
SIG_CIPHER_AES_CMAC128 PAD_PKCS1_OAEP_SHA384 ALG_NULL;no;		0.014000;0;0;0
SIG_CIPHER_AES_CMAC128 PAD_PKCS1_OAEP_SHA384 ALG_SHA;no;		0.014000;0;0;0
SIG_CIPHER_AES_CMAC128 PAD_PKCS1_OAEP_SHA384 ALG_MD5;no;		0.014000;0;0;0
SIG_CIPHER_AES_CMAC128 PAD_PKCS1_OAEP_SHA384 ALG_RIPEMD160;no;		0.014000;0;0;0
SIG_CIPHER_AES_CMAC128 PAD_PKCS1_OAEP_SHA384 ALG_SHA_256;no;		0.014000;0;0;0
SIG_CIPHER_AES_CMAC128 PAD_PKCS1_OAEP_SHA384 ALG_SHA_384;no;		0.014000;0;0;0
SIG_CIPHER_AES_CMAC128 PAD_PKCS1_OAEP_SHA384 ALG_SHA_512;no;		0.014000;0;0;0
SIG_CIPHER_AES_CMAC128 PAD_PKCS1_OAEP_SHA384 ALG_SHA_224;no;		0.014000;0;0;0
SIG_CIPHER_AES_CMAC128 PAD_PKCS1_OAEP_SHA384 ALG_SHA3_224;no;		0.014000;0;0;0
SIG_CIPHER_AES_CMAC128 PAD_PKCS1_OAEP_SHA384 ALG_SHA3_256;no;		0.014000;0;0;0
SIG_CIPHER_AES_CMAC128 PAD_PKCS1_OAEP_SHA384 ALG_SHA3_384;no;		0.014000;0;0;0
SIG_CIPHER_AES_CMAC128 PAD_PKCS1_OAEP_SHA384 ALG_SHA3_512;no;		0.014000;0;0;0
SIG_CIPHER_AES_CMAC128 PAD_PKCS1_OAEP_SHA512 ALG_NULL;no;		0.014000;0;0;0
SIG_CIPHER_AES_CMAC128 PAD_PKCS1_OAEP_SHA512 ALG_SHA;no;		0.015000;0;0;0
SIG_CIPHER_AES_CMAC128 PAD_PKCS1_OAEP_SHA512 ALG_MD5;no;		0.014000;0;0;0
SIG_CIPHER_AES_CMAC128 PAD_PKCS1_OAEP_SHA512 ALG_RIPEMD160;no;		0.015000;0;0;0
SIG_CIPHER_AES_CMAC128 PAD_PKCS1_OAEP_SHA512 ALG_SHA_256;no;		0.014000;0;0;0
SIG_CIPHER_AES_CMAC128 PAD_PKCS1_OAEP_SHA512 ALG_SHA_384;no;		0.014000;0;0;0
SIG_CIPHER_AES_CMAC128 PAD_PKCS1_OAEP_SHA512 ALG_SHA_512;no;		0.014000;0;0;0
SIG_CIPHER_AES_CMAC128 PAD_PKCS1_OAEP_SHA512 ALG_SHA_224;no;		0.014000;0;0;0
SIG_CIPHER_AES_CMAC128 PAD_PKCS1_OAEP_SHA512 ALG_SHA3_224;no;		0.014000;0;0;0
SIG_CIPHER_AES_CMAC128 PAD_PKCS1_OAEP_SHA512 ALG_SHA3_256;no;		0.014000;0;0;0
SIG_CIPHER_AES_CMAC128 PAD_PKCS1_OAEP_SHA512 ALG_SHA3_384;no;		0.014000;0;0;0
SIG_CIPHER_AES_CMAC128 PAD_PKCS1_OAEP_SHA512 ALG_SHA3_512;no;		0.015000;0;0;0
SIG_CIPHER_AES_CMAC128 PAD_PKCS1_OAEP_SHA3_224 ALG_NULL;no;		0.014000;0;0;0
SIG_CIPHER_AES_CMAC128 PAD_PKCS1_OAEP_SHA3_224 ALG_SHA;no;		0.014000;0;0;0
SIG_CIPHER_AES_CMAC128 PAD_PKCS1_OAEP_SHA3_224 ALG_MD5;no;		0.014000;0;0;0
SIG_CIPHER_AES_CMAC128 PAD_PKCS1_OAEP_SHA3_224 ALG_RIPEMD160;no;		0.014000;0;0;0
SIG_CIPHER_AES_CMAC128 PAD_PKCS1_OAEP_SHA3_224 ALG_SHA_256;no;		0.014000;0;0;0
SIG_CIPHER_AES_CMAC128 PAD_PKCS1_OAEP_SHA3_224 ALG_SHA_384;no;		0.014000;0;0;0
SIG_CIPHER_AES_CMAC128 PAD_PKCS1_OAEP_SHA3_224 ALG_SHA_512;no;		0.014000;0;0;0
SIG_CIPHER_AES_CMAC128 PAD_PKCS1_OAEP_SHA3_224 ALG_SHA_224;no;		0.014000;0;0;0
SIG_CIPHER_AES_CMAC128 PAD_PKCS1_OAEP_SHA3_224 ALG_SHA3_224;no;		0.014000;0;0;0
SIG_CIPHER_AES_CMAC128 PAD_PKCS1_OAEP_SHA3_224 ALG_SHA3_256;no;		0.014000;0;0;0
SIG_CIPHER_AES_CMAC128 PAD_PKCS1_OAEP_SHA3_224 ALG_SHA3_384;no;		0.014000;0;0;0
SIG_CIPHER_AES_CMAC128 PAD_PKCS1_OAEP_SHA3_224 ALG_SHA3_512;no;		0.014000;0;0;0
SIG_CIPHER_AES_CMAC128 PAD_PKCS1_OAEP_SHA3_256 ALG_NULL;no;		0.014000;0;0;0
SIG_CIPHER_AES_CMAC128 PAD_PKCS1_OAEP_SHA3_256 ALG_SHA;no;		0.014000;0;0;0
SIG_CIPHER_AES_CMAC128 PAD_PKCS1_OAEP_SHA3_256 ALG_MD5;no;		0.014000;0;0;0
SIG_CIPHER_AES_CMAC128 PAD_PKCS1_OAEP_SHA3_256 ALG_RIPEMD160;no;		0.014000;0;0;0
SIG_CIPHER_AES_CMAC128 PAD_PKCS1_OAEP_SHA3_256 ALG_SHA_256;no;		0.014000;0;0;0
SIG_CIPHER_AES_CMAC128 PAD_PKCS1_OAEP_SHA3_256 ALG_SHA_384;no;		0.014000;0;0;0
SIG_CIPHER_AES_CMAC128 PAD_PKCS1_OAEP_SHA3_256 ALG_SHA_512;no;		0.014000;0;0;0
SIG_CIPHER_AES_CMAC128 PAD_PKCS1_OAEP_SHA3_256 ALG_SHA_224;no;		0.014000;0;0;0
SIG_CIPHER_AES_CMAC128 PAD_PKCS1_OAEP_SHA3_256 ALG_SHA3_224;no;		0.014000;0;0;0
SIG_CIPHER_AES_CMAC128 PAD_PKCS1_OAEP_SHA3_256 ALG_SHA3_256;no;		0.014000;0;0;0
SIG_CIPHER_AES_CMAC128 PAD_PKCS1_OAEP_SHA3_256 ALG_SHA3_384;no;		0.014000;0;0;0
SIG_CIPHER_AES_CMAC128 PAD_PKCS1_OAEP_SHA3_256 ALG_SHA3_512;no;		0.014000;0;0;0
SIG_CIPHER_AES_CMAC128 PAD_PKCS1_OAEP_SHA3_384 ALG_NULL;no;		0.014000;0;0;0
SIG_CIPHER_AES_CMAC128 PAD_PKCS1_OAEP_SHA3_384 ALG_SHA;no;		0.014000;0;0;0
SIG_CIPHER_AES_CMAC128 PAD_PKCS1_OAEP_SHA3_384 ALG_MD5;no;		0.014000;0;0;0
SIG_CIPHER_AES_CMAC128 PAD_PKCS1_OAEP_SHA3_384 ALG_RIPEMD160;no;		0.014000;0;0;0
SIG_CIPHER_AES_CMAC128 PAD_PKCS1_OAEP_SHA3_384 ALG_SHA_256;no;		0.014000;0;0;0
SIG_CIPHER_AES_CMAC128 PAD_PKCS1_OAEP_SHA3_384 ALG_SHA_384;no;		0.014000;0;0;0
SIG_CIPHER_AES_CMAC128 PAD_PKCS1_OAEP_SHA3_384 ALG_SHA_512;no;		0.014000;0;0;0
SIG_CIPHER_AES_CMAC128 PAD_PKCS1_OAEP_SHA3_384 ALG_SHA_224;no;		0.014000;0;0;0
SIG_CIPHER_AES_CMAC128 PAD_PKCS1_OAEP_SHA3_384 ALG_SHA3_224;no;		0.014000;0;0;0
SIG_CIPHER_AES_CMAC128 PAD_PKCS1_OAEP_SHA3_384 ALG_SHA3_256;no;		0.014000;0;0;0
SIG_CIPHER_AES_CMAC128 PAD_PKCS1_OAEP_SHA3_384 ALG_SHA3_384;no;		0.014000;0;0;0
SIG_CIPHER_AES_CMAC128 PAD_PKCS1_OAEP_SHA3_384 ALG_SHA3_512;no;		0.014000;0;0;0
SIG_CIPHER_AES_CMAC128 PAD_PKCS1_OAEP_SHA3_512 ALG_NULL;no;		0.014000;0;0;0
SIG_CIPHER_AES_CMAC128 PAD_PKCS1_OAEP_SHA3_512 ALG_SHA;no;		0.015000;0;0;0
SIG_CIPHER_AES_CMAC128 PAD_PKCS1_OAEP_SHA3_512 ALG_MD5;no;		0.014000;0;0;0
SIG_CIPHER_AES_CMAC128 PAD_PKCS1_OAEP_SHA3_512 ALG_RIPEMD160;no;		0.015000;0;0;0
SIG_CIPHER_AES_CMAC128 PAD_PKCS1_OAEP_SHA3_512 ALG_SHA_256;no;		0.014000;0;0;0
SIG_CIPHER_AES_CMAC128 PAD_PKCS1_OAEP_SHA3_512 ALG_SHA_384;no;		0.014000;0;0;0
SIG_CIPHER_AES_CMAC128 PAD_PKCS1_OAEP_SHA3_512 ALG_SHA_512;no;		0.014000;0;0;0
SIG_CIPHER_AES_CMAC128 PAD_PKCS1_OAEP_SHA3_512 ALG_SHA_224;no;		0.015000;0;0;0
SIG_CIPHER_AES_CMAC128 PAD_PKCS1_OAEP_SHA3_512 ALG_SHA3_224;no;		0.014000;0;0;0
SIG_CIPHER_AES_CMAC128 PAD_PKCS1_OAEP_SHA3_512 ALG_SHA3_256;no;		0.014000;0;0;0
SIG_CIPHER_AES_CMAC128 PAD_PKCS1_OAEP_SHA3_512 ALG_SHA3_384;no;		0.014000;0;0;0
SIG_CIPHER_AES_CMAC128 PAD_PKCS1_OAEP_SHA3_512 ALG_SHA3_512;no;		0.014000;0;0;0
SIG_CIPHER_AES_CMAC128 PAD_ISO9796_MR_SCHEME_2 ALG_NULL;no;		0.014000;0;0;0
SIG_CIPHER_AES_CMAC128 PAD_ISO9796_MR_SCHEME_2 ALG_SHA;no;		0.014000;0;0;0
SIG_CIPHER_AES_CMAC128 PAD_ISO9796_MR_SCHEME_2 ALG_MD5;no;		0.014000;0;0;0
SIG_CIPHER_AES_CMAC128 PAD_ISO9796_MR_SCHEME_2 ALG_RIPEMD160;no;		0.014000;0;0;0
SIG_CIPHER_AES_CMAC128 PAD_ISO9796_MR_SCHEME_2 ALG_SHA_256;no;		0.014000;0;0;0
SIG_CIPHER_AES_CMAC128 PAD_ISO9796_MR_SCHEME_2 ALG_SHA_384;no;		0.015000;0;0;0
SIG_CIPHER_AES_CMAC128 PAD_ISO9796_MR_SCHEME_2 ALG_SHA_512;no;		0.014000;0;0;0
SIG_CIPHER_AES_CMAC128 PAD_ISO9796_MR_SCHEME_2 ALG_SHA_224;no;		0.015000;0;0;0
SIG_CIPHER_AES_CMAC128 PAD_ISO9796_MR_SCHEME_2 ALG_SHA3_224;no;		0.014000;0;0;0
SIG_CIPHER_AES_CMAC128 PAD_ISO9796_MR_SCHEME_2 ALG_SHA3_256;no;		0.015000;0;0;0
SIG_CIPHER_AES_CMAC128 PAD_ISO9796_MR_SCHEME_2 ALG_SHA3_384;no;		0.014000;0;0;0
SIG_CIPHER_AES_CMAC128 PAD_ISO9796_MR_SCHEME_2 ALG_SHA3_512;no;		0.015000;0;0;0
SIG_CIPHER_AES_CMAC128 PAD_ISO9796_MR_SCHEME_3 ALG_NULL;no;		0.014000;0;0;0
SIG_CIPHER_AES_CMAC128 PAD_ISO9796_MR_SCHEME_3 ALG_SHA;no;		0.014000;0;0;0
SIG_CIPHER_AES_CMAC128 PAD_ISO9796_MR_SCHEME_3 ALG_MD5;no;		0.015000;0;0;0
SIG_CIPHER_AES_CMAC128 PAD_ISO9796_MR_SCHEME_3 ALG_RIPEMD160;no;		0.014000;0;0;0
SIG_CIPHER_AES_CMAC128 PAD_ISO9796_MR_SCHEME_3 ALG_SHA_256;no;		0.014000;0;0;0
SIG_CIPHER_AES_CMAC128 PAD_ISO9796_MR_SCHEME_3 ALG_SHA_384;no;		0.014000;0;0;0
SIG_CIPHER_AES_CMAC128 PAD_ISO9796_MR_SCHEME_3 ALG_SHA_512;no;		0.014000;0;0;0
SIG_CIPHER_AES_CMAC128 PAD_ISO9796_MR_SCHEME_3 ALG_SHA_224;no;		0.014000;0;0;0
SIG_CIPHER_AES_CMAC128 PAD_ISO9796_MR_SCHEME_3 ALG_SHA3_224;no;		0.014000;0;0;0
SIG_CIPHER_AES_CMAC128 PAD_ISO9796_MR_SCHEME_3 ALG_SHA3_256;no;		0.014000;0;0;0
SIG_CIPHER_AES_CMAC128 PAD_ISO9796_MR_SCHEME_3 ALG_SHA3_384;no;		0.014000;0;0;0
SIG_CIPHER_AES_CMAC128 PAD_ISO9796_MR_SCHEME_3 ALG_SHA3_512;no;		0.015000;0;0;0
SIG_CIPHER_SM2 PAD_NULL ALG_NULL;no;		0.014000;0;0;0
SIG_CIPHER_SM2 PAD_NULL ALG_SHA;no;		0.014000;0;0;0
SIG_CIPHER_SM2 PAD_NULL ALG_MD5;no;		0.014000;0;0;0
SIG_CIPHER_SM2 PAD_NULL ALG_RIPEMD160;no;		0.014000;0;0;0
SIG_CIPHER_SM2 PAD_NULL ALG_SHA_256;no;		0.014000;0;0;0
SIG_CIPHER_SM2 PAD_NULL ALG_SHA_384;no;		0.015000;0;0;0
SIG_CIPHER_SM2 PAD_NULL ALG_SHA_512;no;		0.014000;0;0;0
SIG_CIPHER_SM2 PAD_NULL ALG_SHA_224;no;		0.014000;0;0;0
SIG_CIPHER_SM2 PAD_NULL ALG_SHA3_224;no;		0.014000;0;0;0
SIG_CIPHER_SM2 PAD_NULL ALG_SHA3_256;no;		0.015000;0;0;0
SIG_CIPHER_SM2 PAD_NULL ALG_SHA3_384;no;		0.014000;0;0;0
SIG_CIPHER_SM2 PAD_NULL ALG_SHA3_512;no;		0.014000;0;0;0
SIG_CIPHER_SM2 PAD_NOPAD ALG_NULL;no;		0.014000;0;0;0
SIG_CIPHER_SM2 PAD_NOPAD ALG_SHA;no;		0.014000;0;0;0
SIG_CIPHER_SM2 PAD_NOPAD ALG_MD5;no;		0.014000;0;0;0
SIG_CIPHER_SM2 PAD_NOPAD ALG_RIPEMD160;no;		0.014000;0;0;0
SIG_CIPHER_SM2 PAD_NOPAD ALG_SHA_256;no;		0.014000;0;0;0
SIG_CIPHER_SM2 PAD_NOPAD ALG_SHA_384;no;		0.014000;0;0;0
SIG_CIPHER_SM2 PAD_NOPAD ALG_SHA_512;no;		0.014000;0;0;0
SIG_CIPHER_SM2 PAD_NOPAD ALG_SHA_224;no;		0.014000;0;0;0
SIG_CIPHER_SM2 PAD_NOPAD ALG_SHA3_224;no;		0.013000;0;0;0
SIG_CIPHER_SM2 PAD_NOPAD ALG_SHA3_256;no;		0.014000;0;0;0
SIG_CIPHER_SM2 PAD_NOPAD ALG_SHA3_384;no;		0.014000;0;0;0
SIG_CIPHER_SM2 PAD_NOPAD ALG_SHA3_512;no;		0.013000;0;0;0
SIG_CIPHER_SM2 PAD_ISO9797_M1 ALG_NULL;no;		0.014000;0;0;0
SIG_CIPHER_SM2 PAD_ISO9797_M1 ALG_SHA;no;		0.014000;0;0;0
SIG_CIPHER_SM2 PAD_ISO9797_M1 ALG_MD5;no;		0.014000;0;0;0
SIG_CIPHER_SM2 PAD_ISO9797_M1 ALG_RIPEMD160;no;		0.015000;0;0;0
SIG_CIPHER_SM2 PAD_ISO9797_M1 ALG_SHA_256;no;		0.014000;0;0;0
SIG_CIPHER_SM2 PAD_ISO9797_M1 ALG_SHA_384;no;		0.014000;0;0;0
SIG_CIPHER_SM2 PAD_ISO9797_M1 ALG_SHA_512;no;		0.014000;0;0;0
SIG_CIPHER_SM2 PAD_ISO9797_M1 ALG_SHA_224;no;		0.014000;0;0;0
SIG_CIPHER_SM2 PAD_ISO9797_M1 ALG_SHA3_224;no;		0.014000;0;0;0
SIG_CIPHER_SM2 PAD_ISO9797_M1 ALG_SHA3_256;no;		0.014000;0;0;0
SIG_CIPHER_SM2 PAD_ISO9797_M1 ALG_SHA3_384;no;		0.014000;0;0;0
SIG_CIPHER_SM2 PAD_ISO9797_M1 ALG_SHA3_512;no;		0.014000;0;0;0
SIG_CIPHER_SM2 PAD_ISO9797_M2 ALG_NULL;no;		0.014000;0;0;0
SIG_CIPHER_SM2 PAD_ISO9797_M2 ALG_SHA;no;		0.014000;0;0;0
SIG_CIPHER_SM2 PAD_ISO9797_M2 ALG_MD5;no;		0.014000;0;0;0
SIG_CIPHER_SM2 PAD_ISO9797_M2 ALG_RIPEMD160;no;		0.014000;0;0;0
SIG_CIPHER_SM2 PAD_ISO9797_M2 ALG_SHA_256;no;		0.014000;0;0;0
SIG_CIPHER_SM2 PAD_ISO9797_M2 ALG_SHA_384;no;		0.014000;0;0;0
SIG_CIPHER_SM2 PAD_ISO9797_M2 ALG_SHA_512;no;		0.014000;0;0;0
SIG_CIPHER_SM2 PAD_ISO9797_M2 ALG_SHA_224;no;		0.014000;0;0;0
SIG_CIPHER_SM2 PAD_ISO9797_M2 ALG_SHA3_224;no;		0.014000;0;0;0
SIG_CIPHER_SM2 PAD_ISO9797_M2 ALG_SHA3_256;no;		0.014000;0;0;0
SIG_CIPHER_SM2 PAD_ISO9797_M2 ALG_SHA3_384;no;		0.015000;0;0;0
SIG_CIPHER_SM2 PAD_ISO9797_M2 ALG_SHA3_512;no;		0.014000;0;0;0
SIG_CIPHER_SM2 PAD_ISO9797_1_M1_ALG3 ALG_NULL;no;		0.014000;0;0;0
SIG_CIPHER_SM2 PAD_ISO9797_1_M1_ALG3 ALG_SHA;no;		0.014000;0;0;0
SIG_CIPHER_SM2 PAD_ISO9797_1_M1_ALG3 ALG_MD5;no;		0.014000;0;0;0
SIG_CIPHER_SM2 PAD_ISO9797_1_M1_ALG3 ALG_RIPEMD160;no;		0.014000;0;0;0
SIG_CIPHER_SM2 PAD_ISO9797_1_M1_ALG3 ALG_SHA_256;no;		0.014000;0;0;0
SIG_CIPHER_SM2 PAD_ISO9797_1_M1_ALG3 ALG_SHA_384;no;		0.014000;0;0;0
SIG_CIPHER_SM2 PAD_ISO9797_1_M1_ALG3 ALG_SHA_512;no;		0.014000;0;0;0
SIG_CIPHER_SM2 PAD_ISO9797_1_M1_ALG3 ALG_SHA_224;no;		0.015000;0;0;0
SIG_CIPHER_SM2 PAD_ISO9797_1_M1_ALG3 ALG_SHA3_224;no;		0.014000;0;0;0
SIG_CIPHER_SM2 PAD_ISO9797_1_M1_ALG3 ALG_SHA3_256;no;		0.014000;0;0;0
SIG_CIPHER_SM2 PAD_ISO9797_1_M1_ALG3 ALG_SHA3_384;no;		0.015000;0;0;0
SIG_CIPHER_SM2 PAD_ISO9797_1_M1_ALG3 ALG_SHA3_512;no;		0.014000;0;0;0
SIG_CIPHER_SM2 PAD_ISO9797_1_M2_ALG3 ALG_NULL;no;		0.014000;0;0;0
SIG_CIPHER_SM2 PAD_ISO9797_1_M2_ALG3 ALG_SHA;no;		0.014000;0;0;0
SIG_CIPHER_SM2 PAD_ISO9797_1_M2_ALG3 ALG_MD5;no;		0.014000;0;0;0
SIG_CIPHER_SM2 PAD_ISO9797_1_M2_ALG3 ALG_RIPEMD160;no;		0.014000;0;0;0
SIG_CIPHER_SM2 PAD_ISO9797_1_M2_ALG3 ALG_SHA_256;no;		0.014000;0;0;0
SIG_CIPHER_SM2 PAD_ISO9797_1_M2_ALG3 ALG_SHA_384;no;		0.014000;0;0;0
SIG_CIPHER_SM2 PAD_ISO9797_1_M2_ALG3 ALG_SHA_512;no;		0.014000;0;0;0
SIG_CIPHER_SM2 PAD_ISO9797_1_M2_ALG3 ALG_SHA_224;no;		0.015000;0;0;0
SIG_CIPHER_SM2 PAD_ISO9797_1_M2_ALG3 ALG_SHA3_224;no;		0.015000;0;0;0
SIG_CIPHER_SM2 PAD_ISO9797_1_M2_ALG3 ALG_SHA3_256;no;		0.014000;0;0;0
SIG_CIPHER_SM2 PAD_ISO9797_1_M2_ALG3 ALG_SHA3_384;no;		0.014000;0;0;0
SIG_CIPHER_SM2 PAD_ISO9797_1_M2_ALG3 ALG_SHA3_512;no;		0.014000;0;0;0
SIG_CIPHER_SM2 PAD_PKCS5 ALG_NULL;no;		0.014000;0;0;0
SIG_CIPHER_SM2 PAD_PKCS5 ALG_SHA;no;		0.014000;0;0;0
SIG_CIPHER_SM2 PAD_PKCS5 ALG_MD5;no;		0.015000;0;0;0
SIG_CIPHER_SM2 PAD_PKCS5 ALG_RIPEMD160;no;		0.014000;0;0;0
SIG_CIPHER_SM2 PAD_PKCS5 ALG_SHA_256;no;		0.014000;0;0;0
SIG_CIPHER_SM2 PAD_PKCS5 ALG_SHA_384;no;		0.014000;0;0;0
SIG_CIPHER_SM2 PAD_PKCS5 ALG_SHA_512;no;		0.014000;0;0;0
SIG_CIPHER_SM2 PAD_PKCS5 ALG_SHA_224;no;		0.014000;0;0;0
SIG_CIPHER_SM2 PAD_PKCS5 ALG_SHA3_224;no;		0.014000;0;0;0
SIG_CIPHER_SM2 PAD_PKCS5 ALG_SHA3_256;no;		0.014000;0;0;0
SIG_CIPHER_SM2 PAD_PKCS5 ALG_SHA3_384;no;		0.014000;0;0;0
SIG_CIPHER_SM2 PAD_PKCS5 ALG_SHA3_512;no;		0.014000;0;0;0
SIG_CIPHER_SM2 PAD_PKCS1 ALG_NULL;no;		0.014000;0;0;0
SIG_CIPHER_SM2 PAD_PKCS1 ALG_SHA;no;		0.014000;0;0;0
SIG_CIPHER_SM2 PAD_PKCS1 ALG_MD5;no;		0.014000;0;0;0
SIG_CIPHER_SM2 PAD_PKCS1 ALG_RIPEMD160;no;		0.014000;0;0;0
SIG_CIPHER_SM2 PAD_PKCS1 ALG_SHA_256;no;		0.014000;0;0;0
SIG_CIPHER_SM2 PAD_PKCS1 ALG_SHA_384;no;		0.014000;0;0;0
SIG_CIPHER_SM2 PAD_PKCS1 ALG_SHA_512;no;		0.014000;0;0;0
SIG_CIPHER_SM2 PAD_PKCS1 ALG_SHA_224;no;		0.014000;0;0;0
SIG_CIPHER_SM2 PAD_PKCS1 ALG_SHA3_224;no;		0.014000;0;0;0
SIG_CIPHER_SM2 PAD_PKCS1 ALG_SHA3_256;no;		0.014000;0;0;0
SIG_CIPHER_SM2 PAD_PKCS1 ALG_SHA3_384;no;		0.014000;0;0;0
SIG_CIPHER_SM2 PAD_PKCS1 ALG_SHA3_512;no;		0.015000;0;0;0
SIG_CIPHER_SM2 PAD_PKCS1_PSS ALG_NULL;no;		0.014000;0;0;0
SIG_CIPHER_SM2 PAD_PKCS1_PSS ALG_SHA;no;		0.014000;0;0;0
SIG_CIPHER_SM2 PAD_PKCS1_PSS ALG_MD5;no;		0.014000;0;0;0
SIG_CIPHER_SM2 PAD_PKCS1_PSS ALG_RIPEMD160;no;		0.014000;0;0;0
SIG_CIPHER_SM2 PAD_PKCS1_PSS ALG_SHA_256;no;		0.014000;0;0;0
SIG_CIPHER_SM2 PAD_PKCS1_PSS ALG_SHA_384;no;		0.014000;0;0;0
SIG_CIPHER_SM2 PAD_PKCS1_PSS ALG_SHA_512;no;		0.014000;0;0;0
SIG_CIPHER_SM2 PAD_PKCS1_PSS ALG_SHA_224;no;		0.014000;0;0;0
SIG_CIPHER_SM2 PAD_PKCS1_PSS ALG_SHA3_224;no;		0.014000;0;0;0
SIG_CIPHER_SM2 PAD_PKCS1_PSS ALG_SHA3_256;no;		0.015000;0;0;0
SIG_CIPHER_SM2 PAD_PKCS1_PSS ALG_SHA3_384;no;		0.014000;0;0;0
SIG_CIPHER_SM2 PAD_PKCS1_PSS ALG_SHA3_512;no;		0.014000;0;0;0
SIG_CIPHER_SM2 PAD_PKCS1_OAEP ALG_NULL;no;		0.014000;0;0;0
SIG_CIPHER_SM2 PAD_PKCS1_OAEP ALG_SHA;no;		0.014000;0;0;0
SIG_CIPHER_SM2 PAD_PKCS1_OAEP ALG_MD5;no;		0.014000;0;0;0
SIG_CIPHER_SM2 PAD_PKCS1_OAEP ALG_RIPEMD160;no;		0.014000;0;0;0
SIG_CIPHER_SM2 PAD_PKCS1_OAEP ALG_SHA_256;no;		0.014000;0;0;0
SIG_CIPHER_SM2 PAD_PKCS1_OAEP ALG_SHA_384;no;		0.014000;0;0;0
SIG_CIPHER_SM2 PAD_PKCS1_OAEP ALG_SHA_512;no;		0.015000;0;0;0
SIG_CIPHER_SM2 PAD_PKCS1_OAEP ALG_SHA_224;no;		0.015000;0;0;0
SIG_CIPHER_SM2 PAD_PKCS1_OAEP ALG_SHA3_224;no;		0.014000;0;0;0
SIG_CIPHER_SM2 PAD_PKCS1_OAEP ALG_SHA3_256;no;		0.015000;0;0;0
SIG_CIPHER_SM2 PAD_PKCS1_OAEP ALG_SHA3_384;no;		0.014000;0;0;0
SIG_CIPHER_SM2 PAD_PKCS1_OAEP ALG_SHA3_512;no;		0.014000;0;0;0
SIG_CIPHER_SM2 PAD_ISO9796 ALG_NULL;no;		0.014000;0;0;0
SIG_CIPHER_SM2 PAD_ISO9796 ALG_SHA;no;		0.014000;0;0;0
SIG_CIPHER_SM2 PAD_ISO9796 ALG_MD5;no;		0.014000;0;0;0
SIG_CIPHER_SM2 PAD_ISO9796 ALG_RIPEMD160;no;		0.014000;0;0;0
SIG_CIPHER_SM2 PAD_ISO9796 ALG_SHA_256;no;		0.015000;0;0;0
SIG_CIPHER_SM2 PAD_ISO9796 ALG_SHA_384;no;		0.014000;0;0;0
SIG_CIPHER_SM2 PAD_ISO9796 ALG_SHA_512;no;		0.014000;0;0;0
SIG_CIPHER_SM2 PAD_ISO9796 ALG_SHA_224;no;		0.015000;0;0;0
SIG_CIPHER_SM2 PAD_ISO9796 ALG_SHA3_224;no;		0.014000;0;0;0
SIG_CIPHER_SM2 PAD_ISO9796 ALG_SHA3_256;no;		0.014000;0;0;0
SIG_CIPHER_SM2 PAD_ISO9796 ALG_SHA3_384;no;		0.014000;0;0;0
SIG_CIPHER_SM2 PAD_ISO9796 ALG_SHA3_512;no;		0.014000;0;0;0
SIG_CIPHER_SM2 PAD_ISO9796_MR ALG_NULL;no;		0.014000;0;0;0
SIG_CIPHER_SM2 PAD_ISO9796_MR ALG_SHA;no;		0.014000;0;0;0
SIG_CIPHER_SM2 PAD_ISO9796_MR ALG_MD5;no;		0.015000;0;0;0
SIG_CIPHER_SM2 PAD_ISO9796_MR ALG_RIPEMD160;no;		0.014000;0;0;0
SIG_CIPHER_SM2 PAD_ISO9796_MR ALG_SHA_256;no;		0.014000;0;0;0
SIG_CIPHER_SM2 PAD_ISO9796_MR ALG_SHA_384;no;		0.014000;0;0;0
SIG_CIPHER_SM2 PAD_ISO9796_MR ALG_SHA_512;no;		0.014000;0;0;0
SIG_CIPHER_SM2 PAD_ISO9796_MR ALG_SHA_224;no;		0.014000;0;0;0
SIG_CIPHER_SM2 PAD_ISO9796_MR ALG_SHA3_224;no;		0.015000;0;0;0
SIG_CIPHER_SM2 PAD_ISO9796_MR ALG_SHA3_256;no;		0.014000;0;0;0
SIG_CIPHER_SM2 PAD_ISO9796_MR ALG_SHA3_384;no;		0.014000;0;0;0
SIG_CIPHER_SM2 PAD_ISO9796_MR ALG_SHA3_512;no;		0.014000;0;0;0
SIG_CIPHER_SM2 PAD_RFC2409 ALG_NULL;no;		0.014000;0;0;0
SIG_CIPHER_SM2 PAD_RFC2409 ALG_SHA;no;		0.014000;0;0;0
SIG_CIPHER_SM2 PAD_RFC2409 ALG_MD5;no;		0.015000;0;0;0
SIG_CIPHER_SM2 PAD_RFC2409 ALG_RIPEMD160;no;		0.014000;0;0;0
SIG_CIPHER_SM2 PAD_RFC2409 ALG_SHA_256;no;		0.014000;0;0;0
SIG_CIPHER_SM2 PAD_RFC2409 ALG_SHA_384;no;		0.014000;0;0;0
SIG_CIPHER_SM2 PAD_RFC2409 ALG_SHA_512;no;		0.015000;0;0;0
SIG_CIPHER_SM2 PAD_RFC2409 ALG_SHA_224;no;		0.014000;0;0;0
SIG_CIPHER_SM2 PAD_RFC2409 ALG_SHA3_224;no;		0.014000;0;0;0
SIG_CIPHER_SM2 PAD_RFC2409 ALG_SHA3_256;no;		0.015000;0;0;0
SIG_CIPHER_SM2 PAD_RFC2409 ALG_SHA3_384;no;		0.014000;0;0;0
SIG_CIPHER_SM2 PAD_RFC2409 ALG_SHA3_512;no;		0.014000;0;0;0
SIG_CIPHER_SM2 PAD_PKCS1_OAEP_SHA224 ALG_NULL;no;		0.015000;0;0;0
SIG_CIPHER_SM2 PAD_PKCS1_OAEP_SHA224 ALG_SHA;no;		0.014000;0;0;0
SIG_CIPHER_SM2 PAD_PKCS1_OAEP_SHA224 ALG_MD5;no;		0.014000;0;0;0
SIG_CIPHER_SM2 PAD_PKCS1_OAEP_SHA224 ALG_RIPEMD160;no;		0.014000;0;0;0
SIG_CIPHER_SM2 PAD_PKCS1_OAEP_SHA224 ALG_SHA_256;no;		0.014000;0;0;0
SIG_CIPHER_SM2 PAD_PKCS1_OAEP_SHA224 ALG_SHA_384;no;		0.014000;0;0;0
SIG_CIPHER_SM2 PAD_PKCS1_OAEP_SHA224 ALG_SHA_512;no;		0.014000;0;0;0
SIG_CIPHER_SM2 PAD_PKCS1_OAEP_SHA224 ALG_SHA_224;no;		0.014000;0;0;0
SIG_CIPHER_SM2 PAD_PKCS1_OAEP_SHA224 ALG_SHA3_224;no;		0.014000;0;0;0
SIG_CIPHER_SM2 PAD_PKCS1_OAEP_SHA224 ALG_SHA3_256;no;		0.014000;0;0;0
SIG_CIPHER_SM2 PAD_PKCS1_OAEP_SHA224 ALG_SHA3_384;no;		0.014000;0;0;0
SIG_CIPHER_SM2 PAD_PKCS1_OAEP_SHA224 ALG_SHA3_512;no;		0.014000;0;0;0
SIG_CIPHER_SM2 PAD_PKCS1_OAEP_SHA256 ALG_NULL;no;		0.015000;0;0;0
SIG_CIPHER_SM2 PAD_PKCS1_OAEP_SHA256 ALG_SHA;no;		0.014000;0;0;0
SIG_CIPHER_SM2 PAD_PKCS1_OAEP_SHA256 ALG_MD5;no;		0.014000;0;0;0
SIG_CIPHER_SM2 PAD_PKCS1_OAEP_SHA256 ALG_RIPEMD160;no;		0.014000;0;0;0
SIG_CIPHER_SM2 PAD_PKCS1_OAEP_SHA256 ALG_SHA_256;no;		0.014000;0;0;0
SIG_CIPHER_SM2 PAD_PKCS1_OAEP_SHA256 ALG_SHA_384;no;		0.014000;0;0;0
SIG_CIPHER_SM2 PAD_PKCS1_OAEP_SHA256 ALG_SHA_512;no;		0.014000;0;0;0
SIG_CIPHER_SM2 PAD_PKCS1_OAEP_SHA256 ALG_SHA_224;no;		0.015000;0;0;0
SIG_CIPHER_SM2 PAD_PKCS1_OAEP_SHA256 ALG_SHA3_224;no;		0.014000;0;0;0
SIG_CIPHER_SM2 PAD_PKCS1_OAEP_SHA256 ALG_SHA3_256;no;		0.015000;0;0;0
SIG_CIPHER_SM2 PAD_PKCS1_OAEP_SHA256 ALG_SHA3_384;no;		0.014000;0;0;0
SIG_CIPHER_SM2 PAD_PKCS1_OAEP_SHA256 ALG_SHA3_512;no;		0.015000;0;0;0
SIG_CIPHER_SM2 PAD_PKCS1_OAEP_SHA384 ALG_NULL;no;		0.014000;0;0;0
SIG_CIPHER_SM2 PAD_PKCS1_OAEP_SHA384 ALG_SHA;no;		0.014000;0;0;0
SIG_CIPHER_SM2 PAD_PKCS1_OAEP_SHA384 ALG_MD5;no;		0.014000;0;0;0
SIG_CIPHER_SM2 PAD_PKCS1_OAEP_SHA384 ALG_RIPEMD160;no;		0.014000;0;0;0
SIG_CIPHER_SM2 PAD_PKCS1_OAEP_SHA384 ALG_SHA_256;no;		0.014000;0;0;0
SIG_CIPHER_SM2 PAD_PKCS1_OAEP_SHA384 ALG_SHA_384;no;		0.015000;0;0;0
SIG_CIPHER_SM2 PAD_PKCS1_OAEP_SHA384 ALG_SHA_512;no;		0.014000;0;0;0
SIG_CIPHER_SM2 PAD_PKCS1_OAEP_SHA384 ALG_SHA_224;no;		0.014000;0;0;0
SIG_CIPHER_SM2 PAD_PKCS1_OAEP_SHA384 ALG_SHA3_224;no;		0.014000;0;0;0
SIG_CIPHER_SM2 PAD_PKCS1_OAEP_SHA384 ALG_SHA3_256;no;		0.015000;0;0;0
SIG_CIPHER_SM2 PAD_PKCS1_OAEP_SHA384 ALG_SHA3_384;no;		0.014000;0;0;0
SIG_CIPHER_SM2 PAD_PKCS1_OAEP_SHA384 ALG_SHA3_512;no;		0.015000;0;0;0
SIG_CIPHER_SM2 PAD_PKCS1_OAEP_SHA512 ALG_NULL;no;		0.015000;0;0;0
SIG_CIPHER_SM2 PAD_PKCS1_OAEP_SHA512 ALG_SHA;no;		0.015000;0;0;0
SIG_CIPHER_SM2 PAD_PKCS1_OAEP_SHA512 ALG_MD5;no;		0.014000;0;0;0
SIG_CIPHER_SM2 PAD_PKCS1_OAEP_SHA512 ALG_RIPEMD160;no;		0.014000;0;0;0
SIG_CIPHER_SM2 PAD_PKCS1_OAEP_SHA512 ALG_SHA_256;no;		0.014000;0;0;0
SIG_CIPHER_SM2 PAD_PKCS1_OAEP_SHA512 ALG_SHA_384;no;		0.014000;0;0;0
SIG_CIPHER_SM2 PAD_PKCS1_OAEP_SHA512 ALG_SHA_512;no;		0.014000;0;0;0
SIG_CIPHER_SM2 PAD_PKCS1_OAEP_SHA512 ALG_SHA_224;no;		0.014000;0;0;0
SIG_CIPHER_SM2 PAD_PKCS1_OAEP_SHA512 ALG_SHA3_224;no;		0.014000;0;0;0
SIG_CIPHER_SM2 PAD_PKCS1_OAEP_SHA512 ALG_SHA3_256;no;		0.014000;0;0;0
SIG_CIPHER_SM2 PAD_PKCS1_OAEP_SHA512 ALG_SHA3_384;no;		0.014000;0;0;0
SIG_CIPHER_SM2 PAD_PKCS1_OAEP_SHA512 ALG_SHA3_512;no;		0.014000;0;0;0
SIG_CIPHER_SM2 PAD_PKCS1_OAEP_SHA3_224 ALG_NULL;no;		0.014000;0;0;0
SIG_CIPHER_SM2 PAD_PKCS1_OAEP_SHA3_224 ALG_SHA;no;		0.014000;0;0;0
SIG_CIPHER_SM2 PAD_PKCS1_OAEP_SHA3_224 ALG_MD5;no;		0.014000;0;0;0
SIG_CIPHER_SM2 PAD_PKCS1_OAEP_SHA3_224 ALG_RIPEMD160;no;		0.014000;0;0;0
SIG_CIPHER_SM2 PAD_PKCS1_OAEP_SHA3_224 ALG_SHA_256;no;		0.014000;0;0;0
SIG_CIPHER_SM2 PAD_PKCS1_OAEP_SHA3_224 ALG_SHA_384;no;		0.014000;0;0;0
SIG_CIPHER_SM2 PAD_PKCS1_OAEP_SHA3_224 ALG_SHA_512;no;		0.014000;0;0;0
SIG_CIPHER_SM2 PAD_PKCS1_OAEP_SHA3_224 ALG_SHA_224;no;		0.014000;0;0;0
SIG_CIPHER_SM2 PAD_PKCS1_OAEP_SHA3_224 ALG_SHA3_224;no;		0.014000;0;0;0
SIG_CIPHER_SM2 PAD_PKCS1_OAEP_SHA3_224 ALG_SHA3_256;no;		0.014000;0;0;0
SIG_CIPHER_SM2 PAD_PKCS1_OAEP_SHA3_224 ALG_SHA3_384;no;		0.014000;0;0;0
SIG_CIPHER_SM2 PAD_PKCS1_OAEP_SHA3_224 ALG_SHA3_512;no;		0.014000;0;0;0
SIG_CIPHER_SM2 PAD_PKCS1_OAEP_SHA3_256 ALG_NULL;no;		0.014000;0;0;0
SIG_CIPHER_SM2 PAD_PKCS1_OAEP_SHA3_256 ALG_SHA;no;		0.014000;0;0;0
SIG_CIPHER_SM2 PAD_PKCS1_OAEP_SHA3_256 ALG_MD5;no;		0.014000;0;0;0
SIG_CIPHER_SM2 PAD_PKCS1_OAEP_SHA3_256 ALG_RIPEMD160;no;		0.014000;0;0;0
SIG_CIPHER_SM2 PAD_PKCS1_OAEP_SHA3_256 ALG_SHA_256;no;		0.014000;0;0;0
SIG_CIPHER_SM2 PAD_PKCS1_OAEP_SHA3_256 ALG_SHA_384;no;		0.014000;0;0;0
SIG_CIPHER_SM2 PAD_PKCS1_OAEP_SHA3_256 ALG_SHA_512;no;		0.014000;0;0;0
SIG_CIPHER_SM2 PAD_PKCS1_OAEP_SHA3_256 ALG_SHA_224;no;		0.015000;0;0;0
SIG_CIPHER_SM2 PAD_PKCS1_OAEP_SHA3_256 ALG_SHA3_224;no;		0.014000;0;0;0
SIG_CIPHER_SM2 PAD_PKCS1_OAEP_SHA3_256 ALG_SHA3_256;no;		0.015000;0;0;0
SIG_CIPHER_SM2 PAD_PKCS1_OAEP_SHA3_256 ALG_SHA3_384;no;		0.014000;0;0;0
SIG_CIPHER_SM2 PAD_PKCS1_OAEP_SHA3_256 ALG_SHA3_512;no;		0.014000;0;0;0
SIG_CIPHER_SM2 PAD_PKCS1_OAEP_SHA3_384 ALG_NULL;no;		0.015000;0;0;0
SIG_CIPHER_SM2 PAD_PKCS1_OAEP_SHA3_384 ALG_SHA;no;		0.015000;0;0;0
SIG_CIPHER_SM2 PAD_PKCS1_OAEP_SHA3_384 ALG_MD5;no;		0.014000;0;0;0
SIG_CIPHER_SM2 PAD_PKCS1_OAEP_SHA3_384 ALG_RIPEMD160;no;		0.014000;0;0;0
SIG_CIPHER_SM2 PAD_PKCS1_OAEP_SHA3_384 ALG_SHA_256;no;		0.014000;0;0;0
SIG_CIPHER_SM2 PAD_PKCS1_OAEP_SHA3_384 ALG_SHA_384;no;		0.014000;0;0;0
SIG_CIPHER_SM2 PAD_PKCS1_OAEP_SHA3_384 ALG_SHA_512;no;		0.015000;0;0;0
SIG_CIPHER_SM2 PAD_PKCS1_OAEP_SHA3_384 ALG_SHA_224;no;		0.015000;0;0;0
SIG_CIPHER_SM2 PAD_PKCS1_OAEP_SHA3_384 ALG_SHA3_224;no;		0.015000;0;0;0
SIG_CIPHER_SM2 PAD_PKCS1_OAEP_SHA3_384 ALG_SHA3_256;no;		0.015000;0;0;0
SIG_CIPHER_SM2 PAD_PKCS1_OAEP_SHA3_384 ALG_SHA3_384;no;		0.014000;0;0;0
SIG_CIPHER_SM2 PAD_PKCS1_OAEP_SHA3_384 ALG_SHA3_512;no;		0.015000;0;0;0
SIG_CIPHER_SM2 PAD_PKCS1_OAEP_SHA3_512 ALG_NULL;no;		0.014000;0;0;0
SIG_CIPHER_SM2 PAD_PKCS1_OAEP_SHA3_512 ALG_SHA;no;		0.014000;0;0;0
SIG_CIPHER_SM2 PAD_PKCS1_OAEP_SHA3_512 ALG_MD5;no;		0.014000;0;0;0
SIG_CIPHER_SM2 PAD_PKCS1_OAEP_SHA3_512 ALG_RIPEMD160;no;		0.014000;0;0;0
SIG_CIPHER_SM2 PAD_PKCS1_OAEP_SHA3_512 ALG_SHA_256;no;		0.014000;0;0;0
SIG_CIPHER_SM2 PAD_PKCS1_OAEP_SHA3_512 ALG_SHA_384;no;		0.015000;0;0;0
SIG_CIPHER_SM2 PAD_PKCS1_OAEP_SHA3_512 ALG_SHA_512;no;		0.015000;0;0;0
SIG_CIPHER_SM2 PAD_PKCS1_OAEP_SHA3_512 ALG_SHA_224;no;		0.015000;0;0;0
SIG_CIPHER_SM2 PAD_PKCS1_OAEP_SHA3_512 ALG_SHA3_224;no;		0.014000;0;0;0
SIG_CIPHER_SM2 PAD_PKCS1_OAEP_SHA3_512 ALG_SHA3_256;no;		0.014000;0;0;0
SIG_CIPHER_SM2 PAD_PKCS1_OAEP_SHA3_512 ALG_SHA3_384;no;		0.014000;0;0;0
SIG_CIPHER_SM2 PAD_PKCS1_OAEP_SHA3_512 ALG_SHA3_512;no;		0.015000;0;0;0
SIG_CIPHER_SM2 PAD_ISO9796_MR_SCHEME_2 ALG_NULL;no;		0.015000;0;0;0
SIG_CIPHER_SM2 PAD_ISO9796_MR_SCHEME_2 ALG_SHA;no;		0.014000;0;0;0
SIG_CIPHER_SM2 PAD_ISO9796_MR_SCHEME_2 ALG_MD5;no;		0.014000;0;0;0
SIG_CIPHER_SM2 PAD_ISO9796_MR_SCHEME_2 ALG_RIPEMD160;no;		0.014000;0;0;0
SIG_CIPHER_SM2 PAD_ISO9796_MR_SCHEME_2 ALG_SHA_256;no;		0.015000;0;0;0
SIG_CIPHER_SM2 PAD_ISO9796_MR_SCHEME_2 ALG_SHA_384;no;		0.015000;0;0;0
SIG_CIPHER_SM2 PAD_ISO9796_MR_SCHEME_2 ALG_SHA_512;no;		0.015000;0;0;0
SIG_CIPHER_SM2 PAD_ISO9796_MR_SCHEME_2 ALG_SHA_224;no;		0.014000;0;0;0
SIG_CIPHER_SM2 PAD_ISO9796_MR_SCHEME_2 ALG_SHA3_224;no;		0.014000;0;0;0
SIG_CIPHER_SM2 PAD_ISO9796_MR_SCHEME_2 ALG_SHA3_256;no;		0.015000;0;0;0
SIG_CIPHER_SM2 PAD_ISO9796_MR_SCHEME_2 ALG_SHA3_384;no;		0.015000;0;0;0
SIG_CIPHER_SM2 PAD_ISO9796_MR_SCHEME_2 ALG_SHA3_512;no;		0.014000;0;0;0
SIG_CIPHER_SM2 PAD_ISO9796_MR_SCHEME_3 ALG_NULL;no;		0.014000;0;0;0
SIG_CIPHER_SM2 PAD_ISO9796_MR_SCHEME_3 ALG_SHA;no;		0.014000;0;0;0
SIG_CIPHER_SM2 PAD_ISO9796_MR_SCHEME_3 ALG_MD5;no;		0.014000;0;0;0
SIG_CIPHER_SM2 PAD_ISO9796_MR_SCHEME_3 ALG_RIPEMD160;no;		0.014000;0;0;0
SIG_CIPHER_SM2 PAD_ISO9796_MR_SCHEME_3 ALG_SHA_256;no;		0.014000;0;0;0
SIG_CIPHER_SM2 PAD_ISO9796_MR_SCHEME_3 ALG_SHA_384;no;		0.014000;0;0;0
SIG_CIPHER_SM2 PAD_ISO9796_MR_SCHEME_3 ALG_SHA_512;no;		0.014000;0;0;0
SIG_CIPHER_SM2 PAD_ISO9796_MR_SCHEME_3 ALG_SHA_224;no;		0.014000;0;0;0
SIG_CIPHER_SM2 PAD_ISO9796_MR_SCHEME_3 ALG_SHA3_224;no;		0.015000;0;0;0
SIG_CIPHER_SM2 PAD_ISO9796_MR_SCHEME_3 ALG_SHA3_256;no;		0.014000;0;0;0
SIG_CIPHER_SM2 PAD_ISO9796_MR_SCHEME_3 ALG_SHA3_384;no;		0.014000;0;0;0
SIG_CIPHER_SM2 PAD_ISO9796_MR_SCHEME_3 ALG_SHA3_512;no;		0.015000;0;0;0
SIG_CIPHER_SM4_MAC128 PAD_NULL ALG_NULL;no;		0.015000;0;0;0
SIG_CIPHER_SM4_MAC128 PAD_NULL ALG_SHA;no;		0.014000;0;0;0
SIG_CIPHER_SM4_MAC128 PAD_NULL ALG_MD5;no;		0.014000;0;0;0
SIG_CIPHER_SM4_MAC128 PAD_NULL ALG_RIPEMD160;no;		0.014000;0;0;0
SIG_CIPHER_SM4_MAC128 PAD_NULL ALG_SHA_256;no;		0.014000;0;0;0
SIG_CIPHER_SM4_MAC128 PAD_NULL ALG_SHA_384;no;		0.014000;0;0;0
SIG_CIPHER_SM4_MAC128 PAD_NULL ALG_SHA_512;no;		0.014000;0;0;0
SIG_CIPHER_SM4_MAC128 PAD_NULL ALG_SHA_224;no;		0.014000;0;0;0
SIG_CIPHER_SM4_MAC128 PAD_NULL ALG_SHA3_224;no;		0.015000;0;0;0
SIG_CIPHER_SM4_MAC128 PAD_NULL ALG_SHA3_256;no;		0.013000;0;0;0
SIG_CIPHER_SM4_MAC128 PAD_NULL ALG_SHA3_384;no;		0.014000;0;0;0
SIG_CIPHER_SM4_MAC128 PAD_NULL ALG_SHA3_512;no;		0.014000;0;0;0
SIG_CIPHER_SM4_MAC128 PAD_NOPAD ALG_NULL;no;		0.014000;0;0;0
SIG_CIPHER_SM4_MAC128 PAD_NOPAD ALG_SHA;no;		0.014000;0;0;0
SIG_CIPHER_SM4_MAC128 PAD_NOPAD ALG_MD5;no;		0.015000;0;0;0
SIG_CIPHER_SM4_MAC128 PAD_NOPAD ALG_RIPEMD160;no;		0.014000;0;0;0
SIG_CIPHER_SM4_MAC128 PAD_NOPAD ALG_SHA_256;no;		0.014000;0;0;0
SIG_CIPHER_SM4_MAC128 PAD_NOPAD ALG_SHA_384;no;		0.014000;0;0;0
SIG_CIPHER_SM4_MAC128 PAD_NOPAD ALG_SHA_512;no;		0.015000;0;0;0
SIG_CIPHER_SM4_MAC128 PAD_NOPAD ALG_SHA_224;no;		0.014000;0;0;0
SIG_CIPHER_SM4_MAC128 PAD_NOPAD ALG_SHA3_224;no;		0.015000;0;0;0
SIG_CIPHER_SM4_MAC128 PAD_NOPAD ALG_SHA3_256;no;		0.015000;0;0;0
SIG_CIPHER_SM4_MAC128 PAD_NOPAD ALG_SHA3_384;no;		0.014000;0;0;0
SIG_CIPHER_SM4_MAC128 PAD_NOPAD ALG_SHA3_512;no;		0.014000;0;0;0
SIG_CIPHER_SM4_MAC128 PAD_ISO9797_M1 ALG_NULL;no;		0.014000;0;0;0
SIG_CIPHER_SM4_MAC128 PAD_ISO9797_M1 ALG_SHA;no;		0.014000;0;0;0
SIG_CIPHER_SM4_MAC128 PAD_ISO9797_M1 ALG_MD5;no;		0.014000;0;0;0
SIG_CIPHER_SM4_MAC128 PAD_ISO9797_M1 ALG_RIPEMD160;no;		0.014000;0;0;0
SIG_CIPHER_SM4_MAC128 PAD_ISO9797_M1 ALG_SHA_256;no;		0.014000;0;0;0
SIG_CIPHER_SM4_MAC128 PAD_ISO9797_M1 ALG_SHA_384;no;		0.014000;0;0;0
SIG_CIPHER_SM4_MAC128 PAD_ISO9797_M1 ALG_SHA_512;no;		0.014000;0;0;0
SIG_CIPHER_SM4_MAC128 PAD_ISO9797_M1 ALG_SHA_224;no;		0.014000;0;0;0
SIG_CIPHER_SM4_MAC128 PAD_ISO9797_M1 ALG_SHA3_224;no;		0.014000;0;0;0
SIG_CIPHER_SM4_MAC128 PAD_ISO9797_M1 ALG_SHA3_256;no;		0.015000;0;0;0
SIG_CIPHER_SM4_MAC128 PAD_ISO9797_M1 ALG_SHA3_384;no;		0.014000;0;0;0
SIG_CIPHER_SM4_MAC128 PAD_ISO9797_M1 ALG_SHA3_512;no;		0.014000;0;0;0
SIG_CIPHER_SM4_MAC128 PAD_ISO9797_M2 ALG_NULL;no;		0.015000;0;0;0
SIG_CIPHER_SM4_MAC128 PAD_ISO9797_M2 ALG_SHA;no;		0.014000;0;0;0
SIG_CIPHER_SM4_MAC128 PAD_ISO9797_M2 ALG_MD5;no;		0.015000;0;0;0
SIG_CIPHER_SM4_MAC128 PAD_ISO9797_M2 ALG_RIPEMD160;no;		0.014000;0;0;0
SIG_CIPHER_SM4_MAC128 PAD_ISO9797_M2 ALG_SHA_256;no;		0.014000;0;0;0
SIG_CIPHER_SM4_MAC128 PAD_ISO9797_M2 ALG_SHA_384;no;		0.015000;0;0;0
SIG_CIPHER_SM4_MAC128 PAD_ISO9797_M2 ALG_SHA_512;no;		0.014000;0;0;0
SIG_CIPHER_SM4_MAC128 PAD_ISO9797_M2 ALG_SHA_224;no;		0.014000;0;0;0
SIG_CIPHER_SM4_MAC128 PAD_ISO9797_M2 ALG_SHA3_224;no;		0.015000;0;0;0
SIG_CIPHER_SM4_MAC128 PAD_ISO9797_M2 ALG_SHA3_256;no;		0.015000;0;0;0
SIG_CIPHER_SM4_MAC128 PAD_ISO9797_M2 ALG_SHA3_384;no;		0.014000;0;0;0
SIG_CIPHER_SM4_MAC128 PAD_ISO9797_M2 ALG_SHA3_512;no;		0.014000;0;0;0
SIG_CIPHER_SM4_MAC128 PAD_ISO9797_1_M1_ALG3 ALG_NULL;no;		0.014000;0;0;0
SIG_CIPHER_SM4_MAC128 PAD_ISO9797_1_M1_ALG3 ALG_SHA;no;		0.014000;0;0;0
SIG_CIPHER_SM4_MAC128 PAD_ISO9797_1_M1_ALG3 ALG_MD5;no;		0.015000;0;0;0
SIG_CIPHER_SM4_MAC128 PAD_ISO9797_1_M1_ALG3 ALG_RIPEMD160;no;		0.015000;0;0;0
SIG_CIPHER_SM4_MAC128 PAD_ISO9797_1_M1_ALG3 ALG_SHA_256;no;		0.015000;0;0;0
SIG_CIPHER_SM4_MAC128 PAD_ISO9797_1_M1_ALG3 ALG_SHA_384;no;		0.015000;0;0;0
SIG_CIPHER_SM4_MAC128 PAD_ISO9797_1_M1_ALG3 ALG_SHA_512;no;		0.014000;0;0;0
SIG_CIPHER_SM4_MAC128 PAD_ISO9797_1_M1_ALG3 ALG_SHA_224;no;		0.014000;0;0;0
SIG_CIPHER_SM4_MAC128 PAD_ISO9797_1_M1_ALG3 ALG_SHA3_224;no;		0.014000;0;0;0
SIG_CIPHER_SM4_MAC128 PAD_ISO9797_1_M1_ALG3 ALG_SHA3_256;no;		0.014000;0;0;0
SIG_CIPHER_SM4_MAC128 PAD_ISO9797_1_M1_ALG3 ALG_SHA3_384;no;		0.015000;0;0;0
SIG_CIPHER_SM4_MAC128 PAD_ISO9797_1_M1_ALG3 ALG_SHA3_512;no;		0.014000;0;0;0
SIG_CIPHER_SM4_MAC128 PAD_ISO9797_1_M2_ALG3 ALG_NULL;no;		0.015000;0;0;0
SIG_CIPHER_SM4_MAC128 PAD_ISO9797_1_M2_ALG3 ALG_SHA;no;		0.014000;0;0;0
SIG_CIPHER_SM4_MAC128 PAD_ISO9797_1_M2_ALG3 ALG_MD5;no;		0.014000;0;0;0
SIG_CIPHER_SM4_MAC128 PAD_ISO9797_1_M2_ALG3 ALG_RIPEMD160;no;		0.014000;0;0;0
SIG_CIPHER_SM4_MAC128 PAD_ISO9797_1_M2_ALG3 ALG_SHA_256;no;		0.014000;0;0;0
SIG_CIPHER_SM4_MAC128 PAD_ISO9797_1_M2_ALG3 ALG_SHA_384;no;		0.014000;0;0;0
SIG_CIPHER_SM4_MAC128 PAD_ISO9797_1_M2_ALG3 ALG_SHA_512;no;		0.014000;0;0;0
SIG_CIPHER_SM4_MAC128 PAD_ISO9797_1_M2_ALG3 ALG_SHA_224;no;		0.014000;0;0;0
SIG_CIPHER_SM4_MAC128 PAD_ISO9797_1_M2_ALG3 ALG_SHA3_224;no;		0.014000;0;0;0
SIG_CIPHER_SM4_MAC128 PAD_ISO9797_1_M2_ALG3 ALG_SHA3_256;no;		0.015000;0;0;0
SIG_CIPHER_SM4_MAC128 PAD_ISO9797_1_M2_ALG3 ALG_SHA3_384;no;		0.014000;0;0;0
SIG_CIPHER_SM4_MAC128 PAD_ISO9797_1_M2_ALG3 ALG_SHA3_512;no;		0.014000;0;0;0
SIG_CIPHER_SM4_MAC128 PAD_PKCS5 ALG_NULL;no;		0.015000;0;0;0
SIG_CIPHER_SM4_MAC128 PAD_PKCS5 ALG_SHA;no;		0.015000;0;0;0
SIG_CIPHER_SM4_MAC128 PAD_PKCS5 ALG_MD5;no;		0.014000;0;0;0
SIG_CIPHER_SM4_MAC128 PAD_PKCS5 ALG_RIPEMD160;no;		0.015000;0;0;0
SIG_CIPHER_SM4_MAC128 PAD_PKCS5 ALG_SHA_256;no;		0.015000;0;0;0
SIG_CIPHER_SM4_MAC128 PAD_PKCS5 ALG_SHA_384;no;		0.015000;0;0;0
SIG_CIPHER_SM4_MAC128 PAD_PKCS5 ALG_SHA_512;no;		0.015000;0;0;0
SIG_CIPHER_SM4_MAC128 PAD_PKCS5 ALG_SHA_224;no;		0.015000;0;0;0
SIG_CIPHER_SM4_MAC128 PAD_PKCS5 ALG_SHA3_224;no;		0.015000;0;0;0
SIG_CIPHER_SM4_MAC128 PAD_PKCS5 ALG_SHA3_256;no;		0.014000;0;0;0
SIG_CIPHER_SM4_MAC128 PAD_PKCS5 ALG_SHA3_384;no;		0.014000;0;0;0
SIG_CIPHER_SM4_MAC128 PAD_PKCS5 ALG_SHA3_512;no;		0.014000;0;0;0
SIG_CIPHER_SM4_MAC128 PAD_PKCS1 ALG_NULL;no;		0.014000;0;0;0
SIG_CIPHER_SM4_MAC128 PAD_PKCS1 ALG_SHA;no;		0.014000;0;0;0
SIG_CIPHER_SM4_MAC128 PAD_PKCS1 ALG_MD5;no;		0.014000;0;0;0
SIG_CIPHER_SM4_MAC128 PAD_PKCS1 ALG_RIPEMD160;no;		0.015000;0;0;0
SIG_CIPHER_SM4_MAC128 PAD_PKCS1 ALG_SHA_256;no;		0.015000;0;0;0
SIG_CIPHER_SM4_MAC128 PAD_PKCS1 ALG_SHA_384;no;		0.015000;0;0;0
SIG_CIPHER_SM4_MAC128 PAD_PKCS1 ALG_SHA_512;no;		0.015000;0;0;0
SIG_CIPHER_SM4_MAC128 PAD_PKCS1 ALG_SHA_224;no;		0.014000;0;0;0
SIG_CIPHER_SM4_MAC128 PAD_PKCS1 ALG_SHA3_224;no;		0.014000;0;0;0
SIG_CIPHER_SM4_MAC128 PAD_PKCS1 ALG_SHA3_256;no;		0.014000;0;0;0
SIG_CIPHER_SM4_MAC128 PAD_PKCS1 ALG_SHA3_384;no;		0.014000;0;0;0
SIG_CIPHER_SM4_MAC128 PAD_PKCS1 ALG_SHA3_512;no;		0.014000;0;0;0
SIG_CIPHER_SM4_MAC128 PAD_PKCS1_PSS ALG_NULL;no;		0.014000;0;0;0
SIG_CIPHER_SM4_MAC128 PAD_PKCS1_PSS ALG_SHA;no;		0.014000;0;0;0
SIG_CIPHER_SM4_MAC128 PAD_PKCS1_PSS ALG_MD5;no;		0.015000;0;0;0
SIG_CIPHER_SM4_MAC128 PAD_PKCS1_PSS ALG_RIPEMD160;no;		0.015000;0;0;0
SIG_CIPHER_SM4_MAC128 PAD_PKCS1_PSS ALG_SHA_256;no;		0.014000;0;0;0
SIG_CIPHER_SM4_MAC128 PAD_PKCS1_PSS ALG_SHA_384;no;		0.015000;0;0;0
SIG_CIPHER_SM4_MAC128 PAD_PKCS1_PSS ALG_SHA_512;no;		0.014000;0;0;0
SIG_CIPHER_SM4_MAC128 PAD_PKCS1_PSS ALG_SHA_224;no;		0.015000;0;0;0
SIG_CIPHER_SM4_MAC128 PAD_PKCS1_PSS ALG_SHA3_224;no;		0.014000;0;0;0
SIG_CIPHER_SM4_MAC128 PAD_PKCS1_PSS ALG_SHA3_256;no;		0.014000;0;0;0
SIG_CIPHER_SM4_MAC128 PAD_PKCS1_PSS ALG_SHA3_384;no;		0.014000;0;0;0
SIG_CIPHER_SM4_MAC128 PAD_PKCS1_PSS ALG_SHA3_512;no;		0.014000;0;0;0
SIG_CIPHER_SM4_MAC128 PAD_PKCS1_OAEP ALG_NULL;no;		0.014000;0;0;0
SIG_CIPHER_SM4_MAC128 PAD_PKCS1_OAEP ALG_SHA;no;		0.015000;0;0;0
SIG_CIPHER_SM4_MAC128 PAD_PKCS1_OAEP ALG_MD5;no;		0.014000;0;0;0
SIG_CIPHER_SM4_MAC128 PAD_PKCS1_OAEP ALG_RIPEMD160;no;		0.015000;0;0;0
SIG_CIPHER_SM4_MAC128 PAD_PKCS1_OAEP ALG_SHA_256;no;		0.014000;0;0;0
SIG_CIPHER_SM4_MAC128 PAD_PKCS1_OAEP ALG_SHA_384;no;		0.014000;0;0;0
SIG_CIPHER_SM4_MAC128 PAD_PKCS1_OAEP ALG_SHA_512;no;		0.014000;0;0;0
SIG_CIPHER_SM4_MAC128 PAD_PKCS1_OAEP ALG_SHA_224;no;		0.014000;0;0;0
SIG_CIPHER_SM4_MAC128 PAD_PKCS1_OAEP ALG_SHA3_224;no;		0.015000;0;0;0
SIG_CIPHER_SM4_MAC128 PAD_PKCS1_OAEP ALG_SHA3_256;no;		0.014000;0;0;0
SIG_CIPHER_SM4_MAC128 PAD_PKCS1_OAEP ALG_SHA3_384;no;		0.014000;0;0;0
SIG_CIPHER_SM4_MAC128 PAD_PKCS1_OAEP ALG_SHA3_512;no;		0.014000;0;0;0
SIG_CIPHER_SM4_MAC128 PAD_ISO9796 ALG_NULL;no;		0.014000;0;0;0
SIG_CIPHER_SM4_MAC128 PAD_ISO9796 ALG_SHA;no;		0.014000;0;0;0
SIG_CIPHER_SM4_MAC128 PAD_ISO9796 ALG_MD5;no;		0.015000;0;0;0
SIG_CIPHER_SM4_MAC128 PAD_ISO9796 ALG_RIPEMD160;no;		0.015000;0;0;0
SIG_CIPHER_SM4_MAC128 PAD_ISO9796 ALG_SHA_256;no;		0.014000;0;0;0
SIG_CIPHER_SM4_MAC128 PAD_ISO9796 ALG_SHA_384;no;		0.014000;0;0;0
SIG_CIPHER_SM4_MAC128 PAD_ISO9796 ALG_SHA_512;no;		0.014000;0;0;0
SIG_CIPHER_SM4_MAC128 PAD_ISO9796 ALG_SHA_224;no;		0.014000;0;0;0
SIG_CIPHER_SM4_MAC128 PAD_ISO9796 ALG_SHA3_224;no;		0.014000;0;0;0
SIG_CIPHER_SM4_MAC128 PAD_ISO9796 ALG_SHA3_256;no;		0.015000;0;0;0
SIG_CIPHER_SM4_MAC128 PAD_ISO9796 ALG_SHA3_384;no;		0.014000;0;0;0
SIG_CIPHER_SM4_MAC128 PAD_ISO9796 ALG_SHA3_512;no;		0.014000;0;0;0
SIG_CIPHER_SM4_MAC128 PAD_ISO9796_MR ALG_NULL;no;		0.015000;0;0;0
SIG_CIPHER_SM4_MAC128 PAD_ISO9796_MR ALG_SHA;no;		0.014000;0;0;0
SIG_CIPHER_SM4_MAC128 PAD_ISO9796_MR ALG_MD5;no;		0.014000;0;0;0
SIG_CIPHER_SM4_MAC128 PAD_ISO9796_MR ALG_RIPEMD160;no;		0.014000;0;0;0
SIG_CIPHER_SM4_MAC128 PAD_ISO9796_MR ALG_SHA_256;no;		0.014000;0;0;0
SIG_CIPHER_SM4_MAC128 PAD_ISO9796_MR ALG_SHA_384;no;		0.015000;0;0;0
SIG_CIPHER_SM4_MAC128 PAD_ISO9796_MR ALG_SHA_512;no;		0.014000;0;0;0
SIG_CIPHER_SM4_MAC128 PAD_ISO9796_MR ALG_SHA_224;no;		0.014000;0;0;0
SIG_CIPHER_SM4_MAC128 PAD_ISO9796_MR ALG_SHA3_224;no;		0.014000;0;0;0
SIG_CIPHER_SM4_MAC128 PAD_ISO9796_MR ALG_SHA3_256;no;		0.014000;0;0;0
SIG_CIPHER_SM4_MAC128 PAD_ISO9796_MR ALG_SHA3_384;no;		0.015000;0;0;0
SIG_CIPHER_SM4_MAC128 PAD_ISO9796_MR ALG_SHA3_512;no;		0.015000;0;0;0
SIG_CIPHER_SM4_MAC128 PAD_RFC2409 ALG_NULL;no;		0.014000;0;0;0
SIG_CIPHER_SM4_MAC128 PAD_RFC2409 ALG_SHA;no;		0.014000;0;0;0
SIG_CIPHER_SM4_MAC128 PAD_RFC2409 ALG_MD5;no;		0.014000;0;0;0
SIG_CIPHER_SM4_MAC128 PAD_RFC2409 ALG_RIPEMD160;no;		0.014000;0;0;0
SIG_CIPHER_SM4_MAC128 PAD_RFC2409 ALG_SHA_256;no;		0.015000;0;0;0
SIG_CIPHER_SM4_MAC128 PAD_RFC2409 ALG_SHA_384;no;		0.014000;0;0;0
SIG_CIPHER_SM4_MAC128 PAD_RFC2409 ALG_SHA_512;no;		0.014000;0;0;0
SIG_CIPHER_SM4_MAC128 PAD_RFC2409 ALG_SHA_224;no;		0.014000;0;0;0
SIG_CIPHER_SM4_MAC128 PAD_RFC2409 ALG_SHA3_224;no;		0.015000;0;0;0
SIG_CIPHER_SM4_MAC128 PAD_RFC2409 ALG_SHA3_256;no;		0.015000;0;0;0
SIG_CIPHER_SM4_MAC128 PAD_RFC2409 ALG_SHA3_384;no;		0.014000;0;0;0
SIG_CIPHER_SM4_MAC128 PAD_RFC2409 ALG_SHA3_512;no;		0.015000;0;0;0
SIG_CIPHER_SM4_MAC128 PAD_PKCS1_OAEP_SHA224 ALG_NULL;no;		0.015000;0;0;0
SIG_CIPHER_SM4_MAC128 PAD_PKCS1_OAEP_SHA224 ALG_SHA;no;		0.014000;0;0;0
SIG_CIPHER_SM4_MAC128 PAD_PKCS1_OAEP_SHA224 ALG_MD5;no;		0.014000;0;0;0
SIG_CIPHER_SM4_MAC128 PAD_PKCS1_OAEP_SHA224 ALG_RIPEMD160;no;		0.014000;0;0;0
SIG_CIPHER_SM4_MAC128 PAD_PKCS1_OAEP_SHA224 ALG_SHA_256;no;		0.015000;0;0;0
SIG_CIPHER_SM4_MAC128 PAD_PKCS1_OAEP_SHA224 ALG_SHA_384;no;		0.015000;0;0;0
SIG_CIPHER_SM4_MAC128 PAD_PKCS1_OAEP_SHA224 ALG_SHA_512;no;		0.015000;0;0;0
SIG_CIPHER_SM4_MAC128 PAD_PKCS1_OAEP_SHA224 ALG_SHA_224;no;		0.015000;0;0;0
SIG_CIPHER_SM4_MAC128 PAD_PKCS1_OAEP_SHA224 ALG_SHA3_224;no;		0.015000;0;0;0
SIG_CIPHER_SM4_MAC128 PAD_PKCS1_OAEP_SHA224 ALG_SHA3_256;no;		0.014000;0;0;0
SIG_CIPHER_SM4_MAC128 PAD_PKCS1_OAEP_SHA224 ALG_SHA3_384;no;		0.014000;0;0;0
SIG_CIPHER_SM4_MAC128 PAD_PKCS1_OAEP_SHA224 ALG_SHA3_512;no;		0.015000;0;0;0
SIG_CIPHER_SM4_MAC128 PAD_PKCS1_OAEP_SHA256 ALG_NULL;no;		0.015000;0;0;0
SIG_CIPHER_SM4_MAC128 PAD_PKCS1_OAEP_SHA256 ALG_SHA;no;		0.015000;0;0;0
SIG_CIPHER_SM4_MAC128 PAD_PKCS1_OAEP_SHA256 ALG_MD5;no;		0.015000;0;0;0
SIG_CIPHER_SM4_MAC128 PAD_PKCS1_OAEP_SHA256 ALG_RIPEMD160;no;		0.014000;0;0;0
SIG_CIPHER_SM4_MAC128 PAD_PKCS1_OAEP_SHA256 ALG_SHA_256;no;		0.014000;0;0;0
SIG_CIPHER_SM4_MAC128 PAD_PKCS1_OAEP_SHA256 ALG_SHA_384;no;		0.014000;0;0;0
SIG_CIPHER_SM4_MAC128 PAD_PKCS1_OAEP_SHA256 ALG_SHA_512;no;		0.014000;0;0;0
SIG_CIPHER_SM4_MAC128 PAD_PKCS1_OAEP_SHA256 ALG_SHA_224;no;		0.014000;0;0;0
SIG_CIPHER_SM4_MAC128 PAD_PKCS1_OAEP_SHA256 ALG_SHA3_224;no;		0.014000;0;0;0
SIG_CIPHER_SM4_MAC128 PAD_PKCS1_OAEP_SHA256 ALG_SHA3_256;no;		0.014000;0;0;0
SIG_CIPHER_SM4_MAC128 PAD_PKCS1_OAEP_SHA256 ALG_SHA3_384;no;		0.015000;0;0;0
SIG_CIPHER_SM4_MAC128 PAD_PKCS1_OAEP_SHA256 ALG_SHA3_512;no;		0.014000;0;0;0
SIG_CIPHER_SM4_MAC128 PAD_PKCS1_OAEP_SHA384 ALG_NULL;no;		0.014000;0;0;0
SIG_CIPHER_SM4_MAC128 PAD_PKCS1_OAEP_SHA384 ALG_SHA;no;		0.015000;0;0;0
SIG_CIPHER_SM4_MAC128 PAD_PKCS1_OAEP_SHA384 ALG_MD5;no;		0.014000;0;0;0
SIG_CIPHER_SM4_MAC128 PAD_PKCS1_OAEP_SHA384 ALG_RIPEMD160;no;		0.014000;0;0;0
SIG_CIPHER_SM4_MAC128 PAD_PKCS1_OAEP_SHA384 ALG_SHA_256;no;		0.014000;0;0;0
SIG_CIPHER_SM4_MAC128 PAD_PKCS1_OAEP_SHA384 ALG_SHA_384;no;		0.015000;0;0;0
SIG_CIPHER_SM4_MAC128 PAD_PKCS1_OAEP_SHA384 ALG_SHA_512;no;		0.015000;0;0;0
SIG_CIPHER_SM4_MAC128 PAD_PKCS1_OAEP_SHA384 ALG_SHA_224;no;		0.014000;0;0;0
SIG_CIPHER_SM4_MAC128 PAD_PKCS1_OAEP_SHA384 ALG_SHA3_224;no;		0.014000;0;0;0
SIG_CIPHER_SM4_MAC128 PAD_PKCS1_OAEP_SHA384 ALG_SHA3_256;no;		0.015000;0;0;0
SIG_CIPHER_SM4_MAC128 PAD_PKCS1_OAEP_SHA384 ALG_SHA3_384;no;		0.014000;0;0;0
SIG_CIPHER_SM4_MAC128 PAD_PKCS1_OAEP_SHA384 ALG_SHA3_512;no;		0.014000;0;0;0
SIG_CIPHER_SM4_MAC128 PAD_PKCS1_OAEP_SHA512 ALG_NULL;no;		0.014000;0;0;0
SIG_CIPHER_SM4_MAC128 PAD_PKCS1_OAEP_SHA512 ALG_SHA;no;		0.014000;0;0;0
SIG_CIPHER_SM4_MAC128 PAD_PKCS1_OAEP_SHA512 ALG_MD5;no;		0.014000;0;0;0
SIG_CIPHER_SM4_MAC128 PAD_PKCS1_OAEP_SHA512 ALG_RIPEMD160;no;		0.014000;0;0;0
SIG_CIPHER_SM4_MAC128 PAD_PKCS1_OAEP_SHA512 ALG_SHA_256;no;		0.015000;0;0;0
SIG_CIPHER_SM4_MAC128 PAD_PKCS1_OAEP_SHA512 ALG_SHA_384;no;		0.014000;0;0;0
SIG_CIPHER_SM4_MAC128 PAD_PKCS1_OAEP_SHA512 ALG_SHA_512;no;		0.014000;0;0;0
SIG_CIPHER_SM4_MAC128 PAD_PKCS1_OAEP_SHA512 ALG_SHA_224;no;		0.014000;0;0;0
SIG_CIPHER_SM4_MAC128 PAD_PKCS1_OAEP_SHA512 ALG_SHA3_224;no;		0.014000;0;0;0
SIG_CIPHER_SM4_MAC128 PAD_PKCS1_OAEP_SHA512 ALG_SHA3_256;no;		0.014000;0;0;0
SIG_CIPHER_SM4_MAC128 PAD_PKCS1_OAEP_SHA512 ALG_SHA3_384;no;		0.014000;0;0;0
SIG_CIPHER_SM4_MAC128 PAD_PKCS1_OAEP_SHA512 ALG_SHA3_512;no;		0.014000;0;0;0
SIG_CIPHER_SM4_MAC128 PAD_PKCS1_OAEP_SHA3_224 ALG_NULL;no;		0.015000;0;0;0
SIG_CIPHER_SM4_MAC128 PAD_PKCS1_OAEP_SHA3_224 ALG_SHA;no;		0.014000;0;0;0
SIG_CIPHER_SM4_MAC128 PAD_PKCS1_OAEP_SHA3_224 ALG_MD5;no;		0.014000;0;0;0
SIG_CIPHER_SM4_MAC128 PAD_PKCS1_OAEP_SHA3_224 ALG_RIPEMD160;no;		0.014000;0;0;0
SIG_CIPHER_SM4_MAC128 PAD_PKCS1_OAEP_SHA3_224 ALG_SHA_256;no;		0.014000;0;0;0
SIG_CIPHER_SM4_MAC128 PAD_PKCS1_OAEP_SHA3_224 ALG_SHA_384;no;		0.014000;0;0;0
SIG_CIPHER_SM4_MAC128 PAD_PKCS1_OAEP_SHA3_224 ALG_SHA_512;no;		0.014000;0;0;0
SIG_CIPHER_SM4_MAC128 PAD_PKCS1_OAEP_SHA3_224 ALG_SHA_224;no;		0.014000;0;0;0
SIG_CIPHER_SM4_MAC128 PAD_PKCS1_OAEP_SHA3_224 ALG_SHA3_224;no;		0.014000;0;0;0
SIG_CIPHER_SM4_MAC128 PAD_PKCS1_OAEP_SHA3_224 ALG_SHA3_256;no;		0.014000;0;0;0
SIG_CIPHER_SM4_MAC128 PAD_PKCS1_OAEP_SHA3_224 ALG_SHA3_384;no;		0.014000;0;0;0
SIG_CIPHER_SM4_MAC128 PAD_PKCS1_OAEP_SHA3_224 ALG_SHA3_512;no;		0.014000;0;0;0
SIG_CIPHER_SM4_MAC128 PAD_PKCS1_OAEP_SHA3_256 ALG_NULL;no;		0.014000;0;0;0
SIG_CIPHER_SM4_MAC128 PAD_PKCS1_OAEP_SHA3_256 ALG_SHA;no;		0.014000;0;0;0
SIG_CIPHER_SM4_MAC128 PAD_PKCS1_OAEP_SHA3_256 ALG_MD5;no;		0.014000;0;0;0
SIG_CIPHER_SM4_MAC128 PAD_PKCS1_OAEP_SHA3_256 ALG_RIPEMD160;no;		0.014000;0;0;0
SIG_CIPHER_SM4_MAC128 PAD_PKCS1_OAEP_SHA3_256 ALG_SHA_256;no;		0.014000;0;0;0
SIG_CIPHER_SM4_MAC128 PAD_PKCS1_OAEP_SHA3_256 ALG_SHA_384;no;		0.015000;0;0;0
SIG_CIPHER_SM4_MAC128 PAD_PKCS1_OAEP_SHA3_256 ALG_SHA_512;no;		0.014000;0;0;0
SIG_CIPHER_SM4_MAC128 PAD_PKCS1_OAEP_SHA3_256 ALG_SHA_224;no;		0.015000;0;0;0
SIG_CIPHER_SM4_MAC128 PAD_PKCS1_OAEP_SHA3_256 ALG_SHA3_224;no;		0.014000;0;0;0
SIG_CIPHER_SM4_MAC128 PAD_PKCS1_OAEP_SHA3_256 ALG_SHA3_256;no;		0.014000;0;0;0
SIG_CIPHER_SM4_MAC128 PAD_PKCS1_OAEP_SHA3_256 ALG_SHA3_384;no;		0.014000;0;0;0
SIG_CIPHER_SM4_MAC128 PAD_PKCS1_OAEP_SHA3_256 ALG_SHA3_512;no;		0.014000;0;0;0
SIG_CIPHER_SM4_MAC128 PAD_PKCS1_OAEP_SHA3_384 ALG_NULL;no;		0.014000;0;0;0
SIG_CIPHER_SM4_MAC128 PAD_PKCS1_OAEP_SHA3_384 ALG_SHA;no;		0.014000;0;0;0
SIG_CIPHER_SM4_MAC128 PAD_PKCS1_OAEP_SHA3_384 ALG_MD5;no;		0.014000;0;0;0
SIG_CIPHER_SM4_MAC128 PAD_PKCS1_OAEP_SHA3_384 ALG_RIPEMD160;no;		0.014000;0;0;0
SIG_CIPHER_SM4_MAC128 PAD_PKCS1_OAEP_SHA3_384 ALG_SHA_256;no;		0.014000;0;0;0
SIG_CIPHER_SM4_MAC128 PAD_PKCS1_OAEP_SHA3_384 ALG_SHA_384;no;		0.014000;0;0;0
SIG_CIPHER_SM4_MAC128 PAD_PKCS1_OAEP_SHA3_384 ALG_SHA_512;no;		0.014000;0;0;0
SIG_CIPHER_SM4_MAC128 PAD_PKCS1_OAEP_SHA3_384 ALG_SHA_224;no;		0.014000;0;0;0
SIG_CIPHER_SM4_MAC128 PAD_PKCS1_OAEP_SHA3_384 ALG_SHA3_224;no;		0.014000;0;0;0
SIG_CIPHER_SM4_MAC128 PAD_PKCS1_OAEP_SHA3_384 ALG_SHA3_256;no;		0.014000;0;0;0
SIG_CIPHER_SM4_MAC128 PAD_PKCS1_OAEP_SHA3_384 ALG_SHA3_384;no;		0.014000;0;0;0
SIG_CIPHER_SM4_MAC128 PAD_PKCS1_OAEP_SHA3_384 ALG_SHA3_512;no;		0.014000;0;0;0
SIG_CIPHER_SM4_MAC128 PAD_PKCS1_OAEP_SHA3_512 ALG_NULL;no;		0.014000;0;0;0
SIG_CIPHER_SM4_MAC128 PAD_PKCS1_OAEP_SHA3_512 ALG_SHA;no;		0.014000;0;0;0
SIG_CIPHER_SM4_MAC128 PAD_PKCS1_OAEP_SHA3_512 ALG_MD5;no;		0.015000;0;0;0
SIG_CIPHER_SM4_MAC128 PAD_PKCS1_OAEP_SHA3_512 ALG_RIPEMD160;no;		0.014000;0;0;0
SIG_CIPHER_SM4_MAC128 PAD_PKCS1_OAEP_SHA3_512 ALG_SHA_256;no;		0.014000;0;0;0
SIG_CIPHER_SM4_MAC128 PAD_PKCS1_OAEP_SHA3_512 ALG_SHA_384;no;		0.015000;0;0;0
SIG_CIPHER_SM4_MAC128 PAD_PKCS1_OAEP_SHA3_512 ALG_SHA_512;no;		0.015000;0;0;0
SIG_CIPHER_SM4_MAC128 PAD_PKCS1_OAEP_SHA3_512 ALG_SHA_224;no;		0.014000;0;0;0
SIG_CIPHER_SM4_MAC128 PAD_PKCS1_OAEP_SHA3_512 ALG_SHA3_224;no;		0.015000;0;0;0
SIG_CIPHER_SM4_MAC128 PAD_PKCS1_OAEP_SHA3_512 ALG_SHA3_256;no;		0.014000;0;0;0
SIG_CIPHER_SM4_MAC128 PAD_PKCS1_OAEP_SHA3_512 ALG_SHA3_384;no;		0.014000;0;0;0
SIG_CIPHER_SM4_MAC128 PAD_PKCS1_OAEP_SHA3_512 ALG_SHA3_512;no;		0.014000;0;0;0
SIG_CIPHER_SM4_MAC128 PAD_ISO9796_MR_SCHEME_2 ALG_NULL;no;		0.014000;0;0;0
SIG_CIPHER_SM4_MAC128 PAD_ISO9796_MR_SCHEME_2 ALG_SHA;no;		0.014000;0;0;0
SIG_CIPHER_SM4_MAC128 PAD_ISO9796_MR_SCHEME_2 ALG_MD5;no;		0.015000;0;0;0
SIG_CIPHER_SM4_MAC128 PAD_ISO9796_MR_SCHEME_2 ALG_RIPEMD160;no;		0.014000;0;0;0
SIG_CIPHER_SM4_MAC128 PAD_ISO9796_MR_SCHEME_2 ALG_SHA_256;no;		0.014000;0;0;0
SIG_CIPHER_SM4_MAC128 PAD_ISO9796_MR_SCHEME_2 ALG_SHA_384;no;		0.014000;0;0;0
SIG_CIPHER_SM4_MAC128 PAD_ISO9796_MR_SCHEME_2 ALG_SHA_512;no;		0.015000;0;0;0
SIG_CIPHER_SM4_MAC128 PAD_ISO9796_MR_SCHEME_2 ALG_SHA_224;no;		0.014000;0;0;0
SIG_CIPHER_SM4_MAC128 PAD_ISO9796_MR_SCHEME_2 ALG_SHA3_224;no;		0.015000;0;0;0
SIG_CIPHER_SM4_MAC128 PAD_ISO9796_MR_SCHEME_2 ALG_SHA3_256;no;		0.015000;0;0;0
SIG_CIPHER_SM4_MAC128 PAD_ISO9796_MR_SCHEME_2 ALG_SHA3_384;no;		0.014000;0;0;0
SIG_CIPHER_SM4_MAC128 PAD_ISO9796_MR_SCHEME_2 ALG_SHA3_512;no;		0.014000;0;0;0
SIG_CIPHER_SM4_MAC128 PAD_ISO9796_MR_SCHEME_3 ALG_NULL;no;		0.015000;0;0;0
SIG_CIPHER_SM4_MAC128 PAD_ISO9796_MR_SCHEME_3 ALG_SHA;no;		0.014000;0;0;0
SIG_CIPHER_SM4_MAC128 PAD_ISO9796_MR_SCHEME_3 ALG_MD5;no;		0.014000;0;0;0
SIG_CIPHER_SM4_MAC128 PAD_ISO9796_MR_SCHEME_3 ALG_RIPEMD160;no;		0.014000;0;0;0
SIG_CIPHER_SM4_MAC128 PAD_ISO9796_MR_SCHEME_3 ALG_SHA_256;no;		0.014000;0;0;0
SIG_CIPHER_SM4_MAC128 PAD_ISO9796_MR_SCHEME_3 ALG_SHA_384;no;		0.014000;0;0;0
SIG_CIPHER_SM4_MAC128 PAD_ISO9796_MR_SCHEME_3 ALG_SHA_512;no;		0.014000;0;0;0
SIG_CIPHER_SM4_MAC128 PAD_ISO9796_MR_SCHEME_3 ALG_SHA_224;no;		0.014000;0;0;0
SIG_CIPHER_SM4_MAC128 PAD_ISO9796_MR_SCHEME_3 ALG_SHA3_224;no;		0.014000;0;0;0
SIG_CIPHER_SM4_MAC128 PAD_ISO9796_MR_SCHEME_3 ALG_SHA3_256;no;		0.014000;0;0;0
SIG_CIPHER_SM4_MAC128 PAD_ISO9796_MR_SCHEME_3 ALG_SHA3_384;no;		0.014000;0;0;0
SIG_CIPHER_SM4_MAC128 PAD_ISO9796_MR_SCHEME_3 ALG_SHA3_512;no;		0.014000;0;0;0
SIG_CIPHER_EDDSA PAD_NULL ALG_NULL;no;		0.014000;0;0;0
SIG_CIPHER_EDDSA PAD_NULL ALG_SHA;no;		0.014000;0;0;0
SIG_CIPHER_EDDSA PAD_NULL ALG_MD5;no;		0.013000;0;0;0
SIG_CIPHER_EDDSA PAD_NULL ALG_RIPEMD160;no;		0.014000;0;0;0
SIG_CIPHER_EDDSA PAD_NULL ALG_SHA_256;no;		0.014000;0;0;0
SIG_CIPHER_EDDSA PAD_NULL ALG_SHA_384;no;		0.014000;0;0;0
SIG_CIPHER_EDDSA PAD_NULL ALG_SHA_512;no;		0.014000;0;0;0
SIG_CIPHER_EDDSA PAD_NULL ALG_SHA_224;no;		0.014000;0;0;0
SIG_CIPHER_EDDSA PAD_NULL ALG_SHA3_224;no;		0.014000;0;0;0
SIG_CIPHER_EDDSA PAD_NULL ALG_SHA3_256;no;		0.013000;0;0;0
SIG_CIPHER_EDDSA PAD_NULL ALG_SHA3_384;no;		0.014000;0;0;0
SIG_CIPHER_EDDSA PAD_NULL ALG_SHA3_512;no;		0.014000;0;0;0
SIG_CIPHER_EDDSA PAD_NOPAD ALG_NULL;no;		0.014000;0;0;0
SIG_CIPHER_EDDSA PAD_NOPAD ALG_SHA;no;		0.014000;0;0;0
SIG_CIPHER_EDDSA PAD_NOPAD ALG_MD5;no;		0.014000;0;0;0
SIG_CIPHER_EDDSA PAD_NOPAD ALG_RIPEMD160;no;		0.014000;0;0;0
SIG_CIPHER_EDDSA PAD_NOPAD ALG_SHA_256;no;		0.015000;0;0;0
SIG_CIPHER_EDDSA PAD_NOPAD ALG_SHA_384;no;		0.014000;0;0;0
SIG_CIPHER_EDDSA PAD_NOPAD ALG_SHA_512;no;		0.014000;0;0;0
SIG_CIPHER_EDDSA PAD_NOPAD ALG_SHA_224;no;		0.014000;0;0;0
SIG_CIPHER_EDDSA PAD_NOPAD ALG_SHA3_224;no;		0.014000;0;0;0
SIG_CIPHER_EDDSA PAD_NOPAD ALG_SHA3_256;no;		0.014000;0;0;0
SIG_CIPHER_EDDSA PAD_NOPAD ALG_SHA3_384;no;		0.014000;0;0;0
SIG_CIPHER_EDDSA PAD_NOPAD ALG_SHA3_512;no;		0.014000;0;0;0
SIG_CIPHER_EDDSA PAD_ISO9797_M1 ALG_NULL;no;		0.014000;0;0;0
SIG_CIPHER_EDDSA PAD_ISO9797_M1 ALG_SHA;no;		0.013000;0;0;0
SIG_CIPHER_EDDSA PAD_ISO9797_M1 ALG_MD5;no;		0.014000;0;0;0
SIG_CIPHER_EDDSA PAD_ISO9797_M1 ALG_RIPEMD160;no;		0.014000;0;0;0
SIG_CIPHER_EDDSA PAD_ISO9797_M1 ALG_SHA_256;no;		0.014000;0;0;0
SIG_CIPHER_EDDSA PAD_ISO9797_M1 ALG_SHA_384;no;		0.014000;0;0;0
SIG_CIPHER_EDDSA PAD_ISO9797_M1 ALG_SHA_512;no;		0.013000;0;0;0
SIG_CIPHER_EDDSA PAD_ISO9797_M1 ALG_SHA_224;no;		0.014000;0;0;0
SIG_CIPHER_EDDSA PAD_ISO9797_M1 ALG_SHA3_224;no;		0.014000;0;0;0
SIG_CIPHER_EDDSA PAD_ISO9797_M1 ALG_SHA3_256;no;		0.014000;0;0;0
SIG_CIPHER_EDDSA PAD_ISO9797_M1 ALG_SHA3_384;no;		0.014000;0;0;0
SIG_CIPHER_EDDSA PAD_ISO9797_M1 ALG_SHA3_512;no;		0.014000;0;0;0
SIG_CIPHER_EDDSA PAD_ISO9797_M2 ALG_NULL;no;		0.014000;0;0;0
SIG_CIPHER_EDDSA PAD_ISO9797_M2 ALG_SHA;no;		0.014000;0;0;0
SIG_CIPHER_EDDSA PAD_ISO9797_M2 ALG_MD5;no;		0.014000;0;0;0
SIG_CIPHER_EDDSA PAD_ISO9797_M2 ALG_RIPEMD160;no;		0.013000;0;0;0
SIG_CIPHER_EDDSA PAD_ISO9797_M2 ALG_SHA_256;no;		0.014000;0;0;0
SIG_CIPHER_EDDSA PAD_ISO9797_M2 ALG_SHA_384;no;		0.014000;0;0;0
SIG_CIPHER_EDDSA PAD_ISO9797_M2 ALG_SHA_512;no;		0.014000;0;0;0
SIG_CIPHER_EDDSA PAD_ISO9797_M2 ALG_SHA_224;no;		0.014000;0;0;0
SIG_CIPHER_EDDSA PAD_ISO9797_M2 ALG_SHA3_224;no;		0.014000;0;0;0
SIG_CIPHER_EDDSA PAD_ISO9797_M2 ALG_SHA3_256;no;		0.014000;0;0;0
SIG_CIPHER_EDDSA PAD_ISO9797_M2 ALG_SHA3_384;no;		0.014000;0;0;0
SIG_CIPHER_EDDSA PAD_ISO9797_M2 ALG_SHA3_512;no;		0.014000;0;0;0
SIG_CIPHER_EDDSA PAD_ISO9797_1_M1_ALG3 ALG_NULL;no;		0.014000;0;0;0
SIG_CIPHER_EDDSA PAD_ISO9797_1_M1_ALG3 ALG_SHA;no;		0.014000;0;0;0
SIG_CIPHER_EDDSA PAD_ISO9797_1_M1_ALG3 ALG_MD5;no;		0.014000;0;0;0
SIG_CIPHER_EDDSA PAD_ISO9797_1_M1_ALG3 ALG_RIPEMD160;no;		0.014000;0;0;0
SIG_CIPHER_EDDSA PAD_ISO9797_1_M1_ALG3 ALG_SHA_256;no;		0.015000;0;0;0
SIG_CIPHER_EDDSA PAD_ISO9797_1_M1_ALG3 ALG_SHA_384;no;		0.015000;0;0;0
SIG_CIPHER_EDDSA PAD_ISO9797_1_M1_ALG3 ALG_SHA_512;no;		0.014000;0;0;0
SIG_CIPHER_EDDSA PAD_ISO9797_1_M1_ALG3 ALG_SHA_224;no;		0.014000;0;0;0
SIG_CIPHER_EDDSA PAD_ISO9797_1_M1_ALG3 ALG_SHA3_224;no;		0.014000;0;0;0
SIG_CIPHER_EDDSA PAD_ISO9797_1_M1_ALG3 ALG_SHA3_256;no;		0.014000;0;0;0
SIG_CIPHER_EDDSA PAD_ISO9797_1_M1_ALG3 ALG_SHA3_384;no;		0.014000;0;0;0
SIG_CIPHER_EDDSA PAD_ISO9797_1_M1_ALG3 ALG_SHA3_512;no;		0.014000;0;0;0
SIG_CIPHER_EDDSA PAD_ISO9797_1_M2_ALG3 ALG_NULL;no;		0.014000;0;0;0
SIG_CIPHER_EDDSA PAD_ISO9797_1_M2_ALG3 ALG_SHA;no;		0.014000;0;0;0
SIG_CIPHER_EDDSA PAD_ISO9797_1_M2_ALG3 ALG_MD5;no;		0.014000;0;0;0
SIG_CIPHER_EDDSA PAD_ISO9797_1_M2_ALG3 ALG_RIPEMD160;no;		0.014000;0;0;0
SIG_CIPHER_EDDSA PAD_ISO9797_1_M2_ALG3 ALG_SHA_256;no;		0.014000;0;0;0
SIG_CIPHER_EDDSA PAD_ISO9797_1_M2_ALG3 ALG_SHA_384;no;		0.014000;0;0;0
SIG_CIPHER_EDDSA PAD_ISO9797_1_M2_ALG3 ALG_SHA_512;no;		0.014000;0;0;0
SIG_CIPHER_EDDSA PAD_ISO9797_1_M2_ALG3 ALG_SHA_224;no;		0.014000;0;0;0
SIG_CIPHER_EDDSA PAD_ISO9797_1_M2_ALG3 ALG_SHA3_224;no;		0.014000;0;0;0
SIG_CIPHER_EDDSA PAD_ISO9797_1_M2_ALG3 ALG_SHA3_256;no;		0.014000;0;0;0
SIG_CIPHER_EDDSA PAD_ISO9797_1_M2_ALG3 ALG_SHA3_384;no;		0.014000;0;0;0
SIG_CIPHER_EDDSA PAD_ISO9797_1_M2_ALG3 ALG_SHA3_512;no;		0.014000;0;0;0
SIG_CIPHER_EDDSA PAD_PKCS5 ALG_NULL;no;		0.015000;0;0;0
SIG_CIPHER_EDDSA PAD_PKCS5 ALG_SHA;no;		0.014000;0;0;0
SIG_CIPHER_EDDSA PAD_PKCS5 ALG_MD5;no;		0.014000;0;0;0
SIG_CIPHER_EDDSA PAD_PKCS5 ALG_RIPEMD160;no;		0.015000;0;0;0
SIG_CIPHER_EDDSA PAD_PKCS5 ALG_SHA_256;no;		0.014000;0;0;0
SIG_CIPHER_EDDSA PAD_PKCS5 ALG_SHA_384;no;		0.014000;0;0;0
SIG_CIPHER_EDDSA PAD_PKCS5 ALG_SHA_512;no;		0.015000;0;0;0
SIG_CIPHER_EDDSA PAD_PKCS5 ALG_SHA_224;no;		0.014000;0;0;0
SIG_CIPHER_EDDSA PAD_PKCS5 ALG_SHA3_224;no;		0.015000;0;0;0
SIG_CIPHER_EDDSA PAD_PKCS5 ALG_SHA3_256;no;		0.015000;0;0;0
SIG_CIPHER_EDDSA PAD_PKCS5 ALG_SHA3_384;no;		0.014000;0;0;0
SIG_CIPHER_EDDSA PAD_PKCS5 ALG_SHA3_512;no;		0.014000;0;0;0
SIG_CIPHER_EDDSA PAD_PKCS1 ALG_NULL;no;		0.014000;0;0;0
SIG_CIPHER_EDDSA PAD_PKCS1 ALG_SHA;no;		0.014000;0;0;0
SIG_CIPHER_EDDSA PAD_PKCS1 ALG_MD5;no;		0.015000;0;0;0
SIG_CIPHER_EDDSA PAD_PKCS1 ALG_RIPEMD160;no;		0.015000;0;0;0
SIG_CIPHER_EDDSA PAD_PKCS1 ALG_SHA_256;no;		0.014000;0;0;0
SIG_CIPHER_EDDSA PAD_PKCS1 ALG_SHA_384;no;		0.015000;0;0;0
SIG_CIPHER_EDDSA PAD_PKCS1 ALG_SHA_512;no;		0.014000;0;0;0
SIG_CIPHER_EDDSA PAD_PKCS1 ALG_SHA_224;no;		0.014000;0;0;0
SIG_CIPHER_EDDSA PAD_PKCS1 ALG_SHA3_224;no;		0.014000;0;0;0
SIG_CIPHER_EDDSA PAD_PKCS1 ALG_SHA3_256;no;		0.015000;0;0;0
SIG_CIPHER_EDDSA PAD_PKCS1 ALG_SHA3_384;no;		0.014000;0;0;0
SIG_CIPHER_EDDSA PAD_PKCS1 ALG_SHA3_512;no;		0.015000;0;0;0
SIG_CIPHER_EDDSA PAD_PKCS1_PSS ALG_NULL;no;		0.014000;0;0;0
SIG_CIPHER_EDDSA PAD_PKCS1_PSS ALG_SHA;no;		0.014000;0;0;0
SIG_CIPHER_EDDSA PAD_PKCS1_PSS ALG_MD5;no;		0.014000;0;0;0
SIG_CIPHER_EDDSA PAD_PKCS1_PSS ALG_RIPEMD160;no;		0.015000;0;0;0
SIG_CIPHER_EDDSA PAD_PKCS1_PSS ALG_SHA_256;no;		0.014000;0;0;0
SIG_CIPHER_EDDSA PAD_PKCS1_PSS ALG_SHA_384;no;		0.014000;0;0;0
SIG_CIPHER_EDDSA PAD_PKCS1_PSS ALG_SHA_512;no;		0.014000;0;0;0
SIG_CIPHER_EDDSA PAD_PKCS1_PSS ALG_SHA_224;no;		0.015000;0;0;0
SIG_CIPHER_EDDSA PAD_PKCS1_PSS ALG_SHA3_224;no;		0.014000;0;0;0
SIG_CIPHER_EDDSA PAD_PKCS1_PSS ALG_SHA3_256;no;		0.014000;0;0;0
SIG_CIPHER_EDDSA PAD_PKCS1_PSS ALG_SHA3_384;no;		0.015000;0;0;0
SIG_CIPHER_EDDSA PAD_PKCS1_PSS ALG_SHA3_512;no;		0.014000;0;0;0
SIG_CIPHER_EDDSA PAD_PKCS1_OAEP ALG_NULL;no;		0.015000;0;0;0
SIG_CIPHER_EDDSA PAD_PKCS1_OAEP ALG_SHA;no;		0.014000;0;0;0
SIG_CIPHER_EDDSA PAD_PKCS1_OAEP ALG_MD5;no;		0.014000;0;0;0
SIG_CIPHER_EDDSA PAD_PKCS1_OAEP ALG_RIPEMD160;no;		0.014000;0;0;0
SIG_CIPHER_EDDSA PAD_PKCS1_OAEP ALG_SHA_256;no;		0.014000;0;0;0
SIG_CIPHER_EDDSA PAD_PKCS1_OAEP ALG_SHA_384;no;		0.014000;0;0;0
SIG_CIPHER_EDDSA PAD_PKCS1_OAEP ALG_SHA_512;no;		0.014000;0;0;0
SIG_CIPHER_EDDSA PAD_PKCS1_OAEP ALG_SHA_224;no;		0.014000;0;0;0
SIG_CIPHER_EDDSA PAD_PKCS1_OAEP ALG_SHA3_224;no;		0.014000;0;0;0
SIG_CIPHER_EDDSA PAD_PKCS1_OAEP ALG_SHA3_256;no;		0.015000;0;0;0
SIG_CIPHER_EDDSA PAD_PKCS1_OAEP ALG_SHA3_384;no;		0.015000;0;0;0
SIG_CIPHER_EDDSA PAD_PKCS1_OAEP ALG_SHA3_512;no;		0.014000;0;0;0
SIG_CIPHER_EDDSA PAD_ISO9796 ALG_NULL;no;		0.015000;0;0;0
SIG_CIPHER_EDDSA PAD_ISO9796 ALG_SHA;no;		0.014000;0;0;0
SIG_CIPHER_EDDSA PAD_ISO9796 ALG_MD5;no;		0.014000;0;0;0
SIG_CIPHER_EDDSA PAD_ISO9796 ALG_RIPEMD160;no;		0.014000;0;0;0
SIG_CIPHER_EDDSA PAD_ISO9796 ALG_SHA_256;no;		0.015000;0;0;0
SIG_CIPHER_EDDSA PAD_ISO9796 ALG_SHA_384;no;		0.015000;0;0;0
SIG_CIPHER_EDDSA PAD_ISO9796 ALG_SHA_512;no;		0.014000;0;0;0
SIG_CIPHER_EDDSA PAD_ISO9796 ALG_SHA_224;no;		0.015000;0;0;0
SIG_CIPHER_EDDSA PAD_ISO9796 ALG_SHA3_224;no;		0.014000;0;0;0
SIG_CIPHER_EDDSA PAD_ISO9796 ALG_SHA3_256;no;		0.014000;0;0;0
SIG_CIPHER_EDDSA PAD_ISO9796 ALG_SHA3_384;no;		0.014000;0;0;0
SIG_CIPHER_EDDSA PAD_ISO9796 ALG_SHA3_512;no;		0.015000;0;0;0
SIG_CIPHER_EDDSA PAD_ISO9796_MR ALG_NULL;no;		0.014000;0;0;0
SIG_CIPHER_EDDSA PAD_ISO9796_MR ALG_SHA;no;		0.014000;0;0;0
SIG_CIPHER_EDDSA PAD_ISO9796_MR ALG_MD5;no;		0.014000;0;0;0
SIG_CIPHER_EDDSA PAD_ISO9796_MR ALG_RIPEMD160;no;		0.014000;0;0;0
SIG_CIPHER_EDDSA PAD_ISO9796_MR ALG_SHA_256;no;		0.014000;0;0;0
SIG_CIPHER_EDDSA PAD_ISO9796_MR ALG_SHA_384;no;		0.014000;0;0;0
SIG_CIPHER_EDDSA PAD_ISO9796_MR ALG_SHA_512;no;		0.014000;0;0;0
SIG_CIPHER_EDDSA PAD_ISO9796_MR ALG_SHA_224;no;		0.014000;0;0;0
SIG_CIPHER_EDDSA PAD_ISO9796_MR ALG_SHA3_224;no;		0.014000;0;0;0
SIG_CIPHER_EDDSA PAD_ISO9796_MR ALG_SHA3_256;no;		0.014000;0;0;0
SIG_CIPHER_EDDSA PAD_ISO9796_MR ALG_SHA3_384;no;		0.014000;0;0;0
SIG_CIPHER_EDDSA PAD_ISO9796_MR ALG_SHA3_512;no;		0.015000;0;0;0
SIG_CIPHER_EDDSA PAD_RFC2409 ALG_NULL;no;		0.014000;0;0;0
SIG_CIPHER_EDDSA PAD_RFC2409 ALG_SHA;no;		0.014000;0;0;0
SIG_CIPHER_EDDSA PAD_RFC2409 ALG_MD5;no;		0.015000;0;0;0
SIG_CIPHER_EDDSA PAD_RFC2409 ALG_RIPEMD160;no;		0.014000;0;0;0
SIG_CIPHER_EDDSA PAD_RFC2409 ALG_SHA_256;no;		0.015000;0;0;0
SIG_CIPHER_EDDSA PAD_RFC2409 ALG_SHA_384;no;		0.014000;0;0;0
SIG_CIPHER_EDDSA PAD_RFC2409 ALG_SHA_512;no;		0.014000;0;0;0
SIG_CIPHER_EDDSA PAD_RFC2409 ALG_SHA_224;no;		0.014000;0;0;0
SIG_CIPHER_EDDSA PAD_RFC2409 ALG_SHA3_224;no;		0.014000;0;0;0
SIG_CIPHER_EDDSA PAD_RFC2409 ALG_SHA3_256;no;		0.015000;0;0;0
SIG_CIPHER_EDDSA PAD_RFC2409 ALG_SHA3_384;no;		0.015000;0;0;0
SIG_CIPHER_EDDSA PAD_RFC2409 ALG_SHA3_512;no;		0.014000;0;0;0
SIG_CIPHER_EDDSA PAD_PKCS1_OAEP_SHA224 ALG_NULL;no;		0.014000;0;0;0
SIG_CIPHER_EDDSA PAD_PKCS1_OAEP_SHA224 ALG_SHA;no;		0.014000;0;0;0
SIG_CIPHER_EDDSA PAD_PKCS1_OAEP_SHA224 ALG_MD5;no;		0.014000;0;0;0
SIG_CIPHER_EDDSA PAD_PKCS1_OAEP_SHA224 ALG_RIPEMD160;no;		0.014000;0;0;0
SIG_CIPHER_EDDSA PAD_PKCS1_OAEP_SHA224 ALG_SHA_256;no;		0.014000;0;0;0
SIG_CIPHER_EDDSA PAD_PKCS1_OAEP_SHA224 ALG_SHA_384;no;		0.015000;0;0;0
SIG_CIPHER_EDDSA PAD_PKCS1_OAEP_SHA224 ALG_SHA_512;no;		0.014000;0;0;0
SIG_CIPHER_EDDSA PAD_PKCS1_OAEP_SHA224 ALG_SHA_224;no;		0.015000;0;0;0
SIG_CIPHER_EDDSA PAD_PKCS1_OAEP_SHA224 ALG_SHA3_224;no;		0.014000;0;0;0
SIG_CIPHER_EDDSA PAD_PKCS1_OAEP_SHA224 ALG_SHA3_256;no;		0.014000;0;0;0
SIG_CIPHER_EDDSA PAD_PKCS1_OAEP_SHA224 ALG_SHA3_384;no;		0.015000;0;0;0
SIG_CIPHER_EDDSA PAD_PKCS1_OAEP_SHA224 ALG_SHA3_512;no;		0.014000;0;0;0
SIG_CIPHER_EDDSA PAD_PKCS1_OAEP_SHA256 ALG_NULL;no;		0.014000;0;0;0
SIG_CIPHER_EDDSA PAD_PKCS1_OAEP_SHA256 ALG_SHA;no;		0.014000;0;0;0
SIG_CIPHER_EDDSA PAD_PKCS1_OAEP_SHA256 ALG_MD5;no;		0.014000;0;0;0
SIG_CIPHER_EDDSA PAD_PKCS1_OAEP_SHA256 ALG_RIPEMD160;no;		0.014000;0;0;0
SIG_CIPHER_EDDSA PAD_PKCS1_OAEP_SHA256 ALG_SHA_256;no;		0.015000;0;0;0
SIG_CIPHER_EDDSA PAD_PKCS1_OAEP_SHA256 ALG_SHA_384;no;		0.014000;0;0;0
SIG_CIPHER_EDDSA PAD_PKCS1_OAEP_SHA256 ALG_SHA_512;no;		0.014000;0;0;0
SIG_CIPHER_EDDSA PAD_PKCS1_OAEP_SHA256 ALG_SHA_224;no;		0.014000;0;0;0
SIG_CIPHER_EDDSA PAD_PKCS1_OAEP_SHA256 ALG_SHA3_224;no;		0.014000;0;0;0
SIG_CIPHER_EDDSA PAD_PKCS1_OAEP_SHA256 ALG_SHA3_256;no;		0.014000;0;0;0
SIG_CIPHER_EDDSA PAD_PKCS1_OAEP_SHA256 ALG_SHA3_384;no;		0.014000;0;0;0
SIG_CIPHER_EDDSA PAD_PKCS1_OAEP_SHA256 ALG_SHA3_512;no;		0.014000;0;0;0
SIG_CIPHER_EDDSA PAD_PKCS1_OAEP_SHA384 ALG_NULL;no;		0.015000;0;0;0
SIG_CIPHER_EDDSA PAD_PKCS1_OAEP_SHA384 ALG_SHA;no;		0.014000;0;0;0
SIG_CIPHER_EDDSA PAD_PKCS1_OAEP_SHA384 ALG_MD5;no;		0.014000;0;0;0
SIG_CIPHER_EDDSA PAD_PKCS1_OAEP_SHA384 ALG_RIPEMD160;no;		0.014000;0;0;0
SIG_CIPHER_EDDSA PAD_PKCS1_OAEP_SHA384 ALG_SHA_256;no;		0.014000;0;0;0
SIG_CIPHER_EDDSA PAD_PKCS1_OAEP_SHA384 ALG_SHA_384;no;		0.015000;0;0;0
SIG_CIPHER_EDDSA PAD_PKCS1_OAEP_SHA384 ALG_SHA_512;no;		0.014000;0;0;0
SIG_CIPHER_EDDSA PAD_PKCS1_OAEP_SHA384 ALG_SHA_224;no;		0.014000;0;0;0
SIG_CIPHER_EDDSA PAD_PKCS1_OAEP_SHA384 ALG_SHA3_224;no;		0.015000;0;0;0
SIG_CIPHER_EDDSA PAD_PKCS1_OAEP_SHA384 ALG_SHA3_256;no;		0.014000;0;0;0
SIG_CIPHER_EDDSA PAD_PKCS1_OAEP_SHA384 ALG_SHA3_384;no;		0.015000;0;0;0
SIG_CIPHER_EDDSA PAD_PKCS1_OAEP_SHA384 ALG_SHA3_512;no;		0.014000;0;0;0
SIG_CIPHER_EDDSA PAD_PKCS1_OAEP_SHA512 ALG_NULL;no;		0.015000;0;0;0
SIG_CIPHER_EDDSA PAD_PKCS1_OAEP_SHA512 ALG_SHA;no;		0.014000;0;0;0
SIG_CIPHER_EDDSA PAD_PKCS1_OAEP_SHA512 ALG_MD5;no;		0.014000;0;0;0
SIG_CIPHER_EDDSA PAD_PKCS1_OAEP_SHA512 ALG_RIPEMD160;no;		0.014000;0;0;0
SIG_CIPHER_EDDSA PAD_PKCS1_OAEP_SHA512 ALG_SHA_256;no;		0.015000;0;0;0
SIG_CIPHER_EDDSA PAD_PKCS1_OAEP_SHA512 ALG_SHA_384;no;		0.013000;0;0;0
SIG_CIPHER_EDDSA PAD_PKCS1_OAEP_SHA512 ALG_SHA_512;no;		0.014000;0;0;0
SIG_CIPHER_EDDSA PAD_PKCS1_OAEP_SHA512 ALG_SHA_224;no;		0.014000;0;0;0
SIG_CIPHER_EDDSA PAD_PKCS1_OAEP_SHA512 ALG_SHA3_224;no;		0.014000;0;0;0
SIG_CIPHER_EDDSA PAD_PKCS1_OAEP_SHA512 ALG_SHA3_256;no;		0.014000;0;0;0
SIG_CIPHER_EDDSA PAD_PKCS1_OAEP_SHA512 ALG_SHA3_384;no;		0.015000;0;0;0
SIG_CIPHER_EDDSA PAD_PKCS1_OAEP_SHA512 ALG_SHA3_512;no;		0.014000;0;0;0
SIG_CIPHER_EDDSA PAD_PKCS1_OAEP_SHA3_224 ALG_NULL;no;		0.014000;0;0;0
SIG_CIPHER_EDDSA PAD_PKCS1_OAEP_SHA3_224 ALG_SHA;no;		0.014000;0;0;0
SIG_CIPHER_EDDSA PAD_PKCS1_OAEP_SHA3_224 ALG_MD5;no;		0.014000;0;0;0
SIG_CIPHER_EDDSA PAD_PKCS1_OAEP_SHA3_224 ALG_RIPEMD160;no;		0.014000;0;0;0
SIG_CIPHER_EDDSA PAD_PKCS1_OAEP_SHA3_224 ALG_SHA_256;no;		0.014000;0;0;0
SIG_CIPHER_EDDSA PAD_PKCS1_OAEP_SHA3_224 ALG_SHA_384;no;		0.014000;0;0;0
SIG_CIPHER_EDDSA PAD_PKCS1_OAEP_SHA3_224 ALG_SHA_512;no;		0.014000;0;0;0
SIG_CIPHER_EDDSA PAD_PKCS1_OAEP_SHA3_224 ALG_SHA_224;no;		0.013000;0;0;0
SIG_CIPHER_EDDSA PAD_PKCS1_OAEP_SHA3_224 ALG_SHA3_224;no;		0.014000;0;0;0
SIG_CIPHER_EDDSA PAD_PKCS1_OAEP_SHA3_224 ALG_SHA3_256;no;		0.014000;0;0;0
SIG_CIPHER_EDDSA PAD_PKCS1_OAEP_SHA3_224 ALG_SHA3_384;no;		0.014000;0;0;0
SIG_CIPHER_EDDSA PAD_PKCS1_OAEP_SHA3_224 ALG_SHA3_512;no;		0.014000;0;0;0
SIG_CIPHER_EDDSA PAD_PKCS1_OAEP_SHA3_256 ALG_NULL;no;		0.014000;0;0;0
SIG_CIPHER_EDDSA PAD_PKCS1_OAEP_SHA3_256 ALG_SHA;no;		0.014000;0;0;0
SIG_CIPHER_EDDSA PAD_PKCS1_OAEP_SHA3_256 ALG_MD5;no;		0.015000;0;0;0
SIG_CIPHER_EDDSA PAD_PKCS1_OAEP_SHA3_256 ALG_RIPEMD160;no;		0.014000;0;0;0
SIG_CIPHER_EDDSA PAD_PKCS1_OAEP_SHA3_256 ALG_SHA_256;no;		0.014000;0;0;0
SIG_CIPHER_EDDSA PAD_PKCS1_OAEP_SHA3_256 ALG_SHA_384;no;		0.015000;0;0;0
SIG_CIPHER_EDDSA PAD_PKCS1_OAEP_SHA3_256 ALG_SHA_512;no;		0.014000;0;0;0
SIG_CIPHER_EDDSA PAD_PKCS1_OAEP_SHA3_256 ALG_SHA_224;no;		0.014000;0;0;0
SIG_CIPHER_EDDSA PAD_PKCS1_OAEP_SHA3_256 ALG_SHA3_224;no;		0.014000;0;0;0
SIG_CIPHER_EDDSA PAD_PKCS1_OAEP_SHA3_256 ALG_SHA3_256;no;		0.014000;0;0;0
SIG_CIPHER_EDDSA PAD_PKCS1_OAEP_SHA3_256 ALG_SHA3_384;no;		0.014000;0;0;0
SIG_CIPHER_EDDSA PAD_PKCS1_OAEP_SHA3_256 ALG_SHA3_512;no;		0.014000;0;0;0
SIG_CIPHER_EDDSA PAD_PKCS1_OAEP_SHA3_384 ALG_NULL;no;		0.014000;0;0;0
SIG_CIPHER_EDDSA PAD_PKCS1_OAEP_SHA3_384 ALG_SHA;no;		0.014000;0;0;0
SIG_CIPHER_EDDSA PAD_PKCS1_OAEP_SHA3_384 ALG_MD5;no;		0.014000;0;0;0
SIG_CIPHER_EDDSA PAD_PKCS1_OAEP_SHA3_384 ALG_RIPEMD160;no;		0.014000;0;0;0
SIG_CIPHER_EDDSA PAD_PKCS1_OAEP_SHA3_384 ALG_SHA_256;no;		0.015000;0;0;0
SIG_CIPHER_EDDSA PAD_PKCS1_OAEP_SHA3_384 ALG_SHA_384;no;		0.014000;0;0;0
SIG_CIPHER_EDDSA PAD_PKCS1_OAEP_SHA3_384 ALG_SHA_512;no;		0.014000;0;0;0
SIG_CIPHER_EDDSA PAD_PKCS1_OAEP_SHA3_384 ALG_SHA_224;no;		0.015000;0;0;0
SIG_CIPHER_EDDSA PAD_PKCS1_OAEP_SHA3_384 ALG_SHA3_224;no;		0.014000;0;0;0
SIG_CIPHER_EDDSA PAD_PKCS1_OAEP_SHA3_384 ALG_SHA3_256;no;		0.015000;0;0;0
SIG_CIPHER_EDDSA PAD_PKCS1_OAEP_SHA3_384 ALG_SHA3_384;no;		0.015000;0;0;0
SIG_CIPHER_EDDSA PAD_PKCS1_OAEP_SHA3_384 ALG_SHA3_512;no;		0.014000;0;0;0
SIG_CIPHER_EDDSA PAD_PKCS1_OAEP_SHA3_512 ALG_NULL;no;		0.014000;0;0;0
SIG_CIPHER_EDDSA PAD_PKCS1_OAEP_SHA3_512 ALG_SHA;no;		0.014000;0;0;0
SIG_CIPHER_EDDSA PAD_PKCS1_OAEP_SHA3_512 ALG_MD5;no;		0.014000;0;0;0
SIG_CIPHER_EDDSA PAD_PKCS1_OAEP_SHA3_512 ALG_RIPEMD160;no;		0.015000;0;0;0
SIG_CIPHER_EDDSA PAD_PKCS1_OAEP_SHA3_512 ALG_SHA_256;no;		0.014000;0;0;0
SIG_CIPHER_EDDSA PAD_PKCS1_OAEP_SHA3_512 ALG_SHA_384;no;		0.014000;0;0;0
SIG_CIPHER_EDDSA PAD_PKCS1_OAEP_SHA3_512 ALG_SHA_512;no;		0.014000;0;0;0
SIG_CIPHER_EDDSA PAD_PKCS1_OAEP_SHA3_512 ALG_SHA_224;no;		0.014000;0;0;0
SIG_CIPHER_EDDSA PAD_PKCS1_OAEP_SHA3_512 ALG_SHA3_224;no;		0.014000;0;0;0
SIG_CIPHER_EDDSA PAD_PKCS1_OAEP_SHA3_512 ALG_SHA3_256;no;		0.015000;0;0;0
SIG_CIPHER_EDDSA PAD_PKCS1_OAEP_SHA3_512 ALG_SHA3_384;no;		0.014000;0;0;0
SIG_CIPHER_EDDSA PAD_PKCS1_OAEP_SHA3_512 ALG_SHA3_512;no;		0.014000;0;0;0
SIG_CIPHER_EDDSA PAD_ISO9796_MR_SCHEME_2 ALG_NULL;no;		0.014000;0;0;0
SIG_CIPHER_EDDSA PAD_ISO9796_MR_SCHEME_2 ALG_SHA;no;		0.014000;0;0;0
SIG_CIPHER_EDDSA PAD_ISO9796_MR_SCHEME_2 ALG_MD5;no;		0.014000;0;0;0
SIG_CIPHER_EDDSA PAD_ISO9796_MR_SCHEME_2 ALG_RIPEMD160;no;		0.014000;0;0;0
SIG_CIPHER_EDDSA PAD_ISO9796_MR_SCHEME_2 ALG_SHA_256;no;		0.015000;0;0;0
SIG_CIPHER_EDDSA PAD_ISO9796_MR_SCHEME_2 ALG_SHA_384;no;		0.015000;0;0;0
SIG_CIPHER_EDDSA PAD_ISO9796_MR_SCHEME_2 ALG_SHA_512;no;		0.014000;0;0;0
SIG_CIPHER_EDDSA PAD_ISO9796_MR_SCHEME_2 ALG_SHA_224;no;		0.014000;0;0;0
SIG_CIPHER_EDDSA PAD_ISO9796_MR_SCHEME_2 ALG_SHA3_224;no;		0.014000;0;0;0
SIG_CIPHER_EDDSA PAD_ISO9796_MR_SCHEME_2 ALG_SHA3_256;no;		0.014000;0;0;0
SIG_CIPHER_EDDSA PAD_ISO9796_MR_SCHEME_2 ALG_SHA3_384;no;		0.014000;0;0;0
SIG_CIPHER_EDDSA PAD_ISO9796_MR_SCHEME_2 ALG_SHA3_512;no;		0.015000;0;0;0
SIG_CIPHER_EDDSA PAD_ISO9796_MR_SCHEME_3 ALG_NULL;no;		0.014000;0;0;0
SIG_CIPHER_EDDSA PAD_ISO9796_MR_SCHEME_3 ALG_SHA;no;		0.014000;0;0;0
SIG_CIPHER_EDDSA PAD_ISO9796_MR_SCHEME_3 ALG_MD5;no;		0.014000;0;0;0
SIG_CIPHER_EDDSA PAD_ISO9796_MR_SCHEME_3 ALG_RIPEMD160;no;		0.014000;0;0;0
SIG_CIPHER_EDDSA PAD_ISO9796_MR_SCHEME_3 ALG_SHA_256;no;		0.014000;0;0;0
SIG_CIPHER_EDDSA PAD_ISO9796_MR_SCHEME_3 ALG_SHA_384;no;		0.014000;0;0;0
SIG_CIPHER_EDDSA PAD_ISO9796_MR_SCHEME_3 ALG_SHA_512;no;		0.014000;0;0;0
SIG_CIPHER_EDDSA PAD_ISO9796_MR_SCHEME_3 ALG_SHA_224;no;		0.014000;0;0;0
SIG_CIPHER_EDDSA PAD_ISO9796_MR_SCHEME_3 ALG_SHA3_224;no;		0.015000;0;0;0
SIG_CIPHER_EDDSA PAD_ISO9796_MR_SCHEME_3 ALG_SHA3_256;no;		0.014000;0;0;0
SIG_CIPHER_EDDSA PAD_ISO9796_MR_SCHEME_3 ALG_SHA3_384;no;		0.014000;0;0;0
SIG_CIPHER_EDDSA PAD_ISO9796_MR_SCHEME_3 ALG_SHA3_512;no;		0.014000;0;0;0
SIG_CIPHER_EDDSAPH PAD_NULL ALG_NULL;no;		0.014000;0;0;0
SIG_CIPHER_EDDSAPH PAD_NULL ALG_SHA;no;		0.015000;0;0;0
SIG_CIPHER_EDDSAPH PAD_NULL ALG_MD5;no;		0.014000;0;0;0
SIG_CIPHER_EDDSAPH PAD_NULL ALG_RIPEMD160;no;		0.014000;0;0;0
SIG_CIPHER_EDDSAPH PAD_NULL ALG_SHA_256;no;		0.014000;0;0;0
SIG_CIPHER_EDDSAPH PAD_NULL ALG_SHA_384;no;		0.015000;0;0;0
SIG_CIPHER_EDDSAPH PAD_NULL ALG_SHA_512;no;		0.014000;0;0;0
SIG_CIPHER_EDDSAPH PAD_NULL ALG_SHA_224;no;		0.015000;0;0;0
SIG_CIPHER_EDDSAPH PAD_NULL ALG_SHA3_224;no;		0.014000;0;0;0
SIG_CIPHER_EDDSAPH PAD_NULL ALG_SHA3_256;no;		0.014000;0;0;0
SIG_CIPHER_EDDSAPH PAD_NULL ALG_SHA3_384;no;		0.015000;0;0;0
SIG_CIPHER_EDDSAPH PAD_NULL ALG_SHA3_512;no;		0.014000;0;0;0
SIG_CIPHER_EDDSAPH PAD_NOPAD ALG_NULL;no;		0.014000;0;0;0
SIG_CIPHER_EDDSAPH PAD_NOPAD ALG_SHA;no;		0.014000;0;0;0
SIG_CIPHER_EDDSAPH PAD_NOPAD ALG_MD5;no;		0.014000;0;0;0
SIG_CIPHER_EDDSAPH PAD_NOPAD ALG_RIPEMD160;no;		0.014000;0;0;0
SIG_CIPHER_EDDSAPH PAD_NOPAD ALG_SHA_256;no;		0.014000;0;0;0
SIG_CIPHER_EDDSAPH PAD_NOPAD ALG_SHA_384;no;		0.014000;0;0;0
SIG_CIPHER_EDDSAPH PAD_NOPAD ALG_SHA_512;no;		0.014000;0;0;0
SIG_CIPHER_EDDSAPH PAD_NOPAD ALG_SHA_224;no;		0.014000;0;0;0
SIG_CIPHER_EDDSAPH PAD_NOPAD ALG_SHA3_224;no;		0.013000;0;0;0
SIG_CIPHER_EDDSAPH PAD_NOPAD ALG_SHA3_256;no;		0.014000;0;0;0
SIG_CIPHER_EDDSAPH PAD_NOPAD ALG_SHA3_384;no;		0.014000;0;0;0
SIG_CIPHER_EDDSAPH PAD_NOPAD ALG_SHA3_512;no;		0.014000;0;0;0
SIG_CIPHER_EDDSAPH PAD_ISO9797_M1 ALG_NULL;no;		0.014000;0;0;0
SIG_CIPHER_EDDSAPH PAD_ISO9797_M1 ALG_SHA;no;		0.014000;0;0;0
SIG_CIPHER_EDDSAPH PAD_ISO9797_M1 ALG_MD5;no;		0.015000;0;0;0
SIG_CIPHER_EDDSAPH PAD_ISO9797_M1 ALG_RIPEMD160;no;		0.014000;0;0;0
SIG_CIPHER_EDDSAPH PAD_ISO9797_M1 ALG_SHA_256;no;		0.015000;0;0;0
SIG_CIPHER_EDDSAPH PAD_ISO9797_M1 ALG_SHA_384;no;		0.014000;0;0;0
SIG_CIPHER_EDDSAPH PAD_ISO9797_M1 ALG_SHA_512;no;		0.014000;0;0;0
SIG_CIPHER_EDDSAPH PAD_ISO9797_M1 ALG_SHA_224;no;		0.014000;0;0;0
SIG_CIPHER_EDDSAPH PAD_ISO9797_M1 ALG_SHA3_224;no;		0.014000;0;0;0
SIG_CIPHER_EDDSAPH PAD_ISO9797_M1 ALG_SHA3_256;no;		0.014000;0;0;0
SIG_CIPHER_EDDSAPH PAD_ISO9797_M1 ALG_SHA3_384;no;		0.014000;0;0;0
SIG_CIPHER_EDDSAPH PAD_ISO9797_M1 ALG_SHA3_512;no;		0.014000;0;0;0
SIG_CIPHER_EDDSAPH PAD_ISO9797_M2 ALG_NULL;no;		0.014000;0;0;0
SIG_CIPHER_EDDSAPH PAD_ISO9797_M2 ALG_SHA;no;		0.014000;0;0;0
SIG_CIPHER_EDDSAPH PAD_ISO9797_M2 ALG_MD5;no;		0.014000;0;0;0
SIG_CIPHER_EDDSAPH PAD_ISO9797_M2 ALG_RIPEMD160;no;		0.014000;0;0;0
SIG_CIPHER_EDDSAPH PAD_ISO9797_M2 ALG_SHA_256;no;		0.014000;0;0;0
SIG_CIPHER_EDDSAPH PAD_ISO9797_M2 ALG_SHA_384;no;		0.014000;0;0;0
SIG_CIPHER_EDDSAPH PAD_ISO9797_M2 ALG_SHA_512;no;		0.015000;0;0;0
SIG_CIPHER_EDDSAPH PAD_ISO9797_M2 ALG_SHA_224;no;		0.014000;0;0;0
SIG_CIPHER_EDDSAPH PAD_ISO9797_M2 ALG_SHA3_224;no;		0.015000;0;0;0
SIG_CIPHER_EDDSAPH PAD_ISO9797_M2 ALG_SHA3_256;no;		0.014000;0;0;0
SIG_CIPHER_EDDSAPH PAD_ISO9797_M2 ALG_SHA3_384;no;		0.014000;0;0;0
SIG_CIPHER_EDDSAPH PAD_ISO9797_M2 ALG_SHA3_512;no;		0.014000;0;0;0
SIG_CIPHER_EDDSAPH PAD_ISO9797_1_M1_ALG3 ALG_NULL;no;		0.015000;0;0;0
SIG_CIPHER_EDDSAPH PAD_ISO9797_1_M1_ALG3 ALG_SHA;no;		0.014000;0;0;0
SIG_CIPHER_EDDSAPH PAD_ISO9797_1_M1_ALG3 ALG_MD5;no;		0.014000;0;0;0
SIG_CIPHER_EDDSAPH PAD_ISO9797_1_M1_ALG3 ALG_RIPEMD160;no;		0.014000;0;0;0
SIG_CIPHER_EDDSAPH PAD_ISO9797_1_M1_ALG3 ALG_SHA_256;no;		0.013000;0;0;0
SIG_CIPHER_EDDSAPH PAD_ISO9797_1_M1_ALG3 ALG_SHA_384;no;		0.014000;0;0;0
SIG_CIPHER_EDDSAPH PAD_ISO9797_1_M1_ALG3 ALG_SHA_512;no;		0.014000;0;0;0
SIG_CIPHER_EDDSAPH PAD_ISO9797_1_M1_ALG3 ALG_SHA_224;no;		0.014000;0;0;0
SIG_CIPHER_EDDSAPH PAD_ISO9797_1_M1_ALG3 ALG_SHA3_224;no;		0.015000;0;0;0
SIG_CIPHER_EDDSAPH PAD_ISO9797_1_M1_ALG3 ALG_SHA3_256;no;		0.014000;0;0;0
SIG_CIPHER_EDDSAPH PAD_ISO9797_1_M1_ALG3 ALG_SHA3_384;no;		0.014000;0;0;0
SIG_CIPHER_EDDSAPH PAD_ISO9797_1_M1_ALG3 ALG_SHA3_512;no;		0.014000;0;0;0
SIG_CIPHER_EDDSAPH PAD_ISO9797_1_M2_ALG3 ALG_NULL;no;		0.014000;0;0;0
SIG_CIPHER_EDDSAPH PAD_ISO9797_1_M2_ALG3 ALG_SHA;no;		0.014000;0;0;0
SIG_CIPHER_EDDSAPH PAD_ISO9797_1_M2_ALG3 ALG_MD5;no;		0.014000;0;0;0
SIG_CIPHER_EDDSAPH PAD_ISO9797_1_M2_ALG3 ALG_RIPEMD160;no;		0.014000;0;0;0
SIG_CIPHER_EDDSAPH PAD_ISO9797_1_M2_ALG3 ALG_SHA_256;no;		0.014000;0;0;0
SIG_CIPHER_EDDSAPH PAD_ISO9797_1_M2_ALG3 ALG_SHA_384;no;		0.014000;0;0;0
SIG_CIPHER_EDDSAPH PAD_ISO9797_1_M2_ALG3 ALG_SHA_512;no;		0.014000;0;0;0
SIG_CIPHER_EDDSAPH PAD_ISO9797_1_M2_ALG3 ALG_SHA_224;no;		0.014000;0;0;0
SIG_CIPHER_EDDSAPH PAD_ISO9797_1_M2_ALG3 ALG_SHA3_224;no;		0.014000;0;0;0
SIG_CIPHER_EDDSAPH PAD_ISO9797_1_M2_ALG3 ALG_SHA3_256;no;		0.014000;0;0;0
SIG_CIPHER_EDDSAPH PAD_ISO9797_1_M2_ALG3 ALG_SHA3_384;no;		0.014000;0;0;0
SIG_CIPHER_EDDSAPH PAD_ISO9797_1_M2_ALG3 ALG_SHA3_512;no;		0.014000;0;0;0
SIG_CIPHER_EDDSAPH PAD_PKCS5 ALG_NULL;no;		0.014000;0;0;0
SIG_CIPHER_EDDSAPH PAD_PKCS5 ALG_SHA;no;		0.014000;0;0;0
SIG_CIPHER_EDDSAPH PAD_PKCS5 ALG_MD5;no;		0.014000;0;0;0
SIG_CIPHER_EDDSAPH PAD_PKCS5 ALG_RIPEMD160;no;		0.014000;0;0;0
SIG_CIPHER_EDDSAPH PAD_PKCS5 ALG_SHA_256;no;		0.014000;0;0;0
SIG_CIPHER_EDDSAPH PAD_PKCS5 ALG_SHA_384;no;		0.014000;0;0;0
SIG_CIPHER_EDDSAPH PAD_PKCS5 ALG_SHA_512;no;		0.014000;0;0;0
SIG_CIPHER_EDDSAPH PAD_PKCS5 ALG_SHA_224;no;		0.015000;0;0;0
SIG_CIPHER_EDDSAPH PAD_PKCS5 ALG_SHA3_224;no;		0.015000;0;0;0
SIG_CIPHER_EDDSAPH PAD_PKCS5 ALG_SHA3_256;no;		0.014000;0;0;0
SIG_CIPHER_EDDSAPH PAD_PKCS5 ALG_SHA3_384;no;		0.014000;0;0;0
SIG_CIPHER_EDDSAPH PAD_PKCS5 ALG_SHA3_512;no;		0.014000;0;0;0
SIG_CIPHER_EDDSAPH PAD_PKCS1 ALG_NULL;no;		0.014000;0;0;0
SIG_CIPHER_EDDSAPH PAD_PKCS1 ALG_SHA;no;		0.014000;0;0;0
SIG_CIPHER_EDDSAPH PAD_PKCS1 ALG_MD5;no;		0.014000;0;0;0
SIG_CIPHER_EDDSAPH PAD_PKCS1 ALG_RIPEMD160;no;		0.014000;0;0;0
SIG_CIPHER_EDDSAPH PAD_PKCS1 ALG_SHA_256;no;		0.014000;0;0;0
SIG_CIPHER_EDDSAPH PAD_PKCS1 ALG_SHA_384;no;		0.014000;0;0;0
SIG_CIPHER_EDDSAPH PAD_PKCS1 ALG_SHA_512;no;		0.014000;0;0;0
SIG_CIPHER_EDDSAPH PAD_PKCS1 ALG_SHA_224;no;		0.014000;0;0;0
SIG_CIPHER_EDDSAPH PAD_PKCS1 ALG_SHA3_224;no;		0.014000;0;0;0
SIG_CIPHER_EDDSAPH PAD_PKCS1 ALG_SHA3_256;no;		0.014000;0;0;0
SIG_CIPHER_EDDSAPH PAD_PKCS1 ALG_SHA3_384;no;		0.014000;0;0;0
SIG_CIPHER_EDDSAPH PAD_PKCS1 ALG_SHA3_512;no;		0.014000;0;0;0
SIG_CIPHER_EDDSAPH PAD_PKCS1_PSS ALG_NULL;no;		0.015000;0;0;0
SIG_CIPHER_EDDSAPH PAD_PKCS1_PSS ALG_SHA;no;		0.014000;0;0;0
SIG_CIPHER_EDDSAPH PAD_PKCS1_PSS ALG_MD5;no;		0.015000;0;0;0
SIG_CIPHER_EDDSAPH PAD_PKCS1_PSS ALG_RIPEMD160;no;		0.014000;0;0;0
SIG_CIPHER_EDDSAPH PAD_PKCS1_PSS ALG_SHA_256;no;		0.014000;0;0;0
SIG_CIPHER_EDDSAPH PAD_PKCS1_PSS ALG_SHA_384;no;		0.014000;0;0;0
SIG_CIPHER_EDDSAPH PAD_PKCS1_PSS ALG_SHA_512;no;		0.014000;0;0;0
SIG_CIPHER_EDDSAPH PAD_PKCS1_PSS ALG_SHA_224;no;		0.015000;0;0;0
SIG_CIPHER_EDDSAPH PAD_PKCS1_PSS ALG_SHA3_224;no;		0.014000;0;0;0
SIG_CIPHER_EDDSAPH PAD_PKCS1_PSS ALG_SHA3_256;no;		0.014000;0;0;0
SIG_CIPHER_EDDSAPH PAD_PKCS1_PSS ALG_SHA3_384;no;		0.015000;0;0;0
SIG_CIPHER_EDDSAPH PAD_PKCS1_PSS ALG_SHA3_512;no;		0.014000;0;0;0
SIG_CIPHER_EDDSAPH PAD_PKCS1_OAEP ALG_NULL;no;		0.014000;0;0;0
SIG_CIPHER_EDDSAPH PAD_PKCS1_OAEP ALG_SHA;no;		0.014000;0;0;0
SIG_CIPHER_EDDSAPH PAD_PKCS1_OAEP ALG_MD5;no;		0.014000;0;0;0
SIG_CIPHER_EDDSAPH PAD_PKCS1_OAEP ALG_RIPEMD160;no;		0.015000;0;0;0
SIG_CIPHER_EDDSAPH PAD_PKCS1_OAEP ALG_SHA_256;no;		0.015000;0;0;0
SIG_CIPHER_EDDSAPH PAD_PKCS1_OAEP ALG_SHA_384;no;		0.014000;0;0;0
SIG_CIPHER_EDDSAPH PAD_PKCS1_OAEP ALG_SHA_512;no;		0.014000;0;0;0
SIG_CIPHER_EDDSAPH PAD_PKCS1_OAEP ALG_SHA_224;no;		0.014000;0;0;0
SIG_CIPHER_EDDSAPH PAD_PKCS1_OAEP ALG_SHA3_224;no;		0.014000;0;0;0
SIG_CIPHER_EDDSAPH PAD_PKCS1_OAEP ALG_SHA3_256;no;		0.015000;0;0;0
SIG_CIPHER_EDDSAPH PAD_PKCS1_OAEP ALG_SHA3_384;no;		0.014000;0;0;0
SIG_CIPHER_EDDSAPH PAD_PKCS1_OAEP ALG_SHA3_512;no;		0.014000;0;0;0
SIG_CIPHER_EDDSAPH PAD_ISO9796 ALG_NULL;no;		0.014000;0;0;0
SIG_CIPHER_EDDSAPH PAD_ISO9796 ALG_SHA;no;		0.014000;0;0;0
SIG_CIPHER_EDDSAPH PAD_ISO9796 ALG_MD5;no;		0.014000;0;0;0
SIG_CIPHER_EDDSAPH PAD_ISO9796 ALG_RIPEMD160;no;		0.015000;0;0;0
SIG_CIPHER_EDDSAPH PAD_ISO9796 ALG_SHA_256;no;		0.014000;0;0;0
SIG_CIPHER_EDDSAPH PAD_ISO9796 ALG_SHA_384;no;		0.014000;0;0;0
SIG_CIPHER_EDDSAPH PAD_ISO9796 ALG_SHA_512;no;		0.014000;0;0;0
SIG_CIPHER_EDDSAPH PAD_ISO9796 ALG_SHA_224;no;		0.014000;0;0;0
SIG_CIPHER_EDDSAPH PAD_ISO9796 ALG_SHA3_224;no;		0.014000;0;0;0
SIG_CIPHER_EDDSAPH PAD_ISO9796 ALG_SHA3_256;no;		0.015000;0;0;0
SIG_CIPHER_EDDSAPH PAD_ISO9796 ALG_SHA3_384;no;		0.014000;0;0;0
SIG_CIPHER_EDDSAPH PAD_ISO9796 ALG_SHA3_512;no;		0.014000;0;0;0
SIG_CIPHER_EDDSAPH PAD_ISO9796_MR ALG_NULL;no;		0.014000;0;0;0
SIG_CIPHER_EDDSAPH PAD_ISO9796_MR ALG_SHA;no;		0.014000;0;0;0
SIG_CIPHER_EDDSAPH PAD_ISO9796_MR ALG_MD5;no;		0.015000;0;0;0
SIG_CIPHER_EDDSAPH PAD_ISO9796_MR ALG_RIPEMD160;no;		0.014000;0;0;0
SIG_CIPHER_EDDSAPH PAD_ISO9796_MR ALG_SHA_256;no;		0.014000;0;0;0
SIG_CIPHER_EDDSAPH PAD_ISO9796_MR ALG_SHA_384;no;		0.014000;0;0;0
SIG_CIPHER_EDDSAPH PAD_ISO9796_MR ALG_SHA_512;no;		0.014000;0;0;0
SIG_CIPHER_EDDSAPH PAD_ISO9796_MR ALG_SHA_224;no;		0.014000;0;0;0
SIG_CIPHER_EDDSAPH PAD_ISO9796_MR ALG_SHA3_224;no;		0.015000;0;0;0
SIG_CIPHER_EDDSAPH PAD_ISO9796_MR ALG_SHA3_256;no;		0.014000;0;0;0
SIG_CIPHER_EDDSAPH PAD_ISO9796_MR ALG_SHA3_384;no;		0.015000;0;0;0
SIG_CIPHER_EDDSAPH PAD_ISO9796_MR ALG_SHA3_512;no;		0.014000;0;0;0
SIG_CIPHER_EDDSAPH PAD_RFC2409 ALG_NULL;no;		0.015000;0;0;0
SIG_CIPHER_EDDSAPH PAD_RFC2409 ALG_SHA;no;		0.014000;0;0;0
SIG_CIPHER_EDDSAPH PAD_RFC2409 ALG_MD5;no;		0.014000;0;0;0
SIG_CIPHER_EDDSAPH PAD_RFC2409 ALG_RIPEMD160;no;		0.014000;0;0;0
SIG_CIPHER_EDDSAPH PAD_RFC2409 ALG_SHA_256;no;		0.015000;0;0;0
SIG_CIPHER_EDDSAPH PAD_RFC2409 ALG_SHA_384;no;		0.014000;0;0;0
SIG_CIPHER_EDDSAPH PAD_RFC2409 ALG_SHA_512;no;		0.014000;0;0;0
SIG_CIPHER_EDDSAPH PAD_RFC2409 ALG_SHA_224;no;		0.015000;0;0;0
SIG_CIPHER_EDDSAPH PAD_RFC2409 ALG_SHA3_224;no;		0.014000;0;0;0
SIG_CIPHER_EDDSAPH PAD_RFC2409 ALG_SHA3_256;no;		0.015000;0;0;0
SIG_CIPHER_EDDSAPH PAD_RFC2409 ALG_SHA3_384;no;		0.014000;0;0;0
SIG_CIPHER_EDDSAPH PAD_RFC2409 ALG_SHA3_512;no;		0.014000;0;0;0
SIG_CIPHER_EDDSAPH PAD_PKCS1_OAEP_SHA224 ALG_NULL;no;		0.014000;0;0;0
SIG_CIPHER_EDDSAPH PAD_PKCS1_OAEP_SHA224 ALG_SHA;no;		0.014000;0;0;0
SIG_CIPHER_EDDSAPH PAD_PKCS1_OAEP_SHA224 ALG_MD5;no;		0.015000;0;0;0
SIG_CIPHER_EDDSAPH PAD_PKCS1_OAEP_SHA224 ALG_RIPEMD160;no;		0.014000;0;0;0
SIG_CIPHER_EDDSAPH PAD_PKCS1_OAEP_SHA224 ALG_SHA_256;no;		0.014000;0;0;0
SIG_CIPHER_EDDSAPH PAD_PKCS1_OAEP_SHA224 ALG_SHA_384;no;		0.014000;0;0;0
SIG_CIPHER_EDDSAPH PAD_PKCS1_OAEP_SHA224 ALG_SHA_512;no;		0.015000;0;0;0
SIG_CIPHER_EDDSAPH PAD_PKCS1_OAEP_SHA224 ALG_SHA_224;no;		0.014000;0;0;0
SIG_CIPHER_EDDSAPH PAD_PKCS1_OAEP_SHA224 ALG_SHA3_224;no;		0.014000;0;0;0
SIG_CIPHER_EDDSAPH PAD_PKCS1_OAEP_SHA224 ALG_SHA3_256;no;		0.014000;0;0;0
SIG_CIPHER_EDDSAPH PAD_PKCS1_OAEP_SHA224 ALG_SHA3_384;no;		0.014000;0;0;0
SIG_CIPHER_EDDSAPH PAD_PKCS1_OAEP_SHA224 ALG_SHA3_512;no;		0.015000;0;0;0
SIG_CIPHER_EDDSAPH PAD_PKCS1_OAEP_SHA256 ALG_NULL;no;		0.014000;0;0;0
SIG_CIPHER_EDDSAPH PAD_PKCS1_OAEP_SHA256 ALG_SHA;no;		0.014000;0;0;0
SIG_CIPHER_EDDSAPH PAD_PKCS1_OAEP_SHA256 ALG_MD5;no;		0.015000;0;0;0
SIG_CIPHER_EDDSAPH PAD_PKCS1_OAEP_SHA256 ALG_RIPEMD160;no;		0.014000;0;0;0
SIG_CIPHER_EDDSAPH PAD_PKCS1_OAEP_SHA256 ALG_SHA_256;no;		0.015000;0;0;0
SIG_CIPHER_EDDSAPH PAD_PKCS1_OAEP_SHA256 ALG_SHA_384;no;		0.014000;0;0;0
SIG_CIPHER_EDDSAPH PAD_PKCS1_OAEP_SHA256 ALG_SHA_512;no;		0.014000;0;0;0
SIG_CIPHER_EDDSAPH PAD_PKCS1_OAEP_SHA256 ALG_SHA_224;no;		0.014000;0;0;0
SIG_CIPHER_EDDSAPH PAD_PKCS1_OAEP_SHA256 ALG_SHA3_224;no;		0.014000;0;0;0
SIG_CIPHER_EDDSAPH PAD_PKCS1_OAEP_SHA256 ALG_SHA3_256;no;		0.014000;0;0;0
SIG_CIPHER_EDDSAPH PAD_PKCS1_OAEP_SHA256 ALG_SHA3_384;no;		0.014000;0;0;0
SIG_CIPHER_EDDSAPH PAD_PKCS1_OAEP_SHA256 ALG_SHA3_512;no;		0.014000;0;0;0
SIG_CIPHER_EDDSAPH PAD_PKCS1_OAEP_SHA384 ALG_NULL;no;		0.014000;0;0;0
SIG_CIPHER_EDDSAPH PAD_PKCS1_OAEP_SHA384 ALG_SHA;no;		0.014000;0;0;0
SIG_CIPHER_EDDSAPH PAD_PKCS1_OAEP_SHA384 ALG_MD5;no;		0.014000;0;0;0
SIG_CIPHER_EDDSAPH PAD_PKCS1_OAEP_SHA384 ALG_RIPEMD160;no;		0.014000;0;0;0
SIG_CIPHER_EDDSAPH PAD_PKCS1_OAEP_SHA384 ALG_SHA_256;no;		0.014000;0;0;0
SIG_CIPHER_EDDSAPH PAD_PKCS1_OAEP_SHA384 ALG_SHA_384;no;		0.014000;0;0;0
SIG_CIPHER_EDDSAPH PAD_PKCS1_OAEP_SHA384 ALG_SHA_512;no;		0.014000;0;0;0
SIG_CIPHER_EDDSAPH PAD_PKCS1_OAEP_SHA384 ALG_SHA_224;no;		0.014000;0;0;0
SIG_CIPHER_EDDSAPH PAD_PKCS1_OAEP_SHA384 ALG_SHA3_224;no;		0.014000;0;0;0
SIG_CIPHER_EDDSAPH PAD_PKCS1_OAEP_SHA384 ALG_SHA3_256;no;		0.014000;0;0;0
SIG_CIPHER_EDDSAPH PAD_PKCS1_OAEP_SHA384 ALG_SHA3_384;no;		0.015000;0;0;0
SIG_CIPHER_EDDSAPH PAD_PKCS1_OAEP_SHA384 ALG_SHA3_512;no;		0.014000;0;0;0
SIG_CIPHER_EDDSAPH PAD_PKCS1_OAEP_SHA512 ALG_NULL;no;		0.014000;0;0;0
SIG_CIPHER_EDDSAPH PAD_PKCS1_OAEP_SHA512 ALG_SHA;no;		0.014000;0;0;0
SIG_CIPHER_EDDSAPH PAD_PKCS1_OAEP_SHA512 ALG_MD5;no;		0.014000;0;0;0
SIG_CIPHER_EDDSAPH PAD_PKCS1_OAEP_SHA512 ALG_RIPEMD160;no;		0.015000;0;0;0
SIG_CIPHER_EDDSAPH PAD_PKCS1_OAEP_SHA512 ALG_SHA_256;no;		0.014000;0;0;0
SIG_CIPHER_EDDSAPH PAD_PKCS1_OAEP_SHA512 ALG_SHA_384;no;		0.015000;0;0;0
SIG_CIPHER_EDDSAPH PAD_PKCS1_OAEP_SHA512 ALG_SHA_512;no;		0.014000;0;0;0
SIG_CIPHER_EDDSAPH PAD_PKCS1_OAEP_SHA512 ALG_SHA_224;no;		0.014000;0;0;0
SIG_CIPHER_EDDSAPH PAD_PKCS1_OAEP_SHA512 ALG_SHA3_224;no;		0.015000;0;0;0
SIG_CIPHER_EDDSAPH PAD_PKCS1_OAEP_SHA512 ALG_SHA3_256;no;		0.014000;0;0;0
SIG_CIPHER_EDDSAPH PAD_PKCS1_OAEP_SHA512 ALG_SHA3_384;no;		0.014000;0;0;0
SIG_CIPHER_EDDSAPH PAD_PKCS1_OAEP_SHA512 ALG_SHA3_512;no;		0.015000;0;0;0
SIG_CIPHER_EDDSAPH PAD_PKCS1_OAEP_SHA3_224 ALG_NULL;no;		0.014000;0;0;0
SIG_CIPHER_EDDSAPH PAD_PKCS1_OAEP_SHA3_224 ALG_SHA;no;		0.014000;0;0;0
SIG_CIPHER_EDDSAPH PAD_PKCS1_OAEP_SHA3_224 ALG_MD5;no;		0.015000;0;0;0
SIG_CIPHER_EDDSAPH PAD_PKCS1_OAEP_SHA3_224 ALG_RIPEMD160;no;		0.015000;0;0;0
SIG_CIPHER_EDDSAPH PAD_PKCS1_OAEP_SHA3_224 ALG_SHA_256;no;		0.014000;0;0;0
SIG_CIPHER_EDDSAPH PAD_PKCS1_OAEP_SHA3_224 ALG_SHA_384;no;		0.014000;0;0;0
SIG_CIPHER_EDDSAPH PAD_PKCS1_OAEP_SHA3_224 ALG_SHA_512;no;		0.014000;0;0;0
SIG_CIPHER_EDDSAPH PAD_PKCS1_OAEP_SHA3_224 ALG_SHA_224;no;		0.015000;0;0;0
SIG_CIPHER_EDDSAPH PAD_PKCS1_OAEP_SHA3_224 ALG_SHA3_224;no;		0.014000;0;0;0
SIG_CIPHER_EDDSAPH PAD_PKCS1_OAEP_SHA3_224 ALG_SHA3_256;no;		0.014000;0;0;0
SIG_CIPHER_EDDSAPH PAD_PKCS1_OAEP_SHA3_224 ALG_SHA3_384;no;		0.014000;0;0;0
SIG_CIPHER_EDDSAPH PAD_PKCS1_OAEP_SHA3_224 ALG_SHA3_512;no;		0.014000;0;0;0
SIG_CIPHER_EDDSAPH PAD_PKCS1_OAEP_SHA3_256 ALG_NULL;no;		0.014000;0;0;0
SIG_CIPHER_EDDSAPH PAD_PKCS1_OAEP_SHA3_256 ALG_SHA;no;		0.014000;0;0;0
SIG_CIPHER_EDDSAPH PAD_PKCS1_OAEP_SHA3_256 ALG_MD5;no;		0.015000;0;0;0
SIG_CIPHER_EDDSAPH PAD_PKCS1_OAEP_SHA3_256 ALG_RIPEMD160;no;		0.014000;0;0;0
SIG_CIPHER_EDDSAPH PAD_PKCS1_OAEP_SHA3_256 ALG_SHA_256;no;		0.015000;0;0;0
SIG_CIPHER_EDDSAPH PAD_PKCS1_OAEP_SHA3_256 ALG_SHA_384;no;		0.014000;0;0;0
SIG_CIPHER_EDDSAPH PAD_PKCS1_OAEP_SHA3_256 ALG_SHA_512;no;		0.014000;0;0;0
SIG_CIPHER_EDDSAPH PAD_PKCS1_OAEP_SHA3_256 ALG_SHA_224;no;		0.014000;0;0;0
SIG_CIPHER_EDDSAPH PAD_PKCS1_OAEP_SHA3_256 ALG_SHA3_224;no;		0.014000;0;0;0
SIG_CIPHER_EDDSAPH PAD_PKCS1_OAEP_SHA3_256 ALG_SHA3_256;no;		0.014000;0;0;0
SIG_CIPHER_EDDSAPH PAD_PKCS1_OAEP_SHA3_256 ALG_SHA3_384;no;		0.014000;0;0;0
SIG_CIPHER_EDDSAPH PAD_PKCS1_OAEP_SHA3_256 ALG_SHA3_512;no;		0.014000;0;0;0
SIG_CIPHER_EDDSAPH PAD_PKCS1_OAEP_SHA3_384 ALG_NULL;no;		0.014000;0;0;0
SIG_CIPHER_EDDSAPH PAD_PKCS1_OAEP_SHA3_384 ALG_SHA;no;		0.014000;0;0;0
SIG_CIPHER_EDDSAPH PAD_PKCS1_OAEP_SHA3_384 ALG_MD5;no;		0.015000;0;0;0
SIG_CIPHER_EDDSAPH PAD_PKCS1_OAEP_SHA3_384 ALG_RIPEMD160;no;		0.014000;0;0;0
SIG_CIPHER_EDDSAPH PAD_PKCS1_OAEP_SHA3_384 ALG_SHA_256;no;		0.014000;0;0;0
SIG_CIPHER_EDDSAPH PAD_PKCS1_OAEP_SHA3_384 ALG_SHA_384;no;		0.015000;0;0;0
SIG_CIPHER_EDDSAPH PAD_PKCS1_OAEP_SHA3_384 ALG_SHA_512;no;		0.014000;0;0;0
SIG_CIPHER_EDDSAPH PAD_PKCS1_OAEP_SHA3_384 ALG_SHA_224;no;		0.015000;0;0;0
SIG_CIPHER_EDDSAPH PAD_PKCS1_OAEP_SHA3_384 ALG_SHA3_224;no;		0.014000;0;0;0
SIG_CIPHER_EDDSAPH PAD_PKCS1_OAEP_SHA3_384 ALG_SHA3_256;no;		0.014000;0;0;0
SIG_CIPHER_EDDSAPH PAD_PKCS1_OAEP_SHA3_384 ALG_SHA3_384;no;		0.015000;0;0;0
SIG_CIPHER_EDDSAPH PAD_PKCS1_OAEP_SHA3_384 ALG_SHA3_512;no;		0.014000;0;0;0
SIG_CIPHER_EDDSAPH PAD_PKCS1_OAEP_SHA3_512 ALG_NULL;no;		0.015000;0;0;0
SIG_CIPHER_EDDSAPH PAD_PKCS1_OAEP_SHA3_512 ALG_SHA;no;		0.014000;0;0;0
SIG_CIPHER_EDDSAPH PAD_PKCS1_OAEP_SHA3_512 ALG_MD5;no;		0.015000;0;0;0
SIG_CIPHER_EDDSAPH PAD_PKCS1_OAEP_SHA3_512 ALG_RIPEMD160;no;		0.014000;0;0;0
SIG_CIPHER_EDDSAPH PAD_PKCS1_OAEP_SHA3_512 ALG_SHA_256;no;		0.014000;0;0;0
SIG_CIPHER_EDDSAPH PAD_PKCS1_OAEP_SHA3_512 ALG_SHA_384;no;		0.014000;0;0;0
SIG_CIPHER_EDDSAPH PAD_PKCS1_OAEP_SHA3_512 ALG_SHA_512;no;		0.014000;0;0;0
SIG_CIPHER_EDDSAPH PAD_PKCS1_OAEP_SHA3_512 ALG_SHA_224;no;		0.014000;0;0;0
SIG_CIPHER_EDDSAPH PAD_PKCS1_OAEP_SHA3_512 ALG_SHA3_224;no;		0.014000;0;0;0
SIG_CIPHER_EDDSAPH PAD_PKCS1_OAEP_SHA3_512 ALG_SHA3_256;no;		0.014000;0;0;0
SIG_CIPHER_EDDSAPH PAD_PKCS1_OAEP_SHA3_512 ALG_SHA3_384;no;		0.015000;0;0;0
SIG_CIPHER_EDDSAPH PAD_PKCS1_OAEP_SHA3_512 ALG_SHA3_512;no;		0.014000;0;0;0
SIG_CIPHER_EDDSAPH PAD_ISO9796_MR_SCHEME_2 ALG_NULL;no;		0.014000;0;0;0
SIG_CIPHER_EDDSAPH PAD_ISO9796_MR_SCHEME_2 ALG_SHA;no;		0.015000;0;0;0
SIG_CIPHER_EDDSAPH PAD_ISO9796_MR_SCHEME_2 ALG_MD5;no;		0.014000;0;0;0
SIG_CIPHER_EDDSAPH PAD_ISO9796_MR_SCHEME_2 ALG_RIPEMD160;no;		0.014000;0;0;0
SIG_CIPHER_EDDSAPH PAD_ISO9796_MR_SCHEME_2 ALG_SHA_256;no;		0.015000;0;0;0
SIG_CIPHER_EDDSAPH PAD_ISO9796_MR_SCHEME_2 ALG_SHA_384;no;		0.014000;0;0;0
SIG_CIPHER_EDDSAPH PAD_ISO9796_MR_SCHEME_2 ALG_SHA_512;no;		0.014000;0;0;0
SIG_CIPHER_EDDSAPH PAD_ISO9796_MR_SCHEME_2 ALG_SHA_224;no;		0.014000;0;0;0
SIG_CIPHER_EDDSAPH PAD_ISO9796_MR_SCHEME_2 ALG_SHA3_224;no;		0.015000;0;0;0
SIG_CIPHER_EDDSAPH PAD_ISO9796_MR_SCHEME_2 ALG_SHA3_256;no;		0.014000;0;0;0
SIG_CIPHER_EDDSAPH PAD_ISO9796_MR_SCHEME_2 ALG_SHA3_384;no;		0.014000;0;0;0
SIG_CIPHER_EDDSAPH PAD_ISO9796_MR_SCHEME_2 ALG_SHA3_512;no;		0.014000;0;0;0
SIG_CIPHER_EDDSAPH PAD_ISO9796_MR_SCHEME_3 ALG_NULL;no;		0.014000;0;0;0
SIG_CIPHER_EDDSAPH PAD_ISO9796_MR_SCHEME_3 ALG_SHA;no;		0.014000;0;0;0
SIG_CIPHER_EDDSAPH PAD_ISO9796_MR_SCHEME_3 ALG_MD5;no;		0.014000;0;0;0
SIG_CIPHER_EDDSAPH PAD_ISO9796_MR_SCHEME_3 ALG_RIPEMD160;no;		0.015000;0;0;0
SIG_CIPHER_EDDSAPH PAD_ISO9796_MR_SCHEME_3 ALG_SHA_256;no;		0.014000;0;0;0
SIG_CIPHER_EDDSAPH PAD_ISO9796_MR_SCHEME_3 ALG_SHA_384;no;		0.014000;0;0;0
SIG_CIPHER_EDDSAPH PAD_ISO9796_MR_SCHEME_3 ALG_SHA_512;no;		0.014000;0;0;0
SIG_CIPHER_EDDSAPH PAD_ISO9796_MR_SCHEME_3 ALG_SHA_224;no;		0.014000;0;0;0
SIG_CIPHER_EDDSAPH PAD_ISO9796_MR_SCHEME_3 ALG_SHA3_224;no;		0.014000;0;0;0
SIG_CIPHER_EDDSAPH PAD_ISO9796_MR_SCHEME_3 ALG_SHA3_256;no;		0.014000;0;0;0
SIG_CIPHER_EDDSAPH PAD_ISO9796_MR_SCHEME_3 ALG_SHA3_384;no;		0.014000;0;0;0
SIG_CIPHER_EDDSAPH PAD_ISO9796_MR_SCHEME_3 ALG_SHA3_512;no;		0.015000;0;0;0
